# Blender 5.1.2
# www.blender.org
mtllib tnt_lowerpoly.mtl
o Bigtnt
v 0.001937 -0.125626 -0.764164
v -0.063160 -0.211089 -0.764164
v -0.027479 -0.195274 -0.764164
v -0.011605 -0.089023 -0.764164
v -0.041107 -0.063470 -0.764164
v -0.088489 -0.055211 -0.764164
v -0.138863 -0.084954 -0.764164
v -0.154564 -0.131921 -0.764164
v -0.145716 -0.169933 -0.764164
v -0.112238 -0.204466 -0.764164
v -0.003830 -0.164227 -0.764164
v 0.000169 -0.111475 0.764164
v -0.027479 -0.072119 0.764164
v -0.063160 -0.056304 0.764164
v -0.102045 -0.059636 0.764164
v -0.134518 -0.081289 0.764164
v -0.152541 -0.115908 0.764164
v -0.149014 -0.165302 0.764164
v -0.125785 -0.193737 0.764164
v -0.088489 -0.212182 0.764164
v -0.041107 -0.203923 0.764164
v -0.005295 -0.169719 0.764164
v -0.024413 -0.122177 0.764164
v -0.051412 -0.085799 0.764164
v -0.097120 -0.085069 0.764164
v -0.127792 -0.118403 0.764164
v -0.122516 -0.157854 0.764164
v -0.100198 -0.180876 0.764164
v -0.067477 -0.185291 0.764164
v -0.033696 -0.166938 0.764164
v -0.052518 -0.119513 0.764164
v -0.078784 -0.106882 0.764164
v -0.098032 -0.118826 0.764164
v -0.101304 -0.144811 0.764164
v -0.076827 -0.160634 0.764164
v -0.053753 -0.148730 0.764164
v -0.025259 -0.118883 0.756488
v -0.051495 -0.121374 0.756488
v -0.054960 -0.084129 0.756488
v -0.080226 -0.106472 0.756488
v -0.100198 -0.086517 0.756488
v -0.122516 -0.109539 0.756488
v -0.101954 -0.126050 0.756488
v -0.127792 -0.148990 0.756488
v -0.098032 -0.148567 0.756488
v -0.097120 -0.182324 0.756488
v -0.078784 -0.160511 0.756488
v -0.065152 -0.184848 0.756488
v -0.031392 -0.163766 0.756488
v -0.054905 -0.150316 0.756488
v 0.235031 0.015407 -0.764164
v 0.082700 -0.028728 -0.764164
v 0.208851 0.057446 -0.764164
v 0.165011 0.077230 -0.764164
v 0.108824 0.060950 -0.764164
v 0.081934 0.019360 -0.764164
v 0.113942 -0.067152 -0.764164
v 0.159914 -0.081285 -0.764164
v 0.206112 -0.063446 -0.764164
v 0.229762 -0.032399 -0.764164
v 0.225837 0.038629 0.764164
v 0.179589 0.074449 0.764164
v 0.131543 0.072192 0.764164
v 0.099073 0.050539 0.764164
v 0.081051 0.015921 0.764164
v 0.084578 -0.033473 0.764164
v 0.125973 -0.074810 0.764164
v 0.173920 -0.078593 0.764164
v 0.208848 -0.061183 0.764164
v 0.235031 -0.019143 0.764164
v 0.202201 0.028203 0.764164
v 0.168440 0.049284 0.764164
v 0.130272 0.044655 0.764164
v 0.107115 0.012286 0.764164
v 0.109337 -0.026095 0.764164
v 0.145884 -0.053554 0.764164
v 0.178673 -0.049693 0.764164
v 0.206829 -0.023519 0.764164
v 0.182154 0.008956 0.764164
v 0.158144 0.025657 0.764164
v 0.135559 0.013002 0.764164
v 0.131320 -0.006030 0.764164
v 0.141260 -0.022808 0.764164
v 0.166990 -0.027703 0.764164
v 0.182008 -0.010942 0.764164
v 0.203051 0.025130 0.756488
v 0.178980 0.013023 0.756488
v 0.172218 0.049011 0.756488
v 0.163486 0.024401 0.756488
v 0.126962 0.042554 0.756488
v 0.141260 0.019072 0.756488
v 0.106527 0.009993 0.756488
v 0.131320 0.002296 0.756488
v 0.108878 -0.022940 0.756488
v 0.135560 -0.016738 0.756488
v 0.136475 -0.050497 0.756488
v 0.151679 -0.027710 0.756488
v 0.168440 -0.053018 0.756488
v 0.170943 -0.024673 0.756488
v 0.197236 -0.036869 0.756488
v 0.184070 -0.006214 0.756488
v 0.209511 -0.007247 0.756488
v 0.156396 -0.116421 -0.764164
v 0.130214 -0.074382 -0.764164
v 0.095285 -0.056969 -0.764164
v 0.056288 -0.058539 -0.764164
v 0.016094 -0.084954 -0.764164
v 0.000393 -0.131921 -0.764164
v 0.009241 -0.169933 -0.764164
v 0.042719 -0.204466 -0.764164
v 0.091797 -0.211089 -0.764164
v 0.127478 -0.195274 -0.764164
v 0.151127 -0.164228 -0.764164
v 0.155127 -0.111477 0.764164
v 0.127478 -0.072119 0.764164
v 0.091797 -0.056304 0.764164
v 0.052912 -0.059636 0.764164
v 0.020439 -0.081289 0.764164
v 0.002416 -0.115908 0.764164
v 0.005943 -0.165302 0.764164
v 0.047337 -0.206638 0.764164
v 0.095285 -0.210424 0.764164
v 0.130214 -0.193011 0.764164
v 0.152434 -0.160927 0.764164
v 0.130876 -0.128316 0.764164
v 0.118602 -0.098696 0.764164
v 0.089805 -0.082545 0.764164
v 0.057837 -0.085069 0.764164
v 0.027165 -0.118403 0.764164
v 0.032441 -0.157854 0.764164
v 0.054759 -0.180876 0.764164
v 0.093583 -0.184575 0.764164
v 0.124416 -0.160694 0.764164
v 0.102439 -0.119513 0.764164
v 0.079657 -0.107223 0.764164
v 0.061313 -0.113842 0.764164
v 0.051913 -0.134677 0.764164
v 0.062624 -0.154636 0.764164
v 0.081355 -0.160063 0.764164
v 0.101204 -0.148730 0.764164
v 0.128194 -0.112045 0.756488
v 0.103462 -0.121374 0.756488
v 0.093582 -0.082818 0.756488
v 0.081354 -0.107330 0.756488
v 0.054759 -0.086517 0.756488
v 0.059883 -0.114548 0.756488
v 0.032441 -0.109539 0.756488
v 0.027165 -0.148990 0.756488
v 0.052692 -0.133105 0.756488
v 0.058540 -0.151415 0.756488
v 0.057837 -0.182324 0.756488
v 0.079657 -0.160169 0.756488
v 0.089805 -0.184848 0.756488
v 0.123566 -0.163766 0.756488
v 0.100052 -0.150316 0.756488
v -0.000954 0.139767 -0.764164
v -0.148607 0.095460 -0.764164
v -0.066051 0.054304 -0.764164
v -0.030370 0.070119 -0.764164
v -0.014496 0.176370 -0.764164
v -0.043998 0.201923 -0.764164
v -0.091380 0.210182 -0.764164
v -0.141754 0.180439 -0.764164
v -0.157455 0.133472 -0.764164
v -0.115129 0.060927 -0.764164
v -0.006721 0.101166 -0.764164
v -0.002722 0.153918 0.764164
v -0.030370 0.193274 0.764164
v -0.066051 0.209089 0.764164
v -0.104936 0.205757 0.764164
v -0.137409 0.184104 0.764164
v -0.155432 0.149485 0.764164
v -0.151905 0.100091 0.764164
v -0.128676 0.071656 0.764164
v -0.091380 0.053211 0.764164
v -0.043998 0.061470 0.764164
v -0.008186 0.095675 0.764164
v -0.027304 0.143215 0.764164
v -0.054301 0.179593 0.764164
v -0.100011 0.180324 0.764164
v -0.130683 0.146990 0.764164
v -0.125407 0.107539 0.764164
v -0.103089 0.084517 0.764164
v -0.070368 0.080102 0.764164
v -0.036587 0.098455 0.764164
v -0.060290 0.150436 0.764164
v -0.081675 0.158511 0.764164
v -0.100923 0.146567 0.764164
v -0.104845 0.124050 0.764164
v -0.089506 0.107381 0.764164
v -0.066653 0.107749 0.764164
v -0.052167 0.129294 0.764164
v -0.029654 0.153347 0.756488
v -0.059126 0.149196 0.756488
v -0.064265 0.182575 0.756488
v -0.079718 0.158634 0.756488
v -0.103089 0.178876 0.756488
v -0.104195 0.142811 0.756488
v -0.125407 0.155854 0.756488
v -0.130683 0.116403 0.756488
v -0.097361 0.111175 0.756488
v -0.100011 0.083069 0.756488
v -0.068043 0.080545 0.756488
v -0.068427 0.106915 0.756488
v -0.034283 0.101627 0.756488
v -0.052413 0.127349 0.756488
v 0.075487 0.027227 -0.764164
v 0.053266 0.059313 -0.764164
v 0.009426 0.079097 -0.764164
v -0.038644 0.067188 -0.764164
v -0.065997 0.039349 -0.764164
v -0.076556 0.001775 -0.764164
v -0.067707 -0.036238 -0.764164
v -0.041641 -0.065285 -0.764164
v 0.004331 -0.079418 -0.764164
v 0.058035 -0.056225 -0.764164
v 0.079501 -0.011595 -0.764164
v 0.079501 0.011595 0.764164
v 0.058037 0.056222 0.764164
v 0.004333 0.079418 0.764164
v -0.041641 0.065285 0.764164
v -0.067707 0.036238 0.764164
v -0.076556 -0.001775 0.764164
v -0.065997 -0.039349 0.764164
v -0.038644 -0.067188 0.764164
v 0.009424 -0.079097 0.764164
v 0.043646 -0.065793 0.764164
v 0.072714 -0.036021 0.764164
v 0.052689 0.018004 0.764164
v 0.025232 0.046818 0.764164
v -0.006358 0.052323 0.764164
v -0.039941 0.032493 0.764164
v -0.050406 0.001183 0.764164
v -0.041940 -0.029740 0.764164
v -0.009701 -0.051686 0.764164
v 0.023090 -0.047825 0.764164
v 0.047468 -0.026996 0.764164
v 0.020606 0.018743 0.764164
v -0.000775 0.026814 0.764164
v -0.024078 0.009139 0.764164
v -0.019021 -0.016251 0.764164
v 0.001181 -0.026936 0.764164
v 0.019016 -0.019772 0.764164
v 0.028732 -0.002402 0.764164
v 0.047468 0.026996 0.756488
v 0.028732 0.002402 0.756488
v 0.019016 0.019773 0.756488
v 0.023090 0.047825 0.756488
v 0.001181 0.026937 0.756488
v -0.009701 0.051686 0.756488
v -0.041940 0.029740 0.756488
v -0.019021 0.016251 0.756488
v -0.050406 -0.001183 0.756488
v -0.024078 -0.009139 0.756488
v -0.039941 -0.032493 0.756488
v -0.006358 -0.052323 0.756488
v -0.000775 -0.026813 0.756488
v 0.025232 -0.046818 0.756488
v 0.020606 -0.018743 0.756488
v 0.052689 -0.018004 0.756488
v -0.152679 0.014167 0.759107
v -0.159066 0.009478 0.760103
v -0.155167 0.003297 0.760424
v -0.148496 0.006964 0.759457
v -0.156265 0.003512 0.819039
v -0.148457 0.007432 0.840017
v -0.155077 0.008976 0.849119
v -0.141622 -0.004701 0.876862
v -0.137152 -0.002230 0.884052
v -0.143973 -0.006877 0.887726
v -0.135582 -0.006113 0.912616
v -0.112715 -0.015533 0.943905
v -0.118091 -0.004880 0.933414
v -0.117289 -0.007813 0.947381
v -0.105457 -0.011169 0.951051
v -0.111931 -0.014296 0.957302
v -0.097772 -0.004473 0.981863
v -0.086911 0.015576 1.118592
v -0.083708 0.007810 1.112077
v -0.081420 0.011398 1.117874
v -0.045329 -0.016882 1.231592
v -0.028364 -0.013439 1.279274
v -0.022858 -0.017410 1.293732
v -0.025953 -0.019026 1.261233
v -0.018824 -0.010856 1.283250
v -0.012271 -0.006027 1.327938
v -0.006562 -0.013371 1.316669
v -0.004525 0.003120 1.354090
v -0.001650 -0.002147 1.374492
v 0.000445 0.020113 1.440493
v 0.003215 -0.000436 1.374711
v -0.004590 0.005022 1.396406
v 0.003790 0.014997 1.440289
v 0.000591 0.008922 1.441154
v -0.168583 -0.000189 0.761859
v -0.163918 -0.003540 0.761828
v -0.158653 -0.001648 0.761213
v -0.160839 0.005972 0.760614
v -0.166794 0.005642 0.761234
v -0.157958 0.000727 0.817798
v -0.152542 0.000125 0.813660
v -0.159040 -0.004006 0.824231
v -0.154659 -0.005310 0.801405
v -0.155947 -0.008463 0.825034
v -0.150026 -0.009461 0.826609
v -0.139444 -0.003422 0.873824
v -0.141599 -0.005232 0.843533
v -0.125712 -0.001183 0.900984
v -0.137400 -0.008560 0.878145
v -0.128146 -0.010809 0.887226
v -0.095433 -0.001492 0.963091
v -0.111128 -0.004672 0.939498
v -0.103837 0.004937 0.958689
v -0.106150 0.004979 1.078449
v -0.111006 0.009530 1.089038
v -0.101921 0.009642 1.087991
v -0.045996 -0.009674 1.187241
v -0.047099 -0.017127 1.183698
v -0.046442 -0.011775 1.180730
v -0.052535 -0.011443 1.189460
v -0.043780 -0.019482 1.200257
v -0.025893 -0.018280 1.229566
v -0.013965 -0.011768 1.278960
v -0.018752 -0.004520 1.262145
v -0.021445 -0.007302 1.269895
v -0.018292 -0.010763 1.277633
v -0.011970 -0.007520 1.267997
v -0.010669 0.005857 1.320191
v -0.006346 0.009044 1.384744
v -0.013198 0.004736 1.443290
v -0.012138 0.015552 1.442441
v -0.005700 0.007882 1.442057
v -0.159379 -0.015375 0.762517
v -0.154829 -0.011873 0.761863
v -0.154977 -0.006482 0.761357
v -0.161929 -0.005291 0.761813
v -0.164356 -0.011843 0.762707
v -0.148801 -0.007986 0.816290
v -0.146679 -0.002677 0.813608
v -0.142426 -0.010937 0.824618
v -0.133880 -0.007533 0.831483
v -0.116241 0.005357 0.924136
v -0.106675 0.010803 0.937853
v -0.116115 -0.007597 1.074894
v -0.114226 0.013917 0.988360
v -0.108084 -0.003357 1.074345
v -0.101221 -0.001428 1.088259
v -0.100029 -0.001850 1.102564
v -0.056291 -0.010432 1.161746
v -0.056307 -0.015385 1.151895
v -0.046113 -0.007629 1.163945
v -0.035710 -0.005269 1.180582
v -0.036065 -0.010258 1.200982
v -0.020332 0.008025 1.266164
v -0.030246 -0.002460 1.215313
v -0.020481 0.002141 1.316579
v -0.022949 -0.002150 1.396641
v -0.012728 -0.001565 1.443685
v -0.006084 -0.008812 1.443394
v -0.006631 0.001523 1.442656
v -0.141957 -0.012144 0.760649
v -0.142658 -0.007311 0.760295
v -0.149882 -0.005116 0.760820
v -0.152266 -0.011650 0.761579
v -0.147619 -0.015013 0.761537
v -0.129433 0.019968 0.895027
v -0.134765 0.014061 0.874089
v -0.125999 0.011998 0.898513
v -0.110330 -0.016660 1.050697
v -0.108694 -0.009217 1.067737
v -0.104892 -0.008974 1.048745
v -0.090106 -0.009404 1.081892
v -0.098008 -0.012514 1.087792
v -0.046408 0.008961 1.168242
v -0.039085 0.004135 1.184301
v -0.034704 0.001222 1.173868
v -0.026557 -0.001135 1.345179
v -0.013109 -0.005536 1.379368
v -0.014276 -0.015029 1.385466
v -0.017077 -0.009311 1.356540
v -0.000675 -0.006853 1.442470
v -0.017319 -0.010040 1.391460
v 0.009056 -0.004197 1.441066
v -0.000863 -0.001395 1.442119
v -0.140709 0.006194 0.758768
v -0.148340 0.004799 0.759665
v -0.147449 -0.002503 0.760312
v -0.140213 -0.002219 0.759610
v -0.142715 0.010817 0.862787
v -0.144280 0.020783 0.847522
v -0.126406 -0.013542 0.980800
v -0.116443 -0.016871 0.977176
v -0.108317 -0.008157 0.999589
v -0.118932 -0.007114 0.970660
v -0.103722 -0.016161 0.998292
v -0.097866 -0.015303 1.036710
v -0.095971 -0.006372 1.070891
v -0.072318 0.010954 1.134638
v -0.049463 0.011620 1.164043
v -0.053422 0.005924 1.171007
v -0.034719 -0.004677 1.278157
v -0.018064 -0.009000 1.330062
v -0.020985 -0.018452 1.323470
v -0.021357 -0.012513 1.307327
v -0.007852 -0.008855 1.381125
v -0.019060 -0.015329 1.344245
v -0.001215 -0.012274 1.371078
v -0.000896 -0.001044 1.387050
v 0.004287 0.003831 1.440996
v -0.001924 -0.011443 1.387854
v 0.008231 -0.000236 1.406606
v 0.010393 0.001964 1.440404
v 0.008535 0.011872 1.439917
v 0.077618 0.141624 0.761856
v 0.081500 0.135737 0.761328
v 0.087830 0.138804 0.762082
v 0.085618 0.145738 0.762976
v 0.073180 0.123891 0.825634
v 0.064904 0.127084 0.828286
v 0.063257 0.119155 0.828458
v 0.071201 0.113058 0.844070
v 0.067728 0.091989 0.901981
v 0.070225 0.089668 0.901303
v 0.062695 0.065518 0.947622
v 0.066873 0.073759 0.920740
v 0.060510 0.069297 0.951626
v 0.070311 0.067455 0.945240
v 0.069532 0.074051 0.946900
v 0.062079 0.071287 0.962609
v 0.060958 0.070989 0.993164
v 0.016093 0.061296 1.101097
v 0.052894 0.071475 1.048167
v 0.005733 0.062504 1.109148
v -0.004403 0.028501 1.167600
v 0.000278 0.010667 1.196919
v -0.001360 0.000137 1.193171
v 0.007639 -0.013899 1.263273
v 0.010553 -0.008351 1.238801
v 0.007534 -0.001792 1.237306
v 0.006697 -0.009064 1.277993
v -0.005632 0.002433 1.196872
v 0.015575 -0.003431 1.290989
v 0.012236 -0.002551 1.326743
v 0.019128 -0.010215 1.305937
v 0.009554 0.016453 1.442197
v 0.013678 0.006044 1.354905
v 0.013323 -0.000077 1.375770
v -0.004150 0.013021 1.441026
v 0.001356 0.008024 1.441700
v 0.068169 0.132305 0.759980
v 0.072616 0.129066 0.759868
v 0.078043 0.130823 0.760446
v 0.076980 0.137753 0.761300
v 0.069922 0.138067 0.760973
v 0.076369 0.121249 0.797911
v 0.068488 0.117073 0.819877
v 0.069989 0.107106 0.823459
v 0.074861 0.111509 0.839957
v 0.078739 0.101672 0.870148
v 0.072319 0.092136 0.879369
v 0.078889 0.090157 0.877946
v 0.073989 0.093996 0.895325
v 0.072006 0.083860 0.918173
v 0.075533 0.074877 0.957744
v 0.082066 0.084476 0.928873
v 0.030262 0.069906 1.055644
v 0.040261 0.078964 1.047561
v 0.002735 0.060445 1.096617
v 0.006957 0.049015 1.111522
v 0.004707 0.020356 1.150686
v -0.002759 0.020127 1.153551
v 0.007918 0.005117 1.166999
v 0.013670 0.003883 1.193368
v 0.007408 0.003872 1.198870
v 0.008539 -0.005882 1.202657
v 0.023991 -0.000800 1.278824
v 0.017619 0.003982 1.262482
v 0.014080 -0.000262 1.267909
v 0.010215 0.014520 1.348644
v 0.004246 0.007415 1.348338
v -0.016170 0.005549 1.440532
v -0.010208 0.010213 1.440734
v -0.010183 0.000145 1.441278
v -0.004748 0.006075 1.441348
v 0.077408 0.117187 0.758424
v 0.082718 0.123175 0.759684
v 0.079261 0.127422 0.760051
v 0.074067 0.126952 0.759656
v 0.072382 0.120726 0.758697
v 0.087005 0.097527 0.905752
v 0.082676 0.115512 0.825194
v 0.085430 0.108118 0.884787
v 0.080169 0.104973 0.869452
v 0.077084 0.096570 0.904641
v 0.057738 0.083617 0.958850
v 0.013069 0.064385 1.065967
v 0.017557 0.064478 1.072802
v 0.027882 0.064092 1.046039
v 0.019413 0.056455 1.075318
v 0.008733 0.039489 1.114874
v 0.014803 0.035372 1.116346
v 0.015320 0.019406 1.135791
v 0.015107 0.021431 1.151056
v 0.009046 0.017076 1.157408
v 0.007454 0.022073 1.125936
v 0.019429 0.014776 1.171363
v 0.016641 0.005274 1.176270
v 0.012792 0.007845 1.242078
v 0.021600 0.009019 1.252355
v -0.004993 0.011893 1.343794
v -0.003363 0.005203 1.376226
v -0.002924 -0.000143 1.352308
v -0.011377 -0.004328 1.392791
v -0.001973 -0.001195 1.394465
v -0.010412 -0.004031 1.441435
v -0.002908 -0.010570 1.442346
v -0.004843 -0.000372 1.441663
v 0.094687 0.121138 0.759982
v 0.090895 0.127923 0.760786
v 0.084224 0.124881 0.759992
v 0.086809 0.118120 0.759172
v 0.083058 0.113847 0.886189
v 0.080583 0.117771 0.860431
v 0.082284 0.124578 0.863896
v 0.044071 0.068009 0.974493
v 0.040052 0.074106 0.981526
v 0.023568 0.053043 1.065687
v 0.027126 0.057820 1.075733
v 0.023979 0.057469 1.068787
v 0.028716 0.048748 1.073407
v 0.008489 0.018689 1.215437
v 0.009784 0.022054 1.183045
v 0.015651 0.041724 1.113594
v 0.015984 0.018367 1.174775
v 0.000488 0.001269 1.279155
v 0.004693 0.005353 1.266669
v -0.006205 -0.008382 1.374226
v -0.007426 -0.004849 1.317376
v 0.001950 -0.005322 1.378197
v -0.002868 -0.005310 1.379107
v -0.001021 -0.014893 1.381438
v 0.006474 -0.012244 1.401968
v 0.004391 -0.010271 1.442912
v 0.010362 -0.002006 1.442931
v 0.001305 -0.002423 1.442218
v 0.098478 0.134855 0.762155
v 0.091964 0.139474 0.762390
v 0.087314 0.133907 0.761415
v 0.093321 0.129520 0.761045
v 0.071351 0.124209 0.858013
v 0.076285 0.122421 0.835163
v 0.072137 0.113939 0.866315
v 0.065454 0.122189 0.861183
v 0.057624 0.068858 0.949980
v 0.050267 0.055113 0.991857
v 0.056590 0.063307 0.976782
v 0.048794 0.064841 0.994910
v 0.049156 0.066601 0.952591
v 0.050939 0.055760 1.020860
v 0.039003 0.058662 1.044024
v 0.032387 0.064241 1.071571
v 0.029720 0.057296 1.082103
v 0.037677 0.061483 1.085554
v 0.011219 0.049602 1.128087
v 0.017902 0.045722 1.119918
v 0.002117 0.013442 1.193157
v 0.002113 0.008525 1.235837
v -0.005665 0.010514 1.225053
v 0.000556 -0.011680 1.282715
v 0.004833 -0.004168 1.287181
v -0.002907 -0.001238 1.277429
v 0.011792 -0.014824 1.343952
v 0.001380 -0.013807 1.325054
v 0.014039 -0.005718 1.358630
v 0.008307 -0.004838 1.347736
v 0.007099 -0.008057 1.379490
v 0.011413 -0.007093 1.403493
v 0.013740 0.007342 1.442681
v 0.007967 0.000071 1.397956
v 0.012064 0.002524 1.442785
v 0.005124 0.002830 1.442238
v 0.238703 -0.004053 -0.672805
v 0.227066 0.050578 -0.672805
v 0.168521 0.155148 -0.672805
v 0.127342 0.198425 -0.672805
v 0.074674 0.217423 -0.672805
v -0.014831 0.222479 -0.672805
v -0.102755 0.213684 -0.672805
v -0.151175 0.177900 -0.672805
v -0.201101 0.100410 -0.672805
v -0.234097 0.026203 -0.672805
v -0.234773 -0.034309 -0.672805
v -0.215671 -0.088867 -0.672805
v -0.160446 -0.170462 -0.672805
v -0.101434 -0.215728 -0.672805
v -0.045277 -0.230370 -0.672805
v 0.047097 -0.229415 -0.672805
v 0.127325 -0.203825 -0.672805
v 0.192704 -0.124613 -0.672805
v 0.225715 -0.060035 -0.672805
v 0.238703 -0.004053 -0.579358
v 0.227073 0.050545 -0.579358
v 0.168546 0.155121 -0.579358
v 0.127342 0.198425 -0.579358
v 0.074674 0.217423 -0.579358
v -0.004499 0.222672 -0.579358
v -0.102755 0.213684 -0.579358
v -0.151175 0.177900 -0.579358
v -0.196759 0.108420 -0.579358
v -0.234097 0.026203 -0.579358
v -0.234773 -0.034309 -0.579358
v -0.207708 -0.106544 -0.579358
v -0.145772 -0.183304 -0.579358
v -0.101434 -0.215728 -0.579358
v -0.045277 -0.230370 -0.579358
v 0.036579 -0.231042 -0.579358
v 0.127325 -0.203825 -0.579358
v 0.189503 -0.129429 -0.579358
v 0.225715 -0.060035 -0.579358
v 0.228931 -0.004053 -0.672805
v 0.217601 0.048148 -0.672805
v 0.228931 -0.004053 -0.579358
v 0.217703 0.047631 -0.579358
v 0.161022 0.148842 -0.672805
v 0.161423 0.148432 -0.579358
v 0.122106 0.190175 -0.672805
v 0.122106 0.190175 -0.579358
v 0.071655 0.208130 -0.672805
v 0.071655 0.208130 -0.579358
v -0.013510 0.212673 -0.672805
v -0.003701 0.212836 -0.579358
v -0.098595 0.204843 -0.672805
v -0.098595 0.204843 -0.579358
v -0.144947 0.170371 -0.672805
v -0.144947 0.170371 -0.579358
v -0.191993 0.096606 -0.672805
v -0.187929 0.104091 -0.579358
v -0.224403 0.024978 -0.672805
v -0.224403 0.024978 -0.579358
v -0.221075 -0.055167 -0.672805
v -0.225078 -0.033084 -0.579358
v -0.199012 -0.101962 -0.579358
v -0.153405 -0.163594 -0.672805
v -0.139543 -0.175775 -0.579358
v -0.097274 -0.206886 -0.672805
v -0.085413 -0.213273 -0.579358
v -0.043446 -0.220772 -0.672805
v 0.044934 -0.219803 -0.672805
v 0.034869 -0.221342 -0.579358
v 0.122089 -0.195574 -0.672805
v 0.122089 -0.195574 -0.579358
v 0.184786 -0.118781 -0.672805
v 0.182055 -0.122920 -0.579358
v 0.216250 -0.057605 -0.672805
v 0.216250 -0.057605 -0.579358
v 0.074720 -0.135939 0.709327
v 0.073823 -0.143164 0.711516
v 0.080621 -0.144620 0.712111
v 0.083345 -0.139855 0.710789
v 0.069633 -0.125595 0.783830
v 0.073082 -0.126357 0.749561
v 0.058732 -0.119880 0.796067
v 0.059744 -0.119801 0.826471
v 0.062721 -0.113414 0.858682
v 0.065508 -0.106325 0.860076
v 0.063527 -0.110697 0.835159
v 0.058208 -0.099653 0.871356
v 0.060359 -0.100595 0.895504
v 0.055800 -0.095738 0.898429
v 0.065232 -0.095398 0.898706
v 0.058638 -0.086388 0.901932
v 0.052632 -0.073937 0.942015
v 0.062596 -0.072687 0.937884
v 0.056151 -0.060057 0.957387
v 0.045120 -0.048604 1.018969
v 0.048343 -0.058301 0.968129
v 0.054452 -0.067813 0.961416
v 0.058737 -0.066651 0.961212
v 0.046166 -0.047329 1.004669
v 0.024320 -0.048365 1.053262
v 0.033199 -0.049239 1.045862
v 0.029327 -0.043063 1.035372
v 0.002158 -0.032068 1.096278
v 0.007978 -0.033180 1.109303
v -0.002701 -0.023700 1.127761
v -0.006489 -0.031827 1.136331
v 0.000782 -0.034769 1.122181
v -0.003794 -0.024303 1.164927
v -0.000803 -0.033360 1.162240
v 0.000652 -0.028240 1.167932
v -0.009146 -0.028345 1.162703
v 0.008929 -0.036680 1.278807
v -0.003190 -0.037904 1.209668
v 0.007647 -0.041125 1.239158
v 0.012910 -0.033275 1.251622
v 0.009169 -0.030290 1.263532
v 0.006458 -0.033275 1.269369
v 0.019263 -0.032372 1.299265
v 0.013104 -0.011628 1.346316
v 0.010170 -0.017345 1.339782
v 0.012711 -0.014222 1.374085
v 0.020121 -0.014473 1.350329
v 0.010766 -0.000536 1.387282
v 0.004808 -0.008481 1.387909
v 0.003705 0.004305 1.432139
v -0.006280 0.005486 1.431192
v 0.000813 -0.001990 1.432770
v 0.063074 -0.148972 0.712774
v 0.070507 -0.151817 0.713938
v 0.073765 -0.145793 0.712273
v 0.066641 -0.141979 0.710913
v 0.071431 -0.138674 0.758137
v 0.066889 -0.134221 0.768434
v 0.063980 -0.142794 0.770172
v 0.063853 -0.133757 0.796894
v 0.070657 -0.139285 0.790755
v 0.067873 -0.119184 0.842456
v 0.072696 -0.127695 0.800445
v 0.067744 -0.115189 0.842208
v 0.077781 -0.115899 0.847513
v 0.070084 -0.126766 0.831554
v 0.075624 -0.110713 0.844786
v 0.068462 -0.098359 0.870359
v 0.075171 -0.101070 0.881021
v 0.065844 -0.079352 0.899116
v 0.064190 -0.071836 0.927266
v 0.062471 -0.076707 0.918151
v 0.072273 -0.077965 0.905917
v 0.053597 -0.062335 0.938836
v 0.062364 -0.059428 0.939913
v 0.062161 -0.061746 0.925517
v 0.045351 -0.050455 0.983127
v 0.045974 -0.044532 0.978367
v 0.042125 -0.046781 0.967187
v 0.006424 -0.052569 1.068156
v 0.021738 -0.052247 1.039050
v 0.003586 -0.044587 1.079024
v -0.000885 -0.040265 1.106283
v 0.009196 -0.043888 1.097538
v -0.001315 -0.034892 1.146997
v 0.004245 -0.044085 1.134426
v -0.002462 -0.044232 1.133378
v 0.007175 -0.037621 1.147377
v 0.004006 -0.033047 1.162251
v 0.012428 -0.033548 1.235265
v 0.018254 -0.037693 1.219268
v 0.018845 -0.027241 1.233042
v 0.012865 -0.026727 1.240647
v 0.023328 -0.024391 1.265258
v 0.011229 -0.019804 1.289971
v 0.015735 -0.023855 1.290971
v 0.016054 -0.008544 1.316806
v 0.002217 -0.009899 1.343258
v 0.003985 -0.010707 1.360337
v 0.004399 -0.005148 1.378038
v 0.000631 0.000100 1.367174
v -0.016692 -0.003435 1.431586
v -0.010548 0.000937 1.431458
v -0.011201 -0.009036 1.432829
v -0.005391 -0.003544 1.432494
v 0.068522 -0.162477 0.716943
v 0.076855 -0.160082 0.716451
v 0.076419 -0.154646 0.714917
v 0.068839 -0.153805 0.714430
v 0.077025 -0.140649 0.762383
v 0.073706 -0.142196 0.768574
v 0.080615 -0.149619 0.765166
v 0.084666 -0.138919 0.780840
v 0.082242 -0.137705 0.772525
v 0.076446 -0.126088 0.809724
v 0.078135 -0.138918 0.791406
v 0.083877 -0.125997 0.816004
v 0.085599 -0.111614 0.830740
v 0.079995 -0.106073 0.831455
v 0.075855 -0.109666 0.831469
v 0.078027 -0.097661 0.863310
v 0.069926 -0.085137 0.884730
v 0.068892 -0.092005 0.869533
v 0.074465 -0.082070 0.872375
v 0.061808 -0.077905 0.885456
v 0.068064 -0.073046 0.897852
v 0.036548 -0.047690 0.949492
v 0.043581 -0.054586 0.951921
v 0.032063 -0.058660 0.961793
v 0.020684 -0.057511 1.054841
v 0.018835 -0.064903 1.063172
v 0.020492 -0.059353 1.069221
v 0.015442 -0.056880 1.049601
v 0.010048 -0.060459 1.074957
v 0.010122 -0.032501 1.152084
v 0.012630 -0.056830 1.100721
v 0.015440 -0.026160 1.166350
v 0.020752 -0.020592 1.217283
v 0.011692 -0.034956 1.167592
v 0.009785 -0.017520 1.239196
v 0.011965 -0.021556 1.250658
v 0.010521 -0.009839 1.263313
v 0.004235 -0.016233 1.310113
v -0.008421 -0.009509 1.339407
v 0.001519 -0.007300 1.323253
v -0.004413 -0.010490 1.374973
v -0.003532 -0.018009 1.343921
v -0.012202 -0.018017 1.385938
v -0.002667 -0.015059 1.385288
v -0.011750 -0.013158 1.433322
v -0.004744 -0.020098 1.434872
v -0.005933 -0.009899 1.433334
v 0.088280 -0.154163 0.715073
v 0.078572 -0.157074 0.715648
v 0.085882 -0.132934 0.779465
v 0.084942 -0.163098 0.717634
v 0.085640 -0.138153 0.747212
v 0.081274 -0.139761 0.757416
v 0.090906 -0.141076 0.759395
v 0.088894 -0.122243 0.782447
v 0.077305 -0.119354 0.796417
v 0.078809 -0.111793 0.818736
v 0.076649 -0.110354 0.803728
v 0.079227 -0.099995 0.831993
v 0.075433 -0.097156 0.825832
v 0.042941 -0.063266 0.931399
v 0.038909 -0.064071 0.919330
v 0.044404 -0.072499 0.916784
v 0.036672 -0.063190 0.981650
v 0.025561 -0.063320 1.040363
v 0.027333 -0.069504 1.001094
v 0.024524 -0.064027 1.065274
v 0.030548 -0.071449 1.034990
v 0.034835 -0.064436 1.046953
v 0.027444 -0.057527 1.057203
v 0.030055 -0.062255 1.072692
v 0.015361 -0.032531 1.138175
v 0.011540 -0.026822 1.142016
v 0.015506 -0.017340 1.154774
v 0.010904 -0.015259 1.163941
v 0.008702 -0.019993 1.157720
v 0.015586 -0.023565 1.167913
v 0.006749 -0.021146 1.222441
v 0.011908 -0.013877 1.206203
v 0.003035 -0.020392 1.214709
v 0.001991 -0.017497 1.279688
v -0.006106 -0.017556 1.267390
v 0.000248 -0.011715 1.246374
v 0.000781 -0.022175 1.311255
v -0.007823 -0.026692 1.314762
v -0.000172 -0.026780 1.314457
v -0.003517 -0.020455 1.371792
v -0.006399 -0.024058 1.372307
v 0.000020 -0.029964 1.376919
v 0.002554 -0.018297 1.388283
v 0.001525 -0.019062 1.435202
v 0.010141 -0.014297 1.435254
v 0.000030 -0.012315 1.434142
v 0.086286 -0.141895 0.711448
v 0.082299 -0.147110 0.712900
v 0.087154 -0.151925 0.714395
v 0.093249 -0.147717 0.713403
v 0.078779 -0.134560 0.747716
v 0.079762 -0.121439 0.779847
v 0.086099 -0.125435 0.755708
v 0.073121 -0.112853 0.780405
v 0.069518 -0.118942 0.789588
v 0.070739 -0.105297 0.808195
v 0.047331 -0.090948 0.875770
v 0.058261 -0.091994 0.866676
v 0.041403 -0.069797 0.951679
v 0.052619 -0.082233 0.919191
v 0.045485 -0.066166 0.961486
v 0.044528 -0.063551 1.027528
v 0.045310 -0.080598 0.943913
v 0.045243 -0.057119 1.030696
v 0.040151 -0.055006 1.026615
v 0.033307 -0.057555 1.055314
v 0.031431 -0.052082 1.048754
v 0.039305 -0.051291 1.057930
v 0.015336 -0.023797 1.108586
v 0.011645 -0.031422 1.112487
v 0.015614 -0.027916 1.121829
v 0.005152 -0.013885 1.148152
v 0.001180 -0.020131 1.135825
v 0.003814 -0.017305 1.177062
v -0.001557 -0.024529 1.176088
v 0.002967 -0.023489 1.162861
v -0.006707 -0.018093 1.195304
v 0.002955 -0.028098 1.262512
v 0.003080 -0.032222 1.256049
v -0.001536 -0.026024 1.263585
v -0.001181 -0.036256 1.271709
v -0.007275 -0.031070 1.252789
v 0.006290 -0.036335 1.313868
v 0.012781 -0.027897 1.333623
v 0.007673 -0.023187 1.339414
v 0.006228 -0.023364 1.372036
v 0.003620 -0.032416 1.334999
v 0.016667 -0.017553 1.388545
v 0.007232 -0.013938 1.389348
v 0.011687 -0.027106 1.371906
v 0.011146 -0.008095 1.434456
v 0.009290 0.001741 1.432950
v 0.004208 -0.007365 1.433786
v -0.086877 0.141936 0.762463
v -0.083100 0.135762 0.761458
v -0.076367 0.139434 0.761178
v -0.078877 0.145777 0.762176
v -0.082361 0.125681 0.814342
v -0.077106 0.122337 0.839654
v -0.086399 0.118570 0.853549
v -0.058450 0.090824 0.925608
v -0.070624 0.102081 0.875473
v -0.049197 0.090492 0.930552
v -0.049194 0.080348 0.937555
v -0.036275 0.076488 0.946732
v -0.025099 0.076459 0.971994
v -0.028765 0.072545 0.991375
v -0.042190 0.076085 0.943249
v -0.017673 0.061235 1.048766
v -0.013899 0.070257 1.041040
v -0.032037 0.026345 1.153209
v -0.030509 0.021324 1.141554
v -0.034996 0.024405 1.155173
v -0.029872 0.015075 1.155912
v -0.018476 0.006406 1.227388
v -0.008274 -0.006140 1.277476
v -0.004480 0.000617 1.256048
v -0.003029 -0.007358 1.268232
v 0.002078 -0.001683 1.329055
v 0.010273 -0.000611 1.320433
v 0.005523 0.003870 1.326413
v 0.009800 0.000403 1.360364
v 0.012172 0.010641 1.379079
v 0.003427 0.011672 1.442409
v -0.006573 0.013251 1.442434
v 0.000383 0.005429 1.442082
v -0.096570 0.132274 0.762318
v -0.092271 0.128982 0.761572
v -0.086678 0.130840 0.761262
v -0.087586 0.137804 0.762094
v -0.094702 0.138086 0.762884
v -0.079523 0.118035 0.810742
v -0.082650 0.125483 0.801029
v -0.086693 0.115084 0.823501
v -0.083531 0.110467 0.823700
v -0.077985 0.109441 0.823994
v -0.072884 0.110337 0.832660
v -0.070124 0.111374 0.855365
v -0.079001 0.113262 0.841285
v -0.063205 0.096929 0.873887
v -0.058381 0.106107 0.874613
v -0.044091 0.094609 0.930103
v -0.043214 0.089939 0.929567
v -0.028219 0.085524 1.007441
v -0.022254 0.086927 0.980046
v -0.025861 0.067204 1.053280
v -0.040894 0.032075 1.114147
v -0.031048 0.013047 1.133730
v -0.033221 0.004801 1.152852
v -0.028700 0.014614 1.152021
v -0.013870 -0.003308 1.190337
v -0.014112 0.006141 1.187662
v -0.020606 0.004014 1.192574
v -0.011280 -0.003248 1.215578
v 0.006046 0.008157 1.266990
v 0.001650 0.002558 1.277540
v 0.006516 0.001627 1.276488
v -0.003179 0.012706 1.350800
v 0.001043 0.012282 1.383244
v -0.004776 0.019168 1.378445
v -0.005070 0.006665 1.397160
v -0.010915 0.008847 1.442188
v -0.015486 -0.000144 1.441753
v -0.005920 0.004070 1.441982
v -0.087641 0.117126 0.759722
v -0.082568 0.121670 0.759818
v -0.086981 0.127529 0.760890
v -0.092843 0.123986 0.761123
v -0.075907 0.109663 0.807620
v -0.068490 0.111270 0.839391
v -0.061097 0.109946 0.831528
v -0.068032 0.115597 0.838544
v -0.041190 0.092778 0.977685
v -0.035918 0.104481 0.942986
v -0.038819 0.104340 0.969667
v -0.026124 0.025080 1.101040
v -0.026758 0.017141 1.127442
v -0.034939 0.022169 1.108750
v -0.030350 0.014813 1.110647
v -0.020280 0.007795 1.132270
v -0.016674 0.012496 1.146857
v -0.019554 0.002270 1.154667
v -0.003967 0.015519 1.214923
v -0.012351 0.007912 1.185504
v 0.004006 0.010835 1.226387
v -0.009626 0.013383 1.308582
v -0.005920 0.013400 1.339670
v -0.016112 0.009814 1.368507
v -0.004866 -0.011229 1.441390
v -0.010774 -0.013007 1.441154
v -0.012624 -0.005664 1.441486
v -0.006608 -0.002316 1.441679
v -0.070348 0.121088 0.758436
v -0.074611 0.128061 0.759781
v -0.079432 0.126110 0.760009
v -0.080711 0.121006 0.759539
v -0.075316 0.117438 0.758601
v -0.054026 0.121320 0.908244
v -0.065092 0.123680 0.882299
v -0.060781 0.119511 0.880930
v -0.045860 0.067656 0.999998
v -0.033234 0.056972 1.018345
v -0.026828 0.053426 1.051880
v -0.029832 0.042773 1.061019
v -0.017996 0.039406 1.070888
v -0.014009 0.024724 1.139781
v -0.012677 0.015685 1.123795
v -0.018839 0.016318 1.135625
v -0.008372 0.013825 1.271081
v -0.011641 0.024604 1.233377
v -0.017139 0.000948 1.343501
v -0.008786 -0.002173 1.383171
v -0.012290 -0.008207 1.369029
v -0.005889 -0.003227 1.353245
v -0.003006 -0.012590 1.393225
v -0.001926 -0.002739 1.395181
v 0.000646 -0.011747 1.441275
v 0.009402 -0.007284 1.441571
v -0.000724 -0.004983 1.441588
v -0.068610 0.138706 0.760243
v -0.076219 0.137275 0.760932
v -0.075511 0.129967 0.760056
v -0.067527 0.130787 0.759312
v -0.070646 0.128383 0.825568
v -0.069802 0.129077 0.863864
v -0.076990 0.128013 0.853438
v -0.062201 0.107892 0.911380
v -0.069510 0.105700 0.914907
v -0.040427 0.072740 0.981665
v -0.046498 0.070970 0.964123
v -0.010682 0.051511 1.044900
v -0.035712 0.061738 0.996538
v -0.029043 0.067908 1.003910
v -0.020755 0.051241 1.060818
v -0.021164 0.053243 1.023190
v -0.015835 0.056266 1.064164
v -0.021047 0.022126 1.147261
v -0.027579 0.021558 1.185817
v -0.014283 0.002576 1.300398
v -0.011684 0.005842 1.270008
v -0.018612 -0.001105 1.275889
v -0.011344 0.001026 1.270902
v -0.007760 -0.002002 1.332043
v -0.005048 -0.009512 1.322368
v 0.002248 -0.000804 1.378098
v 0.011265 -0.005511 1.382709
v 0.003962 -0.001100 1.354865
v -0.002237 -0.007967 1.360737
v 0.005848 -0.008290 1.388455
v 0.010537 -0.001053 1.441845
v 0.008990 0.008677 1.442323
v 0.003641 -0.000177 1.441839
v 0.121811 0.197383 -0.764164
v 0.154661 0.148977 -0.764164
v 0.073954 0.210102 -0.764164
v 0.036571 0.198884 -0.764164
v 0.009217 0.171046 -0.764164
v -0.001341 0.133472 -0.764164
v 0.007506 0.095461 -0.764164
v 0.040984 0.060927 -0.764164
v 0.099220 0.055380 -0.764164
v 0.145470 0.091204 -0.764164
v 0.153392 0.153920 0.764164
v 0.125743 0.193275 0.764164
v 0.090064 0.209089 0.764164
v 0.051176 0.205757 0.764164
v 0.018704 0.184104 0.764164
v -0.002000 0.139120 0.764164
v 0.014359 0.082954 0.764164
v 0.054553 0.056539 0.764164
v 0.104073 0.056957 0.764164
v 0.147928 0.095676 0.764164
v 0.121831 0.161766 0.764164
v 0.082130 0.184429 0.764164
v 0.039190 0.169995 0.764164
v 0.024808 0.132880 0.764164
v 0.033277 0.101952 0.764164
v 0.059819 0.082323 0.764164
v 0.091849 0.080819 0.764164
v 0.126461 0.110048 0.764164
v 0.100704 0.145881 0.764164
v 0.074439 0.158511 0.764164
v 0.053038 0.143812 0.764164
v 0.052808 0.121159 0.764164
v 0.072994 0.104474 0.764164
v 0.099469 0.116661 0.764164
v 0.126461 0.153345 0.756488
v 0.101727 0.144020 0.756488
v 0.091849 0.182575 0.756488
v 0.076397 0.158634 0.756488
v 0.059819 0.181070 0.756488
v 0.033277 0.161441 0.756488
v 0.053982 0.145530 0.756488
v 0.024808 0.130513 0.756488
v 0.052182 0.122741 0.756488
v 0.039190 0.093399 0.756488
v 0.070908 0.104871 0.756488
v 0.082130 0.078965 0.756488
v 0.121831 0.101627 0.756488
v 0.098317 0.115076 0.756488
v 0.238703 -0.004053 -0.095121
v 0.227066 0.050578 -0.095121
v 0.168521 0.155148 -0.095121
v 0.127342 0.198425 -0.095121
v 0.074674 0.217423 -0.095121
v -0.014831 0.222479 -0.095121
v -0.102755 0.213684 -0.095121
v -0.151175 0.177900 -0.095121
v -0.201101 0.100410 -0.095121
v -0.234097 0.026203 -0.095121
v -0.234773 -0.034309 -0.095121
v -0.215671 -0.088867 -0.095121
v -0.160446 -0.170462 -0.095121
v -0.101434 -0.215728 -0.095121
v -0.045277 -0.230370 -0.095121
v 0.047097 -0.229415 -0.095121
v 0.127325 -0.203825 -0.095121
v 0.192704 -0.124613 -0.095121
v 0.225715 -0.060035 -0.095121
v 0.238703 -0.004053 -0.001675
v 0.227073 0.050546 -0.001675
v 0.168546 0.155121 -0.001675
v 0.127342 0.198425 -0.001675
v 0.074674 0.217423 -0.001675
v -0.004499 0.222672 -0.001675
v -0.102755 0.213684 -0.001675
v -0.151175 0.177900 -0.001675
v -0.196759 0.108420 -0.001675
v -0.234097 0.026203 -0.001675
v -0.234773 -0.034309 -0.001675
v -0.207708 -0.106544 -0.001675
v -0.145772 -0.183304 -0.001675
v -0.101434 -0.215728 -0.001675
v -0.045277 -0.230370 -0.001675
v 0.036579 -0.231042 -0.001675
v 0.127325 -0.203825 -0.001675
v 0.189503 -0.129429 -0.001675
v 0.225715 -0.060035 -0.001675
v 0.228931 -0.004053 -0.095121
v 0.217601 0.048148 -0.095121
v 0.228931 -0.004053 -0.001675
v 0.217703 0.047632 -0.001675
v 0.161022 0.148842 -0.095121
v 0.161423 0.148432 -0.001675
v 0.122106 0.190175 -0.095121
v 0.122106 0.190175 -0.001675
v 0.071655 0.208130 -0.095121
v 0.071655 0.208130 -0.001675
v -0.013510 0.212673 -0.095121
v -0.003701 0.212836 -0.001675
v -0.098595 0.204843 -0.095121
v -0.098595 0.204843 -0.001675
v -0.144947 0.170371 -0.095121
v -0.144947 0.170371 -0.001675
v -0.191993 0.096606 -0.095121
v -0.187929 0.104091 -0.001675
v -0.224403 0.024978 -0.095121
v -0.224403 0.024978 -0.001675
v -0.221075 -0.055167 -0.095121
v -0.225078 -0.033084 -0.001675
v -0.199012 -0.101962 -0.001675
v -0.153405 -0.163594 -0.095121
v -0.139543 -0.175775 -0.001675
v -0.097274 -0.206886 -0.095121
v -0.085413 -0.213273 -0.001675
v -0.043446 -0.220772 -0.095121
v 0.044934 -0.219803 -0.095121
v 0.034869 -0.221342 -0.001675
v 0.122089 -0.195574 -0.095121
v 0.122089 -0.195574 -0.001675
v 0.184786 -0.118781 -0.095121
v 0.182055 -0.122920 -0.001675
v 0.216250 -0.057605 -0.095121
v 0.216250 -0.057605 -0.001675
v -0.004479 0.014904 0.759529
v -0.005756 0.008794 0.760356
v 0.001603 0.005614 0.759994
v 0.003400 0.013489 0.759062
v -0.006078 0.013911 0.824110
v -0.003749 0.005311 0.823957
v -0.014157 0.005462 0.852950
v -0.012102 -0.009649 0.904363
v -0.013741 -0.013935 0.947121
v -0.005347 -0.005239 0.898449
v -0.007071 -0.000170 0.899078
v -0.013892 -0.012402 0.963363
v -0.008722 -0.014181 0.935431
v -0.004326 -0.010680 0.956119
v -0.013104 -0.007170 0.959171
v -0.007994 -0.005467 0.961207
v 0.002683 0.006566 1.054914
v 0.005435 0.003098 1.070143
v 0.010772 0.007201 1.045090
v -0.021459 0.015302 1.123249
v -0.026721 0.009101 1.122710
v -0.016200 0.009188 1.123992
v -0.028594 -0.001725 1.157500
v -0.021365 -0.000841 1.153284
v -0.020062 0.003672 1.159665
v -0.024079 0.005427 1.162972
v -0.029083 0.002531 1.162558
v -0.011293 -0.017485 1.212701
v -0.002780 -0.012627 1.244753
v 0.004129 -0.021969 1.248002
v 0.001084 -0.013434 1.231650
v 0.002716 -0.020340 1.267993
v 0.016110 -0.017801 1.287870
v 0.010775 -0.010844 1.293609
v 0.008838 -0.013677 1.305026
v 0.017894 -0.014883 1.328350
v 0.011899 0.003154 1.365570
v 0.010061 -0.001285 1.372621
v 0.012935 -0.002369 1.381624
v 0.022451 -0.003139 1.354410
v 0.011012 0.010842 1.396434
v 0.001303 0.012845 1.441672
v -0.008769 0.013550 1.440269
v -0.001318 0.006403 1.441726
v -0.015118 0.006640 0.761347
v -0.012427 -0.001932 0.761914
v -0.007271 -0.000196 0.761385
v -0.005735 0.004373 0.760742
v -0.009401 0.008565 0.760729
v -0.003601 -0.005336 0.873740
v -0.011820 -0.001834 0.811697
v -0.001155 0.000908 0.838012
v -0.003172 -0.002160 0.872832
v -0.005276 -0.008494 0.845106
v 0.000207 -0.009833 0.859115
v 0.004712 -0.008604 0.872813
v 0.000327 0.001006 0.894791
v 0.005122 -0.002360 0.924425
v -0.006721 -0.003482 0.960733
v -0.006758 -0.003377 0.954292
v -0.009383 0.011897 1.051592
v -0.001208 0.011271 1.062254
v -0.007238 0.004067 1.047789
v -0.006360 0.003446 1.064403
v -0.031038 -0.004060 1.118486
v -0.029670 0.002214 1.123665
v -0.023572 -0.009639 1.140641
v -0.022454 0.001050 1.121049
v -0.024742 -0.015587 1.160447
v -0.020950 -0.005981 1.159860
v -0.028576 -0.007294 1.155544
v -0.010573 -0.010415 1.177130
v -0.003443 -0.020731 1.192746
v -0.008735 -0.014596 1.198344
v 0.013240 -0.018703 1.233274
v 0.006235 -0.010755 1.228770
v 0.011381 -0.013113 1.223024
v 0.004736 -0.018621 1.231395
v 0.018813 -0.003604 1.285308
v 0.012234 -0.005831 1.282098
v 0.014318 0.007101 1.350114
v 0.003221 0.006099 1.354179
v 0.006528 0.001189 1.351263
v -0.001200 0.002363 1.397090
v -0.014688 0.010139 1.439715
v -0.016486 -0.000539 1.440175
v -0.007398 0.004514 1.441036
v -0.006804 -0.013625 0.762491
v -0.001456 -0.007917 0.761554
v -0.004794 -0.003414 0.761421
v -0.010182 -0.003758 0.761909
v 0.011418 -0.000440 0.874998
v -0.011884 -0.009117 0.762589
v 0.006253 -0.010587 0.808462
v 0.008426 0.001108 0.826089
v 0.005485 0.000929 0.832363
v 0.012214 -0.002947 0.824546
v 0.005447 -0.007712 0.830156
v -0.006052 0.010073 0.921961
v -0.022413 0.006014 0.993075
v -0.013116 0.003272 0.987879
v -0.010122 0.016935 0.957613
v -0.019421 0.001419 0.993009
v -0.006383 -0.005818 1.072567
v -0.008356 -0.000396 1.074673
v -0.015026 -0.006348 1.065730
v -0.010111 -0.010504 1.080732
v -0.015305 -0.001910 1.069857
v -0.021067 -0.014694 1.118848
v -0.022450 -0.007735 1.126413
v -0.012447 -0.011152 1.132743
v -0.017682 -0.008147 1.146413
v -0.009698 -0.007920 1.151460
v -0.017249 -0.015701 1.150398
v 0.003537 -0.012463 1.201032
v 0.002264 -0.015458 1.180003
v 0.009238 -0.008603 1.191168
v 0.005745 -0.003348 1.202663
v 0.002677 -0.007365 1.204322
v 0.008281 -0.002612 1.255176
v 0.013718 -0.006357 1.247733
v 0.007471 0.004997 1.269771
v 0.006022 -0.000954 1.302886
v 0.017021 0.003734 1.260210
v -0.001129 -0.002668 1.369978
v -0.003533 0.002121 1.382801
v -0.010637 0.001028 1.368977
v -0.013014 -0.005143 1.440920
v -0.011003 -0.012998 1.441667
v -0.004549 -0.010415 1.442489
v -0.007638 -0.001875 1.441436
v 0.007512 -0.013079 0.761213
v 0.009894 -0.005503 0.760246
v 0.003109 -0.002796 0.760658
v -0.000083 -0.009705 0.761587
v 0.006135 0.001622 0.787988
v -0.002069 0.014110 0.901994
v 0.000009 0.021699 0.886254
v 0.000720 0.016448 0.867656
v -0.027185 -0.006834 0.995415
v -0.024717 -0.004683 0.969905
v -0.024530 -0.001944 1.000374
v -0.014130 -0.003912 1.016001
v -0.017067 -0.013703 1.021679
v -0.002246 -0.015760 1.053268
v 0.001141 -0.009311 1.056029
v -0.004991 -0.007148 1.067546
v -0.005020 -0.013357 1.070164
v 0.003719 -0.012027 1.083989
v 0.000835 -0.005258 1.075372
v -0.012911 -0.003503 1.131277
v -0.008894 -0.010146 1.126516
v -0.003247 -0.004245 1.135342
v -0.009995 0.001656 1.148546
v -0.011069 -0.003673 1.152558
v 0.005698 0.004160 1.190673
v 0.007050 -0.000255 1.217954
v 0.002470 -0.001990 1.218245
v -0.001883 0.001567 1.215546
v 0.003156 0.008286 1.209044
v -0.001287 -0.002618 1.257647
v -0.001338 -0.003734 1.337534
v -0.002715 0.005274 1.273321
v 0.002519 -0.004067 1.288561
v -0.008564 -0.007737 1.326915
v -0.001181 -0.015517 1.356061
v 0.001963 -0.008185 1.380309
v -0.002976 -0.016065 1.389665
v -0.004432 -0.008653 1.372555
v 0.000233 -0.010609 1.443079
v 0.005719 -0.014513 1.406368
v 0.008653 -0.005478 1.443901
v -0.001605 -0.004081 1.442398
v 0.006197 0.008532 0.759245
v 0.006076 -0.001592 0.760245
v 0.013888 0.002381 0.759223
v -0.001436 0.012759 0.837293
v 0.009433 0.013144 0.811810
v -0.003585 0.018023 0.832079
v -0.014338 0.012273 0.900444
v -0.022914 -0.003348 0.955391
v -0.016985 -0.006933 0.941358
v -0.024654 -0.012206 0.954494
v -0.012843 -0.017930 0.991086
v -0.009239 -0.010934 0.989909
v -0.018014 -0.015317 0.994593
v 0.005139 -0.005118 1.052686
v 0.010043 -0.011151 1.046941
v 0.004480 -0.011862 1.051373
v 0.011532 0.000511 1.085633
v 0.003312 -0.004470 1.084666
v -0.013852 0.010871 1.127874
v -0.011761 0.002795 1.138689
v -0.016951 0.011096 1.161343
v -0.015846 0.003606 1.131766
v -0.008552 0.010694 1.135459
v -0.006735 0.005423 1.205215
v -0.017954 0.003930 1.161354
v -0.004791 -0.004608 1.216954
v -0.006220 -0.015266 1.281159
v 0.000850 -0.008428 1.272442
v -0.000775 -0.017693 1.282812
v -0.002619 -0.008018 1.282694
v -0.004995 -0.012193 1.291527
v 0.011747 -0.018998 1.343129
v 0.008613 -0.014249 1.313863
v 0.006845 -0.011067 1.380361
v 0.004613 -0.019294 1.342307
v 0.011271 -0.001940 1.391532
v 0.009262 -0.007552 1.364484
v 0.011450 -0.012692 1.390756
v 0.010994 0.008264 1.443258
v 0.008849 0.000724 1.443477
v 0.017117 -0.005805 1.400042
v 0.003429 0.009155 1.442213
v 0.002369 0.001127 1.442579
v 0.238703 -0.004053 0.582791
v 0.227066 0.050578 0.582791
v 0.168521 0.155148 0.582791
v 0.127342 0.198425 0.582791
v 0.074674 0.217423 0.582791
v -0.014831 0.222479 0.582791
v -0.102755 0.213684 0.582791
v -0.151175 0.177900 0.582791
v -0.201101 0.100410 0.582791
v -0.234097 0.026203 0.582791
v -0.234773 -0.034309 0.582791
v -0.215671 -0.088867 0.582791
v -0.160446 -0.170462 0.582791
v -0.101434 -0.215728 0.582791
v -0.045277 -0.230370 0.582791
v 0.047097 -0.229415 0.582791
v 0.127325 -0.203825 0.582791
v 0.192704 -0.124613 0.582791
v 0.225715 -0.060035 0.582791
v 0.238703 -0.004053 0.676238
v 0.227073 0.050546 0.676238
v 0.168546 0.155121 0.676238
v 0.127342 0.198425 0.676238
v 0.074674 0.217423 0.676238
v -0.004499 0.222672 0.676238
v -0.102755 0.213684 0.676238
v -0.151175 0.177900 0.676238
v -0.196759 0.108420 0.676238
v -0.234097 0.026203 0.676238
v -0.234773 -0.034309 0.676238
v -0.207708 -0.106544 0.676238
v -0.145772 -0.183304 0.676238
v -0.101434 -0.215728 0.676238
v -0.045277 -0.230370 0.676238
v 0.036579 -0.231042 0.676238
v 0.127325 -0.203825 0.676238
v 0.189503 -0.129429 0.676238
v 0.225715 -0.060035 0.676238
v 0.228931 -0.004053 0.582791
v 0.217601 0.048148 0.582791
v 0.228931 -0.004053 0.676238
v 0.217703 0.047632 0.676238
v 0.161022 0.148842 0.582791
v 0.161423 0.148432 0.676238
v 0.122106 0.190175 0.582791
v 0.122106 0.190175 0.676238
v 0.071655 0.208130 0.582791
v 0.071655 0.208130 0.676238
v -0.013510 0.212673 0.582791
v -0.003701 0.212836 0.676238
v -0.098595 0.204843 0.582791
v -0.098595 0.204843 0.676238
v -0.144947 0.170371 0.582791
v -0.144947 0.170371 0.676238
v -0.191993 0.096606 0.582791
v -0.187929 0.104091 0.676238
v -0.224403 0.024978 0.582791
v -0.224403 0.024978 0.676238
v -0.221075 -0.055166 0.582791
v -0.225078 -0.033084 0.676238
v -0.199012 -0.101962 0.676238
v -0.153405 -0.163594 0.582791
v -0.139543 -0.175775 0.676238
v -0.097274 -0.206886 0.582791
v -0.085413 -0.213273 0.676238
v -0.043446 -0.220772 0.582791
v 0.044934 -0.219803 0.582791
v 0.034869 -0.221342 0.676238
v 0.122089 -0.195574 0.582791
v 0.122089 -0.195574 0.676238
v 0.184786 -0.118781 0.582791
v 0.182055 -0.122920 0.676238
v 0.216250 -0.057605 0.582791
v 0.216250 -0.057605 0.676238
v 0.157600 0.016826 0.759565
v 0.151383 0.012552 0.758727
v 0.154770 0.005944 0.760017
v 0.161069 0.009031 0.760925
v 0.137446 0.009283 0.827921
v 0.129473 0.008538 0.853441
v 0.131234 0.012333 0.814782
v 0.127919 0.000189 0.876332
v 0.122594 0.000969 0.857315
v 0.115454 -0.002821 0.917717
v 0.108850 -0.014122 0.963158
v 0.118018 -0.013455 0.928478
v 0.107285 -0.007632 0.967943
v 0.115359 -0.006261 0.958179
v 0.053094 0.012133 1.113957
v 0.113343 -0.012635 0.987703
v 0.041989 0.002870 1.122463
v 0.044606 0.010535 1.116898
v 0.037136 -0.022053 1.245897
v 0.043798 -0.011537 1.208858
v 0.045275 -0.017172 1.222572
v 0.039110 -0.014105 1.242106
v 0.046121 -0.023385 1.277546
v 0.039983 -0.013964 1.295614
v 0.035266 -0.016685 1.307232
v 0.037662 -0.010886 1.351205
v 0.027277 -0.003360 1.363268
v 0.020005 -0.003379 1.397041
v 0.011382 -0.000547 1.400629
v 0.001036 0.011313 1.443119
v -0.009612 0.010064 1.439547
v -0.003026 0.002416 1.442226
v 0.141584 0.002455 0.757670
v 0.146318 -0.000961 0.758956
v 0.151250 0.001010 0.759771
v 0.149569 0.008699 0.758736
v 0.143467 0.008281 0.757611
v 0.134274 0.002421 0.816842
v 0.144447 0.000990 0.797826
v 0.131246 -0.002628 0.822316
v 0.134562 -0.008216 0.831421
v 0.130393 -0.001575 0.867137
v 0.137618 -0.000284 0.863857
v 0.133284 0.000251 0.872413
v 0.138085 -0.007627 0.862055
v 0.129616 -0.007990 0.888571
v 0.125110 0.006009 0.965017
v 0.115186 -0.000628 0.972019
v 0.115389 0.001733 0.955442
v 0.041543 -0.006589 1.110487
v 0.044351 0.001985 1.108070
v 0.031907 0.000958 1.109992
v 0.041620 -0.011405 1.143214
v 0.049855 -0.022605 1.191408
v 0.057295 -0.007768 1.287681
v 0.048953 -0.022805 1.225420
v 0.052598 -0.016377 1.235764
v 0.049097 -0.011754 1.288739
v -0.010485 0.005571 1.439592
v -0.016729 0.003862 1.437552
v 0.006177 -0.000970 1.397254
v -0.008957 0.000909 1.440302
v 0.150289 -0.012752 0.760705
v 0.155629 -0.007147 0.761346
v 0.152430 -0.002514 0.760312
v 0.147250 -0.002886 0.759316
v 0.145424 -0.009164 0.759523
v 0.144157 -0.003717 0.811750
v 0.150785 -0.000502 0.811270
v 0.145340 0.000861 0.829771
v 0.151624 -0.007703 0.825888
v 0.146387 -0.008086 0.831506
v 0.144253 0.003887 0.885676
v 0.134278 0.011465 0.897146
v 0.110153 0.006518 0.963594
v 0.071291 0.007424 1.026226
v 0.056530 -0.009721 1.087986
v 0.044917 -0.006995 1.113143
v 0.046546 -0.016586 1.109944
v 0.050096 -0.010497 1.133207
v 0.041569 -0.014560 1.113705
v 0.048253 -0.011373 1.165498
v 0.044214 -0.017188 1.146493
v 0.060797 -0.016871 1.190471
v 0.062475 0.000409 1.241529
v 0.054171 -0.003871 1.234275
v 0.054715 -0.015181 1.202351
v 0.041877 -0.003302 1.293880
v 0.012133 -0.004368 1.370874
v 0.003341 -0.001226 1.390249
v -0.000288 -0.003006 1.376518
v -0.007918 -0.014578 1.441718
v -0.013475 -0.016330 1.439815
v -0.015237 -0.009015 1.438764
v -0.009609 -0.005470 1.440473
v 0.167374 -0.008797 0.763674
v 0.163861 -0.001988 0.762480
v 0.157178 -0.004957 0.761458
v 0.160244 -0.012312 0.762668
v 0.153622 0.002555 0.800404
v 0.153860 -0.000428 0.810177
v 0.158532 0.004925 0.825510
v 0.129754 0.022808 0.881690
v 0.131444 0.011149 0.884191
v 0.130316 0.018325 0.901098
v 0.082087 -0.013671 1.003291
v 0.086068 -0.004689 1.003580
v 0.064957 -0.016478 1.069608
v 0.079294 -0.011223 1.045176
v 0.072644 -0.016151 1.068440
v 0.051205 -0.008891 1.122041
v 0.055493 -0.013073 1.108516
v 0.050222 -0.004509 1.133826
v 0.053787 0.002326 1.193606
v 0.050232 0.004142 1.202168
v 0.054102 -0.004203 1.212262
v 0.027477 -0.005452 1.311799
v 0.008147 -0.010608 1.363833
v 0.006850 -0.011115 1.383048
v 0.018017 -0.014878 1.358198
v 0.008503 -0.017763 1.360549
v 0.008596 -0.020400 1.398926
v 0.009419 -0.010504 1.397756
v -0.002853 -0.014639 1.443332
v 0.005611 -0.010113 1.445963
v -0.004018 -0.008023 1.442530
v 0.171441 0.004997 0.763296
v 0.165172 0.009653 0.761647
v 0.160434 0.004118 0.761279
v 0.165839 -0.001118 0.762773
v 0.137813 0.012191 0.841529
v 0.147656 0.018757 0.827322
v 0.120403 0.015158 0.866729
v 0.096301 -0.010734 0.996994
v 0.105262 -0.012418 0.956611
v 0.093127 -0.017748 0.991162
v 0.096035 -0.018065 1.011209
v 0.086686 -0.013171 1.019465
v 0.081468 -0.009058 1.072821
v 0.052079 0.003164 1.144163
v 0.047365 0.004078 1.132399
v 0.049041 0.011393 1.144345
v 0.036111 -0.011864 1.273206
v 0.028492 -0.022181 1.298091
v 0.020980 -0.020090 1.342753
v 0.033172 -0.017289 1.313728
v 0.029000 -0.022347 1.345934
v 0.016659 -0.014581 1.382543
v 0.022867 -0.011214 1.365771
v 0.018946 -0.016674 1.393369
v 0.008244 -0.000667 1.446317
v 0.023745 -0.010762 1.389926
v 0.001678 0.004840 1.443711
v 0.000105 -0.003086 1.443628
v -0.071676 -0.122886 0.754928
v -0.079853 -0.126679 0.757867
v -0.075675 -0.130699 0.760170
v -0.069254 -0.128698 0.758330
v -0.076563 -0.108939 0.779495
v -0.075375 -0.096656 0.811101
v -0.072716 -0.108100 0.798394
v -0.082663 -0.104967 0.805851
v -0.081482 -0.097112 0.813052
v -0.076919 -0.101344 0.826938
v -0.069717 -0.093606 0.842727
v -0.068198 -0.079997 0.874261
v -0.077296 -0.088354 0.858108
v -0.072044 -0.091598 0.866630
v -0.061068 -0.087185 0.882806
v -0.058256 -0.081625 0.887593
v -0.064760 -0.087340 0.890588
v -0.064067 -0.079995 0.899113
v -0.044536 -0.073063 0.930168
v -0.047268 -0.074855 0.933005
v -0.021232 -0.077589 0.968834
v -0.023864 -0.071156 0.964992
v -0.022666 -0.068209 0.993424
v -0.030660 -0.077105 0.967494
v -0.020458 -0.077897 0.982473
v -0.008692 -0.065816 1.018272
v -0.012559 -0.058896 1.024364
v -0.012737 -0.062321 1.053768
v -0.018601 -0.059655 1.045981
v -0.022508 -0.047332 1.110967
v -0.011264 -0.052783 1.062997
v -0.024791 -0.040274 1.110878
v -0.036813 -0.041722 1.137138
v -0.027377 -0.049370 1.113775
v -0.027918 -0.037574 1.173440
v -0.029039 -0.046444 1.167125
v -0.022614 -0.041402 1.190216
v -0.034620 -0.041937 1.181600
v -0.009509 -0.040336 1.275358
v -0.019019 -0.047652 1.231186
v -0.006340 -0.034592 1.273312
v 0.004556 -0.030451 1.325604
v -0.002392 -0.043932 1.272417
v 0.005218 -0.026176 1.306985
v 0.002378 -0.027338 1.328002
v 0.003854 -0.012685 1.366575
v 0.009854 -0.030919 1.315215
v 0.014031 -0.015033 1.353824
v 0.008517 0.001241 1.389210
v 0.001998 -0.003763 1.382916
v 0.006993 -0.007225 1.394867
v 0.004176 0.007822 1.433458
v -0.005715 0.009905 1.433005
v 0.000785 0.001827 1.434369
v -0.087211 -0.129495 0.760360
v -0.084301 -0.137508 0.765120
v -0.078804 -0.131044 0.760548
v -0.086417 -0.121105 0.787161
v -0.075229 -0.120434 0.798437
v -0.077180 -0.107204 0.815425
v -0.078808 -0.122655 0.803080
v -0.078535 -0.111285 0.826768
v -0.065893 -0.107466 0.836495
v -0.049110 -0.075852 0.896099
v -0.068241 -0.094483 0.854564
v -0.069710 -0.104968 0.826085
v -0.031626 -0.069914 0.925386
v -0.041751 -0.070467 0.922972
v -0.041884 -0.076158 0.917602
v -0.034912 -0.063472 0.937496
v -0.018401 -0.063379 0.980483
v -0.023740 -0.060441 0.955546
v -0.026284 -0.063128 0.993829
v -0.019059 -0.061514 1.013821
v -0.023515 -0.053294 1.005656
v -0.027760 -0.056094 1.021249
v -0.028283 -0.056826 1.092930
v -0.019837 -0.052495 1.028362
v -0.028252 -0.060838 1.053469
v -0.029444 -0.052444 1.104350
v -0.027699 -0.056492 1.147095
v -0.033525 -0.059383 1.143447
v -0.022025 -0.048737 1.176019
v -0.028231 -0.048154 1.173154
v -0.038019 -0.054903 1.139564
v -0.008877 -0.052226 1.211364
v 0.002675 -0.039252 1.263252
v 0.000373 -0.036473 1.266389
v 0.007680 -0.036728 1.256759
v 0.002748 -0.028002 1.263660
v -0.000376 -0.029923 1.271785
v 0.010775 -0.016635 1.304817
v -0.003838 -0.006434 1.349001
v -0.001004 -0.012172 1.344670
v 0.001740 -0.003100 1.377727
v 0.001920 -0.000428 1.353202
v -0.009462 0.002931 1.390273
v -0.004480 -0.005677 1.391028
v -0.010308 0.005810 1.433591
v -0.015361 -0.002797 1.434933
v -0.005582 0.000856 1.434446
v -0.078926 -0.147233 0.770749
v -0.074158 -0.143293 0.768029
v -0.075288 -0.140157 0.766112
v -0.081948 -0.138644 0.765635
v -0.084105 -0.144260 0.769399
v -0.067967 -0.112476 0.812165
v -0.066305 -0.108609 0.826494
v -0.067334 -0.122440 0.813746
v -0.056315 -0.108188 0.834563
v -0.040771 -0.064598 0.892286
v -0.054724 -0.090354 0.860636
v -0.048911 -0.067157 0.886278
v -0.042239 -0.067458 0.908799
v -0.042612 -0.063432 0.927712
v -0.039474 -0.053215 0.933746
v -0.043783 -0.055451 0.935545
v -0.032064 -0.055300 0.960006
v -0.027376 -0.066249 1.042201
v -0.028365 -0.061075 1.019013
v -0.040661 -0.060429 0.955713
v -0.034647 -0.054407 0.991749
v -0.033730 -0.071417 1.084639
v -0.030679 -0.070796 1.048603
v -0.033201 -0.062769 1.062110
v -0.023241 -0.067875 1.112569
v -0.024164 -0.059797 1.114427
v -0.030439 -0.064106 1.126472
v -0.013092 -0.047935 1.164863
v -0.023143 -0.053683 1.148858
v -0.019866 -0.062960 1.148218
v 0.003046 -0.034440 1.214786
v 0.003078 -0.038741 1.216634
v -0.007486 -0.040549 1.209992
v -0.004592 -0.027368 1.233999
v -0.000769 -0.037648 1.227122
v -0.000425 -0.014845 1.268549
v -0.003157 -0.021860 1.283325
v -0.006657 -0.019152 1.280884
v 0.003288 -0.020836 1.276483
v -0.010486 -0.007845 1.319998
v -0.003989 -0.006997 1.320636
v -0.010639 -0.015457 1.350337
v -0.006816 -0.011732 1.365646
v -0.009513 -0.006277 1.388325
v -0.016901 -0.008939 1.372886
v -0.011328 -0.015770 1.437055
v -0.012839 -0.008415 1.435844
v -0.003841 -0.012844 1.436717
v -0.006670 -0.005405 1.435444
v -0.061819 -0.143794 0.767186
v -0.066902 -0.137665 0.763906
v -0.071225 -0.139501 0.765361
v -0.071920 -0.144394 0.768417
v -0.051936 -0.092836 0.831350
v -0.058447 -0.098019 0.828890
v -0.062321 -0.097341 0.823533
v -0.058444 -0.071913 0.878636
v -0.054175 -0.074657 0.848571
v -0.054192 -0.057474 0.894819
v -0.061336 -0.063738 0.885017
v -0.050773 -0.064247 0.899931
v -0.054642 -0.064107 0.929927
v -0.050027 -0.064307 0.928700
v -0.045048 -0.058579 0.945914
v -0.054760 -0.061899 0.946422
v -0.052540 -0.055656 0.938226
v -0.034658 -0.069802 0.989411
v -0.033059 -0.068882 1.009753
v -0.031542 -0.080558 1.024621
v -0.031648 -0.078370 1.009521
v -0.030135 -0.076746 1.043448
v -0.024264 -0.075190 1.025835
v -0.019200 -0.078100 1.069485
v -0.025713 -0.070899 1.064395
v -0.012747 -0.070188 1.084576
v -0.018017 -0.066128 1.080050
v -0.017645 -0.047815 1.148184
v -0.018063 -0.059847 1.127135
v -0.005329 -0.031818 1.189893
v -0.015033 -0.034936 1.172776
v -0.004752 -0.026066 1.215614
v -0.008684 -0.026907 1.191644
v -0.006499 -0.029513 1.221457
v -0.009247 -0.025308 1.255821
v -0.013738 -0.017011 1.250895
v -0.014540 -0.026199 1.255444
v -0.009937 -0.017767 1.305231
v -0.018920 -0.021045 1.300539
v -0.015774 -0.016954 1.316268
v -0.014378 -0.026146 1.347777
v -0.005302 -0.018243 1.367334
v -0.008549 -0.016900 1.379583
v -0.004364 -0.023063 1.359659
v -0.011281 -0.020830 1.382574
v -0.003238 -0.025355 1.391406
v -0.000238 -0.014923 1.437065
v 0.009032 -0.011186 1.436608
v -0.000959 -0.008389 1.435999
v -0.058539 -0.131675 0.759402
v -0.068656 -0.130064 0.759186
v -0.068478 -0.134491 0.761957
v -0.063819 -0.137128 0.763196
v -0.060750 -0.113956 0.780700
v -0.070458 -0.085392 0.820495
v -0.072753 -0.091400 0.821618
v -0.069408 -0.098594 0.814852
v -0.064831 -0.077685 0.842598
v -0.064734 -0.086040 0.841021
v -0.071574 -0.070606 0.865470
v -0.072248 -0.077403 0.868871
v -0.064295 -0.077921 0.872778
v -0.060415 -0.066033 0.901953
v -0.063750 -0.074451 0.912311
v -0.065461 -0.068856 0.915633
v -0.057444 -0.074584 0.915094
v -0.048977 -0.068541 0.948419
v -0.051171 -0.070685 0.926375
v -0.027269 -0.074630 0.992786
v -0.038054 -0.082701 0.975572
v -0.023570 -0.080712 0.991813
v -0.027818 -0.076695 1.007455
v -0.019154 -0.081566 1.018952
v -0.019621 -0.074358 1.005125
v -0.008410 -0.072655 1.042417
v -0.011806 -0.071749 1.063266
v -0.012885 -0.063841 1.055700
v -0.016530 -0.065831 1.068070
v -0.006840 -0.058008 1.084324
v -0.018242 -0.035843 1.134549
v -0.018775 -0.048170 1.128114
v -0.026864 -0.035821 1.164934
v -0.025307 -0.031732 1.156940
v -0.016331 -0.036839 1.152703
v -0.020575 -0.036328 1.189988
v -0.019652 -0.026761 1.196086
v -0.013955 -0.030116 1.249441
v -0.025215 -0.027781 1.217307
v -0.022634 -0.034074 1.255453
v -0.012875 -0.029860 1.311809
v -0.010864 -0.035339 1.272772
v -0.011896 -0.037403 1.301341
v -0.004579 -0.026703 1.320397
v -0.007412 -0.026769 1.330937
v 0.011295 -0.021053 1.380109
v 0.004389 -0.021676 1.353360
v 0.003533 -0.011570 1.392331
v -0.001888 -0.027175 1.360360
v 0.002768 -0.031113 1.356982
v 0.010537 -0.005128 1.435624
v 0.009534 0.004558 1.434076
v 0.003702 -0.003890 1.435330
v -0.131205 -0.076315 -0.764164
v -0.209292 0.054996 -0.764164
v -0.079727 0.027227 -0.764164
v -0.108615 0.065684 -0.764164
v -0.165696 0.078486 -0.764164
v -0.231789 0.012486 -0.764164
v -0.222922 -0.036237 -0.764164
v -0.189443 -0.070770 -0.764164
v -0.090898 -0.047547 -0.764164
v -0.075713 -0.011595 -0.764164
v -0.075713 0.011595 0.764164
v -0.097177 0.056222 0.764164
v -0.150880 0.079418 0.764164
v -0.196855 0.065285 0.764164
v -0.222922 0.036237 0.764164
v -0.231789 -0.012486 0.764164
v -0.209292 -0.054996 0.764164
v -0.175874 -0.075158 0.764164
v -0.126352 -0.074738 0.764164
v -0.082500 -0.036021 0.764164
v -0.106106 0.024013 0.764164
v -0.129979 0.046817 0.764164
v -0.168100 0.051827 0.764164
v -0.198580 0.026234 0.764164
v -0.206060 -0.004946 0.764164
v -0.192257 -0.034937 0.764164
v -0.164915 -0.051686 0.764164
v -0.120503 -0.042748 0.764164
v -0.101582 -0.007730 0.764164
v -0.127893 0.007408 0.764164
v -0.139854 0.022806 0.764164
v -0.159115 0.025843 0.764164
v -0.179291 0.009142 0.764164
v -0.174236 -0.016250 0.764164
v -0.150533 -0.027390 0.764164
v -0.129715 -0.012009 0.764164
v -0.101582 0.007730 0.756488
v -0.120503 0.042748 0.756488
v -0.129715 0.012009 0.756488
v -0.150533 0.027390 0.756488
v -0.164915 0.051686 0.756488
v -0.192257 0.034937 0.756488
v -0.174236 0.016250 0.756488
v -0.206060 0.004947 0.756488
v -0.179291 -0.009142 0.756488
v -0.198580 -0.026234 0.756488
v -0.168100 -0.051826 0.756488
v -0.159115 -0.025843 0.756488
v -0.129979 -0.046817 0.756488
v -0.139854 -0.022806 0.756488
v -0.106106 -0.024013 0.756488
v -0.127893 -0.007408 0.756488
vn -0.7580 0.0355 -0.6513
vn 0.3252 0.6847 -0.6523
vn 0.7514 0.0891 -0.6538
vn 0.4680 -0.5924 -0.6557
vn 0.1073 -0.7510 -0.6515
vn -0.3577 -0.6768 -0.6434
vn 0.6996 -0.2815 -0.6568
vn 0.6205 0.4299 -0.6559
vn 0.9693 0.2460 0.0018
vn 0.6347 0.7728 0.0019
vn -0.1462 0.7551 -0.6391
vn 0.1653 0.9862 0.0019
vn -0.9791 0.2032 0.0018
vn -0.6055 0.4793 -0.6354
vn -0.6734 -0.3519 -0.6502
vn -0.9200 -0.3919 0.0007
vn -0.1428 -0.9897 0.0023
vn 0.4507 -0.8927 0.0022
vn 0.8954 -0.4452 0.0018
vn -0.0000 -0.0000 1.0000
vn 0.0092 0.7876 0.6161
vn 0.6726 0.4684 0.5728
vn 0.6833 -0.3963 0.6132
vn -0.0387 0.9989 0.0256
vn -0.5219 0.8410 0.1429
vn -0.7968 0.5866 -0.1449
vn -0.9597 0.2611 0.1037
vn -0.9142 -0.3972 -0.0805
vn 0.8089 0.5841 0.0670
vn 0.9356 0.2403 -0.2588
vn 0.9356 -0.2403 0.2587
vn 0.0428 -0.7641 -0.6437
vn 0.0548 0.7681 -0.6379
vn 0.7482 0.1700 -0.6413
vn -0.7402 0.1848 -0.6465
vn -0.7090 -0.2919 -0.6420
vn -0.4105 -0.6450 -0.6446
vn 0.7129 -0.2647 -0.6494
vn 0.4835 -0.5849 -0.6513
vn 0.5014 0.5732 -0.6481
vn 0.8603 0.5098 0.0034
vn 0.3011 0.9536 0.0027
vn -0.4714 0.6069 -0.6398
vn -0.3123 0.9500 0.0022
vn -0.4398 -0.8981 0.0016
vn 0.9757 -0.2190 0.0022
vn -0.0026 0.8247 0.5656
vn 0.7257 0.3406 0.5978
vn 0.6663 -0.3345 0.6665
vn -0.1148 -0.9932 0.0174
vn -0.2849 -0.9550 -0.0825
vn -0.5161 -0.8265 -0.2246
vn -0.5647 0.8191 0.1010
vn -0.8246 0.5657 -0.0066
vn -0.9845 0.1726 0.0301
vn -0.9845 -0.1726 -0.0301
vn -0.8358 -0.5482 0.0301
vn -0.5855 -0.8107 -0.0022
vn 0.2137 0.9690 0.1240
vn 0.4715 0.8486 -0.2400
vn 0.5542 0.7377 -0.3856
vn -0.2112 -0.9666 0.1449
vn 0.3384 -0.9346 -0.1097
vn -0.4044 0.9025 0.1481
vn -0.2034 0.9678 -0.1481
vn -0.1128 0.9578 -0.2645
vn -0.9096 0.3563 0.2139
vn -0.7068 0.6577 -0.2605
vn -0.6271 0.6746 -0.3895
vn 0.9788 -0.1791 0.0989
vn 0.4971 0.5742 -0.6505
vn 0.7441 0.1905 -0.6403
vn -0.2412 0.7200 -0.6507
vn 0.7110 -0.2639 -0.6518
vn 0.1418 0.7420 -0.6552
vn 0.1256 -0.7491 -0.6505
vn -0.3338 -0.6908 -0.6414
vn 0.4813 -0.5823 -0.6552
vn -0.9791 0.2031 0.0018
vn -0.6089 0.4678 -0.6406
vn -0.6637 -0.3664 -0.6522
vn -0.9108 -0.4128 0.0015
vn 0.0319 0.7952 0.6056
vn 0.6735 0.4327 0.5994
vn 0.6866 -0.3808 0.6194
vn -0.6651 -0.6689 0.3321
vn -0.9099 -0.3639 -0.1992
vn -0.9756 0.0522 0.2130
vn -0.1256 -0.9921 -0.0017
vn -0.2707 -0.9590 -0.0837
vn -0.4788 -0.8536 -0.2052
vn -0.6366 0.7706 0.0295
vn -0.6751 0.7366 0.0418
vn -0.9037 0.4077 0.1309
vn 0.9356 -0.2403 0.2588
vn -0.9950 -0.0882 -0.0468
vn -0.7571 -0.6440 0.1098
vn -0.5409 -0.8399 0.0451
vn -0.9003 0.4200 0.1144
vn -0.8274 0.5615 -0.0083
vn -0.5942 0.7672 -0.2413
vn 0.4680 -0.5925 -0.6557
vn -0.0000 -0.0000 -1.0000
vn -0.3577 -0.6768 -0.6435
vn -0.7841 0.6206 -0.0018
vn -0.1271 0.8050 0.5795
vn 0.5370 0.5649 0.6265
vn 0.7882 -0.0589 0.6126
vn -0.4957 -0.8156 0.2986
vn -0.8507 -0.4323 -0.2991
vn -0.9997 -0.0174 -0.0182
vn -0.7397 0.6729 0.0083
vn -0.9204 0.3877 0.0501
vn -0.9300 -0.2374 -0.2805
vn -0.6573 -0.7451 0.1127
vn -0.2490 -0.9685 -0.0081
vn -0.6622 -0.3637 -0.6552
vn 0.7474 -0.1300 -0.6515
vn 0.5292 -0.5593 -0.6381
vn 0.7081 0.2620 -0.6557
vn -0.3925 0.6502 -0.6505
vn 0.0561 0.7652 -0.6414
vn 0.4822 0.5850 -0.6521
vn -0.6619 0.3642 -0.6552
vn 0.6949 0.7191 0.0015
vn 0.8972 -0.4416 0.0023
vn 0.9883 0.1528 0.0022
vn -0.1279 0.7315 0.6697
vn 0.5511 0.5512 0.6265
vn 0.7585 -0.0669 0.6482
vn 0.9946 0.0877 0.0549
vn -0.9245 0.3332 -0.1851
vn -0.9245 -0.3332 0.1851
vn -0.6921 -0.7217 0.0044
vn 0.6162 -0.7876 0.0046
vn 0.6604 -0.7506 0.0211
vn 0.8670 -0.4849 0.1145
vn -0.9233 -0.2439 0.2966
vn -0.9233 0.2439 -0.2966
vn -0.7868 0.6172 -0.0062
vn 0.2431 0.9680 0.0625
vn -0.7326 0.6601 0.1664
vn 0.9769 -0.2085 0.0467
vn -0.9676 0.2519 0.0165
vn -0.5158 -0.8565 0.0208
vn 0.8320 0.5215 -0.1892
vn 0.9085 -0.1772 -0.3784
vn 0.4920 -0.8307 -0.2607
vn 0.1714 -0.9800 -0.1013
vn -0.7030 -0.7030 0.1079
vn 0.4384 0.8935 -0.0970
vn -0.9123 -0.0601 0.4050
vn -0.9155 0.2100 0.3431
vn 0.9829 0.1446 -0.1141
vn 0.9479 -0.2125 -0.2372
vn 0.0330 -0.9995 -0.0008
vn -0.2997 -0.9350 0.1894
vn 0.8785 0.4366 -0.1941
vn -0.6257 0.7597 0.1772
vn -0.6157 -0.7857 0.0601
vn 0.6216 -0.7469 -0.2364
vn -0.9404 -0.1952 0.2786
vn -0.4988 -0.8381 0.2210
vn -0.7191 0.6913 0.0703
vn -0.1178 -0.9716 0.2053
vn -0.9738 -0.2098 0.0871
vn -0.3146 0.9471 -0.0631
vn 0.3627 0.9221 -0.1352
vn -0.2632 -0.9151 0.3055
vn 0.9941 0.0893 -0.0624
vn -0.5770 0.8016 0.1567
vn -0.5425 0.8222 0.1723
vn 0.5334 0.8458 -0.0047
vn 0.8968 -0.4127 -0.1595
vn 0.9249 -0.2798 -0.2573
vn 0.7517 -0.6412 -0.1540
vn -0.1689 -0.9840 -0.0560
vn -0.4459 -0.8936 0.0516
vn -0.9622 -0.2459 0.1174
vn -0.9634 -0.0687 0.2592
vn 0.3447 -0.9258 -0.1549
vn 0.8907 0.3339 -0.3083
vn -0.8088 0.4904 0.3246
vn 0.2468 -0.9690 -0.0059
vn -0.5751 0.7954 0.1912
vn -0.0223 0.9846 -0.1733
vn 0.9509 -0.2819 -0.1274
vn -0.8204 -0.4480 0.3553
vn -0.4381 -0.8903 0.1240
vn -0.0716 -0.9974 0.0042
vn -0.3080 -0.9452 0.1080
vn -0.8598 0.3557 0.3664
vn 0.7119 0.6700 -0.2105
vn 0.1872 0.9812 -0.0465
vn 0.8680 0.2664 -0.4192
vn -0.8368 0.3167 0.4466
vn 0.4679 -0.8045 -0.3658
vn 0.7122 -0.6735 -0.1981
vn 0.4636 -0.8763 0.1312
vn 0.2030 0.9623 -0.1812
vn -0.7296 0.6737 0.1174
vn -0.6348 -0.7488 0.1905
vn 0.3615 0.9258 -0.1107
vn 0.9727 0.0851 -0.2158
vn -0.6293 -0.7760 -0.0423
vn -0.3854 0.9223 -0.0305
vn 0.9573 -0.2888 -0.0154
vn 0.9836 0.1738 -0.0487
vn -0.9274 -0.2424 0.2850
vn -0.9276 -0.2383 0.2879
vn -0.5329 0.8401 0.1008
vn 0.6941 0.6801 -0.2358
vn -0.9825 -0.0934 0.1613
vn 0.9113 0.3387 -0.2341
vn 0.1285 -0.9892 0.0708
vn 0.8646 -0.4530 -0.2173
vn 0.8843 -0.4372 -0.1641
vn -0.0514 -0.9960 0.0737
vn -0.1714 -0.9723 0.1586
vn -0.2814 0.9539 0.1041
vn 0.5626 -0.7884 -0.2488
vn -0.8752 -0.4809 0.0536
vn 0.2686 -0.9490 -0.1650
vn 0.8115 0.5335 -0.2384
vn -0.6473 0.5927 0.4792
vn 0.7031 0.0190 0.7108
vn -0.8347 0.0901 0.5433
vn 0.5257 0.7976 -0.2956
vn 0.6587 -0.7507 -0.0504
vn -0.0556 0.9947 -0.0859
vn -0.9969 -0.0705 0.0357
vn -0.8922 0.4408 0.0979
vn 0.3871 -0.9214 0.0336
vn -0.9671 0.1691 0.1900
vn 0.5200 0.8533 -0.0383
vn -0.4908 0.8662 -0.0937
vn -0.0290 0.9976 0.0631
vn 0.7639 0.6141 -0.1984
vn 0.8771 -0.4802 -0.0090
vn 0.9154 -0.3590 -0.1819
vn -0.0838 -0.9718 0.2205
vn -0.9255 -0.3107 0.2167
vn -0.9865 0.1069 0.1237
vn -0.3571 -0.9258 -0.1241
vn -0.8904 0.3653 0.2714
vn 0.9293 0.3132 -0.1956
vn -0.1724 0.9815 0.0830
vn 0.8587 -0.2795 -0.4295
vn -0.6176 -0.6463 0.4482
vn -0.5174 -0.8533 0.0655
vn 0.9488 -0.3099 0.0616
vn -0.7955 0.5957 0.1116
vn -0.0526 -0.9974 -0.0487
vn 0.5414 0.8284 -0.1439
vn 0.9650 -0.2136 -0.1519
vn 0.9922 0.0089 -0.1245
vn -0.5609 -0.7968 0.2246
vn -0.9447 -0.1843 0.2714
vn -0.5884 0.8061 0.0629
vn 0.7657 -0.6340 0.1086
vn 0.9880 0.0460 -0.1472
vn -0.6239 -0.7705 0.1303
vn 0.6650 0.7409 -0.0941
vn 0.1232 -0.5151 0.8482
vn -0.8183 0.5709 -0.0673
vn -0.9648 -0.1868 0.1851
vn -0.5191 0.8192 0.2439
vn 0.7375 -0.6505 -0.1817
vn 0.0993 -0.9818 -0.1620
vn -0.5483 0.8237 0.1447
vn -0.6635 0.7235 0.1904
vn -0.6050 -0.7962 0.0008
vn -0.7273 -0.6862 0.0130
vn 0.1767 -0.9639 0.1993
vn 0.8574 0.5023 -0.1117
vn 0.4044 -0.8971 -0.1781
vn -0.0697 -0.9957 -0.0617
vn -0.5577 0.8003 0.2204
vn 0.3919 0.9083 -0.1464
vn 0.9438 -0.2040 -0.2601
vn 0.7544 -0.6412 -0.1408
vn 0.9773 0.0817 -0.1957
vn 0.1347 0.9741 -0.1814
vn -0.9217 -0.3103 0.2328
vn -0.8856 -0.3640 0.2883
vn 0.1238 0.9882 -0.0899
vn 0.6970 -0.7018 0.1474
vn -0.9537 0.2908 -0.0771
vn -0.4191 0.8697 0.2607
vn 0.4104 0.8590 0.3061
vn 0.9910 -0.1053 0.0827
vn 0.9249 -0.3568 0.1311
vn -0.7106 -0.6083 -0.3535
vn 0.9477 -0.2782 -0.1566
vn 0.3508 0.8587 0.3736
vn 0.8417 0.4988 0.2067
vn 0.0795 -0.9139 -0.3981
vn -0.2568 -0.9597 -0.1142
vn 0.7814 -0.6238 -0.0135
vn -0.9312 -0.3638 0.0225
vn 0.8235 0.5057 0.2569
vn -0.4033 0.9150 -0.0114
vn 0.3523 0.9335 0.0664
vn 0.2788 0.3581 0.8911
vn -0.5365 0.7502 -0.3865
vn -0.4007 -0.8328 -0.3819
vn -0.0412 -0.9016 -0.4306
vn -0.9739 -0.2268 -0.0086
vn 0.8335 -0.5231 -0.1781
vn -0.6171 0.7030 0.3535
vn 0.6982 0.6985 0.1568
vn -0.2062 -0.9783 -0.0202
vn -0.9309 -0.3392 0.1358
vn 0.7363 -0.6673 0.1127
vn 0.6965 0.7144 -0.0666
vn -0.7901 0.6102 -0.0587
vn 0.8251 0.5523 0.1189
vn 0.4002 -0.9060 0.1381
vn -0.9490 0.2653 -0.1703
vn 0.6491 0.7147 -0.2606
vn -0.0168 -0.9926 0.1202
vn -0.5586 0.7842 0.2701
vn -0.7232 0.6646 0.1880
vn 0.4493 0.8294 0.3320
vn -0.1313 -0.9470 -0.2932
vn -0.5957 -0.7701 -0.2281
vn -0.9661 -0.2358 -0.1048
vn 0.9959 -0.0860 0.0273
vn 0.1942 0.9440 0.2668
vn 0.5529 -0.8012 -0.2289
vn -0.8354 -0.5437 -0.0804
vn 0.7249 0.6697 0.1614
vn 0.9842 0.1204 0.1299
vn -0.9893 -0.0750 -0.1253
vn 0.7000 -0.6946 0.1661
vn -0.5187 -0.8142 -0.2608
vn 0.5384 -0.8410 0.0536
vn 0.5401 0.7298 0.4191
vn -0.8952 0.4402 0.0702
vn 0.3827 0.7399 0.5533
vn 0.9600 0.2624 -0.0976
vn 0.4256 0.7671 0.4800
vn -0.0390 -0.6689 -0.7423
vn -0.2067 -0.9782 0.0187
vn 0.8722 -0.2574 0.4159
vn -0.7809 0.5784 0.2358
vn 0.9098 -0.4135 0.0363
vn -0.8529 -0.5019 -0.1436
vn 0.1328 0.9908 -0.0267
vn 0.3698 0.9243 0.0945
vn -0.9778 -0.1300 -0.1642
vn -0.9785 -0.0136 -0.2057
vn -0.0346 0.9992 -0.0222
vn 0.9931 0.0617 0.1000
vn -0.9432 -0.3292 0.0456
vn 0.9241 -0.3114 0.2214
vn -0.6673 0.7164 0.2039
vn 0.2339 -0.9640 -0.1262
vn 0.3418 0.9249 0.1667
vn -0.6616 0.7399 0.1218
vn -0.8854 -0.4369 -0.1588
vn 0.4873 0.8686 0.0902
vn -0.6582 -0.6471 -0.3847
vn -0.4604 -0.8075 -0.3688
vn -0.9375 0.2513 -0.2407
vn -0.3282 -0.8887 -0.3202
vn 0.2293 0.8512 0.4721
vn 0.7988 -0.5825 -0.1503
vn -0.5753 -0.7057 -0.4134
vn -0.5676 0.7414 0.3579
vn 0.6295 0.6710 0.3918
vn 0.8750 -0.4396 -0.2027
vn 0.5954 0.7805 0.1906
vn 0.9168 0.3894 -0.0882
vn 0.0663 -0.9880 -0.1392
vn -0.4601 -0.8864 -0.0511
vn -0.9275 0.3411 0.1530
vn 0.9861 -0.0879 0.1410
vn -0.5123 0.8586 -0.0209
vn 0.6435 0.7509 0.1484
vn 0.9980 0.0616 0.0158
vn 0.3510 -0.9360 -0.0247
vn 0.5057 -0.8601 0.0679
vn -0.8548 -0.5119 -0.0853
vn -0.9976 0.0355 0.0595
vn 0.4264 0.8987 0.1029
vn -0.9391 0.3437 0.0051
vn 0.9314 0.1441 0.3342
vn -0.9210 -0.3633 -0.1410
vn -0.3982 -0.9164 -0.0418
vn 0.9007 -0.4311 0.0539
vn -0.1296 -0.9237 -0.3606
vn -0.0133 0.9994 0.0319
vn 0.1870 -0.9585 -0.2154
vn -0.9677 0.1704 -0.1858
vn -0.3240 0.9215 0.2140
vn -0.9239 -0.3003 -0.2373
vn -0.7731 0.6343 0.0044
vn 0.1592 0.9670 0.1987
vn -0.9905 -0.0526 -0.1272
vn 0.5196 -0.8484 -0.1014
vn 0.3830 -0.8930 -0.2363
vn -0.9243 -0.3613 -0.1230
vn -0.9774 -0.1821 -0.1071
vn -0.1781 -0.9839 -0.0144
vn -0.9980 0.0372 0.0513
vn -0.3134 0.9445 0.0984
vn 0.9008 0.4342 -0.0000
vn 0.8874 0.4609 -0.0017
vn 0.8102 -0.5844 -0.0453
vn -0.8159 0.5776 0.0266
vn -0.0798 -0.9854 0.1506
vn -0.9674 -0.1163 -0.2248
vn 0.1597 -0.9862 -0.0435
vn -0.9294 0.3455 0.1300
vn 0.9605 0.0351 0.2760
vn 0.4296 0.8468 0.3137
vn -0.0533 0.9902 0.1293
vn 0.6935 -0.6884 -0.2126
vn -0.7124 -0.6206 -0.3276
vn 0.6642 -0.7075 -0.2413
vn 0.9387 -0.3383 0.0665
vn 0.6888 -0.7004 0.1869
vn -0.0372 -0.9910 -0.1287
vn 0.8934 0.2571 0.3684
vn -0.0384 0.9959 0.0814
vn -0.6500 -0.7538 -0.0965
vn -0.5610 0.8206 -0.1097
vn -0.8098 0.5867 -0.0036
vn -0.9670 0.2488 0.0546
vn -0.2893 -0.8702 -0.3987
vn -0.1388 -0.9180 -0.3716
vn -0.2083 -0.9624 -0.1744
vn 0.5361 0.8261 0.1736
vn 0.0709 0.9893 0.1276
vn 0.6846 -0.7288 0.0136
vn -0.7219 -0.6905 0.0464
vn -0.9389 -0.3344 0.0820
vn -0.8059 0.5687 0.1650
vn 0.9039 0.4261 -0.0378
vn 0.6612 0.7491 -0.0420
vn 0.5124 0.8576 -0.0439
vn -0.6171 0.7760 -0.1305
vn 0.5915 -0.7940 0.1402
vn 0.2034 -0.9548 0.2166
vn -0.9782 -0.1560 0.1369
vn -0.9316 -0.3634 -0.0009
vn -0.9343 -0.3566 -0.0002
vn -0.8056 -0.5925 0.0001
vn 0.9605 0.2774 0.0231
vn 0.8648 0.5021 0.0002
vn 0.7252 0.6885 0.0103
vn 0.4386 0.8986 0.0153
vn 0.3358 0.9419 -0.0026
vn 0.1111 0.9938 -0.0017
vn 0.9363 0.3511 -0.0023
vn 0.9330 0.3600 0.0001
vn 0.8044 0.5941 -0.0000
vn -0.8718 -0.4899 0.0031
vn -0.8975 -0.4409 -0.0112
vn -0.7218 -0.6921 -0.0009
vn -0.4196 0.8480 -0.3237
vn 0.3761 0.9203 -0.1079
vn 0.9464 0.3191 0.0506
vn -0.6586 -0.7511 0.0459
vn -0.9343 0.3190 -0.1591
vn 0.6121 -0.7421 0.2732
vn 0.7957 -0.5618 0.2263
vn 0.8849 0.4366 -0.1621
vn -0.7193 0.6532 -0.2365
vn 0.2393 -0.9485 0.2077
vn 0.0046 -0.9336 0.3582
vn -0.2243 -0.9379 0.2647
vn 0.9907 0.1235 -0.0567
vn 0.9501 -0.2627 0.1682
vn -0.3103 0.8623 -0.4001
vn 0.9846 0.1735 0.0192
vn -0.9053 -0.4083 0.1174
vn -0.9239 -0.3744 0.0789
vn -0.2364 -0.9155 0.3254
vn 0.3820 0.8930 -0.2381
vn -0.9080 0.2627 -0.3265
vn 0.9080 0.2944 0.2983
vn 0.3928 -0.8403 0.3736
vn 0.8811 -0.3502 0.3178
vn -0.6482 0.6891 -0.3239
vn 0.4221 0.9000 -0.1089
vn -0.5702 -0.8200 -0.0491
vn -0.8646 0.3302 -0.3787
vn 0.9379 -0.0472 0.3436
vn -0.0412 -0.9989 0.0204
vn -0.2595 0.9556 -0.1398
vn -0.2021 0.9754 0.0880
vn -0.8945 -0.4354 -0.1011
vn -0.9932 0.1109 0.0356
vn 0.8647 0.5009 -0.0365
vn -0.8779 -0.4707 0.0873
vn 0.5636 -0.8248 -0.0450
vn 0.2855 -0.9581 -0.0205
vn 0.9582 0.2623 -0.1145
vn -0.4753 -0.8666 0.1522
vn -0.9955 -0.0860 0.0401
vn 0.8051 -0.5874 0.0823
vn 0.9870 0.1588 0.0241
vn -0.1921 0.9488 -0.2509
vn 0.4191 0.9013 -0.1094
vn -0.9149 0.3970 -0.0727
vn 0.2903 -0.9191 0.2664
vn -0.7997 -0.5990 -0.0402
vn -0.8924 0.4361 -0.1158
vn 0.8371 0.5311 0.1311
vn 0.1036 -0.9614 0.2549
vn 0.9403 0.3403 -0.0099
vn -0.2479 0.9505 -0.1875
vn 0.8247 0.5549 -0.1092
vn -0.3751 0.9183 -0.1265
vn 0.4602 -0.8744 0.1541
vn 0.8280 0.5214 -0.2063
vn -0.9808 -0.1595 0.1120
vn -0.8385 -0.4759 0.2655
vn 0.4666 -0.8577 0.2158
vn -0.1220 -0.9267 0.3556
vn -0.8295 -0.5515 0.0881
vn 0.9467 -0.2988 0.1202
vn -0.9698 0.2112 -0.1220
vn 0.6002 -0.6669 0.4416
vn -0.6223 0.6555 -0.4279
vn 0.5965 0.7310 -0.3314
vn -0.7592 0.4887 -0.4298
vn 0.6511 -0.5980 0.4674
vn 0.1504 0.8967 -0.4163
vn -0.2730 -0.8728 0.4046
vn -0.8202 -0.5719 -0.0129
vn 0.9787 0.1896 0.0783
vn 0.8325 0.5400 0.1237
vn -0.6056 0.6887 -0.3987
vn 0.8898 -0.2533 0.3796
vn 0.6242 -0.7479 0.2261
vn -0.7281 0.6512 -0.2141
vn 0.5789 0.7955 0.1790
vn -0.6195 -0.7703 -0.1513
vn -0.7709 -0.6330 0.0715
vn -0.7581 0.6190 -0.2052
vn -0.7110 0.7031 -0.0084
vn 0.9609 0.2209 0.1667
vn -0.0099 0.9981 -0.0615
vn 0.9471 0.3026 -0.1072
vn 0.4646 -0.8797 0.1013
vn 0.6725 -0.7401 0.0047
vn 0.6399 0.7503 -0.1661
vn -0.5681 -0.7932 0.2193
vn 0.9881 -0.1480 0.0419
vn -0.8120 0.5826 -0.0360
vn 0.6557 0.7543 -0.0328
vn -0.7693 -0.6380 0.0335
vn -0.9839 0.0151 -0.1781
vn 0.0650 -0.9900 0.1254
vn -0.9857 0.0148 -0.1677
vn -0.1590 0.9815 -0.1064
vn 0.0114 0.9997 -0.0206
vn 0.9777 0.0955 0.1869
vn 0.9596 -0.2127 0.1844
vn 0.8106 -0.5839 0.0450
vn 0.4232 -0.8737 0.2401
vn -0.6635 -0.7129 0.2272
vn 0.5768 0.7737 -0.2621
vn -0.1478 0.9506 -0.2731
vn 0.6564 0.6776 -0.3318
vn -0.9724 0.2328 0.0139
vn -0.7643 0.6382 -0.0924
vn 0.9985 -0.0504 -0.0206
vn 0.9913 0.1261 0.0386
vn 0.4633 -0.7830 0.4150
vn -0.3575 -0.8446 0.3986
vn -0.9355 -0.3118 0.1659
vn -0.8093 0.4749 -0.3457
vn 0.6541 -0.5728 0.4940
vn 0.0657 0.8624 -0.5019
vn 0.5910 0.7667 -0.2506
vn 0.3726 -0.7610 0.5311
vn -0.5035 -0.8172 0.2806
vn -0.8104 0.3768 -0.4486
vn 0.8964 0.3952 0.2008
vn 0.9290 0.0527 0.3664
vn -0.3404 0.9106 -0.2342
vn -0.6364 -0.7614 -0.1235
vn 0.2995 -0.9540 -0.0098
vn -0.3118 -0.9128 0.2637
vn -0.8983 -0.4394 -0.0037
vn -0.8410 0.5140 -0.1689
vn -0.6597 0.7315 -0.1721
vn 0.9596 0.2796 -0.0321
vn 0.9778 0.2091 -0.0104
vn 0.2968 0.9338 -0.2000
vn -0.6610 -0.7215 0.2062
vn -0.8629 0.4919 -0.1160
vn -0.1140 -0.9892 0.0918
vn -0.8616 0.4989 -0.0933
vn 0.2075 0.9765 -0.0582
vn 0.5582 -0.8232 0.1037
vn 0.4108 0.9110 0.0364
vn 0.1993 -0.9796 0.0237
vn 0.8403 0.5337 0.0955
vn 0.9993 0.0337 0.0187
vn -0.9922 0.1154 0.0464
vn 0.4447 -0.8820 0.1563
vn -0.8411 -0.5398 -0.0337
vn 0.4887 0.8719 0.0306
vn 0.6615 0.6230 -0.4175
vn 0.8785 -0.4286 0.2109
vn 0.1509 -0.9202 0.3611
vn 0.2222 -0.8422 0.4913
vn -0.9979 0.0649 0.0012
vn -0.9756 -0.2162 0.0370
vn -0.2023 0.8824 -0.4249
vn 0.8485 0.5131 -0.1298
vn 0.3779 -0.8166 0.4362
vn -0.9465 -0.3215 0.0276
vn -0.5499 0.6797 -0.4854
vn 0.9547 0.1590 0.2517
vn -0.1804 -0.9445 0.2747
vn -0.6944 0.6065 -0.3872
vn 0.1510 0.9212 -0.3586
vn 0.6676 0.7415 0.0671
vn 0.4806 0.8768 0.0173
vn -0.9697 -0.1951 -0.1472
vn -0.9367 -0.3389 -0.0881
vn 0.0437 -0.9935 0.1053
vn 0.9918 -0.0280 0.1245
vn -0.5856 -0.7910 0.1770
vn 0.1324 0.9472 -0.2919
vn 0.7702 -0.5297 0.3554
vn -0.2300 -0.9112 0.3418
vn 0.4922 0.8047 -0.3318
vn -0.9839 0.0373 -0.1748
vn -0.9384 0.1614 -0.3056
vn -0.2502 0.9595 -0.1294
vn 0.8286 -0.5513 0.0975
vn -0.4026 0.9153 -0.0138
vn 0.3592 -0.9322 0.0438
vn 0.7271 0.6851 0.0445
vn 0.6457 0.7579 0.0928
vn -0.9436 -0.3141 -0.1047
vn -0.8862 -0.4627 -0.0245
vn -0.9955 0.0753 -0.0569
vn 0.9746 -0.2212 0.0345
vn 0.5281 -0.8479 -0.0466
vn 0.1302 -0.9885 0.0764
vn -0.3221 0.9466 0.0102
vn 0.1132 0.9867 -0.1169
vn 0.9894 0.1438 0.0220
vn -0.3758 -0.9063 0.1936
vn -0.9902 0.0683 0.1222
vn -0.6810 0.7314 -0.0354
vn -0.0940 0.9115 -0.4004
vn 0.8663 0.4982 -0.0357
vn 0.9845 -0.0854 0.1533
vn 0.7424 -0.5328 0.4061
vn 0.0576 -0.9078 0.4155
vn -0.8542 -0.5161 0.0630
vn -0.7277 -0.6835 0.0581
vn -0.3899 0.8404 -0.3764
vn 0.5081 0.8558 -0.0975
vn -0.9557 0.2054 -0.2111
vn 0.5815 0.8044 -0.1218
vn -0.1799 -0.9651 0.1903
vn 0.9745 -0.1357 0.1787
vn -0.8489 0.4833 -0.2139
vn 0.2447 0.9583 -0.1477
vn 0.9118 0.3940 0.1153
vn -0.2398 -0.9360 0.2578
vn 0.4825 -0.8447 0.2315
vn 0.9380 -0.0931 0.3340
vn -0.8772 0.3025 -0.3728
vn 0.0604 0.9459 -0.3187
vn -0.4530 -0.8748 0.1717
vn 0.8401 -0.4129 0.3519
vn 0.1365 0.9895 -0.0468
vn 0.7889 0.6045 0.1102
vn -0.9441 0.1869 -0.2714
vn -0.8126 0.5828 0.0016
vn 0.2583 -0.9646 0.0538
vn -0.2406 -0.9593 -0.1475
vn -0.9582 -0.2855 0.0183
vn -0.4839 0.8703 0.0915
vn 0.8099 0.5864 -0.0176
vn 0.6447 -0.7583 -0.0968
vn 0.1629 -0.9863 0.0252
vn -0.1467 -0.9892 -0.0047
vn 0.1960 -0.9612 0.1940
vn -0.8054 -0.5613 0.1906
vn 0.3262 0.9403 -0.0971
vn -0.9199 -0.3706 0.1280
vn -0.7991 0.5721 -0.1845
vn 0.9879 0.1345 -0.0777
vn 0.1578 0.9806 -0.1161
vn 0.9985 -0.0436 0.0331
vn 0.7358 -0.6235 0.2644
vn -0.9076 -0.4089 0.0953
vn -0.9334 0.3378 0.1213
vn -0.9276 0.2760 0.2519
vn 0.3895 0.8918 0.2301
vn 0.7499 0.6576 0.0722
vn 0.9474 -0.3155 -0.0533
vn -0.0904 -0.9683 -0.2328
vn -0.8651 0.2510 0.4342
vn -0.1054 0.9457 0.3074
vn 0.9926 0.1197 -0.0200
vn -0.1079 -0.9481 -0.2990
vn -0.2526 -0.9569 -0.1434
vn 0.6722 -0.6427 -0.3675
vn 0.7080 -0.6909 -0.1463
vn -0.1897 0.9149 0.3565
vn -0.9536 0.2630 0.1468
vn 0.6472 0.7592 0.0697
vn 0.3649 0.9051 0.2183
vn 0.2405 -0.7764 -0.5826
vn -0.7135 -0.6843 0.1505
vn -0.6866 -0.6266 -0.3687
vn -0.9614 0.2148 0.1721
vn 0.9712 -0.0301 -0.2364
vn 0.9676 -0.2287 -0.1075
vn 0.4342 -0.8719 -0.2263
vn 0.7900 0.6127 0.0223
vn 0.3539 -0.9346 0.0364
vn -0.8656 0.4986 -0.0458
vn 0.8531 0.5112 0.1049
vn 0.0888 -0.9920 0.0900
vn -0.5213 0.7870 0.3300
vn -0.6970 0.5893 0.4086
vn 0.6420 0.7508 0.1553
vn 0.8543 -0.4673 -0.2276
vn 0.7079 0.6982 0.1069
vn 0.9546 0.2443 -0.1704
vn -0.1975 -0.9504 -0.2401
vn -0.5602 -0.8261 -0.0620
vn -0.9676 -0.2409 0.0755
vn -0.9643 0.0541 0.2593
vn 0.3113 -0.8922 -0.3271
vn 0.8890 -0.2968 -0.3487
vn -0.3878 0.8607 0.3300
vn -0.0794 -0.9907 -0.1106
vn 0.7211 0.5242 -0.4530
vn 0.3387 -0.9117 -0.2327
vn 0.1217 0.8735 0.4714
vn -0.9793 0.1941 0.0576
vn 0.9816 0.0003 -0.1911
vn 0.3029 -0.8324 -0.4641
vn -0.6626 -0.7459 -0.0673
vn 0.8114 0.5816 -0.0587
vn 0.3402 0.8536 -0.3945
vn 0.4807 -0.8512 -0.2107
vn -0.8592 0.4043 0.3135
vn 0.6705 0.7377 -0.0793
vn 0.7819 0.6136 -0.1096
vn -0.0692 -0.9959 0.0587
vn -0.7293 -0.6790 0.0847
vn -0.9960 -0.0017 -0.0896
vn 0.9978 -0.0541 0.0387
vn 0.3913 -0.9170 -0.0778
vn -0.7314 -0.6746 -0.1005
vn -0.2405 0.9702 -0.0306
vn -0.2243 0.9658 0.1303
vn 0.9671 -0.2274 0.1138
vn -0.1824 -0.9743 -0.1319
vn -0.3889 -0.9213 0.0031
vn -0.9409 0.1739 0.2907
vn 0.9527 -0.0569 -0.2984
vn 0.1138 0.9855 0.1255
vn 0.9635 0.1672 -0.2091
vn -0.9439 -0.2292 0.2376
vn 0.8845 -0.4072 -0.2276
vn -0.8228 0.5018 0.2667
vn 0.0720 0.9123 0.4031
vn -0.9876 -0.1555 0.0236
vn 0.9655 -0.1638 -0.2026
vn -0.5132 0.7549 0.4083
vn -0.2467 -0.9029 -0.3521
vn 0.5763 -0.7454 -0.3349
vn -0.2963 -0.9526 0.0685
vn -0.9938 -0.0026 0.1110
vn 0.5534 0.8266 -0.1025
vn 0.9811 -0.1815 0.0669
vn -0.9353 -0.0620 0.3483
vn 0.6576 0.7248 -0.2056
vn 0.0117 0.9975 -0.0702
vn 0.8992 -0.4296 0.0829
vn 0.5040 -0.8444 -0.1816
vn -0.9194 0.3926 0.0232
vn -0.9270 0.3677 0.0741
vn 0.4445 0.8847 0.1406
vn 0.0199 -0.9994 0.0266
vn 0.4065 0.8734 0.2682
vn -0.9008 -0.4026 0.1630
vn 0.3003 0.9538 0.0115
vn 0.9662 -0.2362 -0.1035
vn -0.7649 0.6238 0.1608
vn 0.0927 -0.9763 -0.1957
vn -0.8779 0.4788 -0.0081
vn 0.5516 -0.7209 -0.4195
vn 0.7571 0.6401 0.1309
vn -0.9501 -0.3095 0.0391
vn -0.9646 -0.2422 0.1040
vn 0.5651 -0.7910 -0.2344
vn 0.9587 -0.1502 -0.2415
vn 0.1826 0.9635 0.1960
vn -0.8493 -0.5187 0.0977
vn 0.8781 0.4693 0.0931
vn 0.0644 0.9978 0.0141
vn -0.9948 0.0944 0.0387
vn 0.9989 0.0174 -0.0440
vn -0.5584 0.8072 0.1914
vn 0.3065 0.9519 -0.0016
vn 0.9911 0.1325 -0.0085
vn 0.2183 -0.9722 -0.0845
vn -0.8207 -0.5705 0.0297
vn -0.3938 -0.9156 0.0813
vn -0.6566 0.7392 0.1496
vn 0.9677 -0.2410 0.0738
vn 0.1397 -0.9889 -0.0499
vn -0.6025 -0.7977 0.0269
vn -0.7959 0.5948 0.1132
vn -0.9855 0.1639 -0.0432
vn -0.1973 -0.9386 -0.2829
vn -0.9079 0.1925 0.3723
vn -0.7100 0.5047 0.4911
vn 0.7910 0.6052 0.0894
vn 0.9184 -0.3733 -0.1311
vn 0.1519 -0.9160 -0.3712
vn -0.0958 0.9375 0.3347
vn 0.1845 0.9186 0.3494
vn -0.9745 -0.2229 0.0256
vn -0.2193 -0.9376 -0.2698
vn -0.9811 0.1700 0.0922
vn -0.7691 0.5861 0.2549
vn 0.6222 0.7825 0.0249
vn 0.8165 -0.5081 -0.2742
vn -0.0099 -0.9973 -0.0732
vn -0.7220 -0.6891 -0.0622
vn 0.9444 -0.3168 -0.0878
vn -0.8598 0.4731 0.1922
vn -0.7450 0.6670 -0.0039
vn 0.7828 0.6110 -0.1180
vn 0.1970 0.9804 -0.0049
vn 0.7514 -0.6548 0.0811
vn -0.0602 -0.9916 0.1148
vn -0.9160 -0.3869 0.1061
vn -0.6726 -0.7254 0.1462
vn 0.4445 0.6306 -0.6363
vn 0.6782 -0.3735 -0.6329
vn -0.3160 -0.6996 -0.6409
vn 0.7537 0.1830 -0.6313
vn -0.0122 0.7587 -0.6513
vn 0.1652 0.9863 0.0015
vn -0.3900 0.6464 -0.6558
vn -0.3305 0.9438 0.0016
vn -0.6532 0.3786 -0.6557
vn -0.7602 0.6497 0.0019
vn -0.7541 0.0042 -0.6568
vn -0.9964 0.0843 0.0018
vn -0.8107 -0.5854 0.0020
vn -0.6615 -0.3737 -0.6502
vn -0.0948 0.7892 0.6068
vn 0.6613 0.4493 0.6007
vn 0.6793 -0.4123 0.6071
vn -0.0906 -0.9881 0.1240
vn -0.3614 -0.9010 -0.2400
vn -0.4574 -0.8013 -0.3856
vn 0.6593 -0.7233 0.2054
vn 0.3316 -0.8702 -0.3643
vn 0.2837 -0.8439 -0.4553
vn 0.3316 0.8702 0.3643
vn 0.6593 0.7233 -0.2054
vn 0.9006 0.4343 0.0173
vn -0.3614 0.9010 0.2400
vn -0.0906 0.9881 -0.1240
vn 0.0449 0.9566 -0.2879
vn -0.9264 0.2722 0.2601
vn -0.7636 0.6107 -0.2094
vn -0.5886 0.6970 -0.4096
vn -0.7636 -0.6107 0.2094
vn -0.9264 -0.2722 -0.2601
vn -0.8898 -0.0797 -0.4493
vn 0.3404 0.9403 -0.0054
vn 0.9363 0.3511 0.0024
vn 0.8044 0.5942 -0.0000
vn 0.5566 -0.8252 0.0965
vn 0.2289 0.9702 0.0799
vn 0.7439 -0.6682 0.0081
vn 0.8318 0.5419 0.1205
vn -0.8860 -0.4573 -0.0772
vn -0.9896 0.1396 -0.0338
vn -0.4841 0.8744 -0.0334
vn 0.5589 0.8229 0.1025
vn 0.9931 -0.1171 -0.0070
vn 0.3140 -0.9466 -0.0727
vn -0.4761 -0.8664 -0.1509
vn -0.6057 -0.7931 0.0639
vn -0.6622 -0.7279 0.1780
vn 0.9355 -0.3502 0.0469
vn -0.7894 0.6113 0.0564
vn 0.7362 -0.6155 0.2814
vn 0.8658 0.4710 -0.1690
vn -0.8010 0.5914 -0.0929
vn -0.1365 0.9902 0.0277
vn -0.9483 -0.1972 -0.2486
vn -0.1092 0.9660 0.2343
vn 0.8327 0.5009 0.2359
vn 0.5883 -0.7943 -0.1514
vn -0.3856 -0.9199 -0.0707
vn -0.8360 -0.5362 -0.1166
vn -0.9061 0.3595 0.2231
vn 0.8940 0.4130 -0.1736
vn 0.4580 -0.8725 -0.1704
vn 0.8027 0.5961 0.0209
vn -0.3371 0.9246 0.1776
vn -0.6132 -0.7693 0.1795
vn 0.8745 -0.4727 -0.1087
vn -0.7784 0.6178 0.1118
vn 0.9855 0.1629 0.0466
vn -0.9180 -0.3633 0.1591
vn -0.4476 0.8649 -0.2272
vn -0.9595 -0.2792 -0.0383
vn 0.3466 -0.9302 0.1213
vn 0.2181 -0.9473 0.2347
vn 0.4634 0.8857 -0.0285
vn -0.8420 0.5071 -0.1838
vn 0.8065 0.5601 0.1891
vn 0.0143 -0.9886 0.1502
vn -0.4801 -0.8752 -0.0603
vn -0.9904 -0.1015 0.0936
vn -0.8376 0.5346 0.1127
vn -0.8645 -0.4956 0.0839
vn 0.2433 0.9672 0.0735
vn 0.7299 -0.6765 -0.0978
vn 0.7248 -0.6847 0.0765
vn 0.9710 0.2343 -0.0471
vn 0.7752 0.6316 0.0064
vn -0.8948 0.4459 0.0247
vn 0.9718 -0.2342 0.0290
vn 0.0210 0.9996 -0.0202
vn -0.5979 -0.8016 0.0075
vn -0.9804 -0.1961 0.0178
vn -0.7250 0.6841 -0.0803
vn 0.8693 0.4230 0.2558
vn 0.1491 -0.9858 -0.0768
vn -0.8253 -0.5184 -0.2241
vn -0.7037 0.6960 0.1427
vn 0.6412 -0.7278 -0.2432
vn -0.5830 -0.8105 0.0571
vn 0.3906 -0.8974 -0.2054
vn 0.2020 0.9788 0.0325
vn 0.8582 0.4212 -0.2936
vn 0.6999 -0.7139 0.0219
vn -0.8226 0.4607 0.3332
vn -0.4142 0.9055 0.0926
vn -0.7140 -0.6427 0.2775
vn -0.3675 0.9212 -0.1276
vn 0.7144 0.3186 0.6230
vn 0.9139 0.4059 -0.0041
vn -0.1905 -0.9817 -0.0022
vn -0.8704 0.4454 -0.2096
vn -0.4268 0.9017 -0.0691
vn -0.5773 -0.8070 -0.1246
vn 0.2914 -0.9565 0.0160
vn 0.9625 -0.1137 0.2462
vn 0.0655 -0.9973 0.0334
vn -0.3246 -0.9263 0.1916
vn -0.9493 -0.2329 0.2113
vn 0.1813 0.9799 -0.0831
vn 0.8691 -0.4773 0.1295
vn -0.7880 0.6156 -0.0107
vn 0.9970 0.0396 -0.0662
vn 0.4098 -0.9120 -0.0180
vn 0.5710 0.8139 -0.1071
vn 0.0639 0.9977 0.0239
vn -0.9687 -0.1794 -0.1713
vn -0.9894 0.1452 0.0011
vn -0.4171 -0.8986 -0.1359
vn -0.9617 -0.2742 -0.0076
vn 0.6549 -0.7521 -0.0741
vn 0.4461 0.8894 0.0998
vn 0.9744 -0.2168 -0.0601
vn 0.3315 -0.9388 -0.0934
vn -0.5470 -0.8329 -0.0839
vn -0.6977 0.7152 0.0398
vn -0.8690 0.4849 0.0984
vn 0.9892 -0.0968 -0.1099
vn -0.6729 0.7206 0.1672
vn 0.4541 -0.8874 -0.0796
vn 0.1141 0.9877 -0.1070
vn -0.7094 -0.6728 0.2100
vn 0.9846 0.0553 -0.1658
vn 0.0619 -0.9757 0.2101
vn -0.9724 0.1106 0.2054
vn -0.0046 0.9948 -0.1015
vn 0.9401 0.3385 0.0405
vn -0.6316 0.7752 -0.0095
vn -0.3628 -0.9256 -0.1080
vn -0.9505 0.2767 -0.1412
vn 0.8672 -0.4931 0.0696
vn 0.8916 -0.4527 -0.0099
vn 0.3741 0.9235 0.0842
vn -0.9350 0.3537 -0.0266
vn 0.5425 0.8367 0.0752
vn 0.4670 -0.8588 0.2105
vn 0.9447 -0.2913 0.1507
vn -0.9603 -0.2748 0.0483
vn -0.0928 0.9832 -0.1571
vn 0.2672 0.9591 -0.0940
vn 0.9340 0.3570 -0.0127
vn -0.9790 0.1748 -0.1047
vn -0.7546 -0.5754 -0.3154
vn -0.6559 0.7261 0.2064
vn -0.3749 -0.9270 0.0080
vn -0.9485 -0.3139 -0.0431
vn 0.1119 0.9925 0.0499
vn 0.4302 -0.8967 -0.1040
vn 0.9625 0.1824 -0.2005
vn -0.6666 0.7356 0.1206
vn 0.4738 0.8787 -0.0590
vn 0.8909 -0.4447 0.0926
vn -0.9702 0.2308 -0.0731
vn -0.4882 0.8719 -0.0395
vn -0.3080 -0.9468 0.0936
vn -0.6540 -0.7469 0.1199
vn 0.1363 0.9882 0.0704
vn 0.9986 0.0510 -0.0155
vn -0.8253 -0.5386 0.1696
vn 0.9043 0.3826 -0.1894
vn 0.9337 -0.3561 0.0363
vn -0.1840 -0.9829 -0.0094
vn -0.9902 0.1235 0.0654
vn -0.1757 -0.9823 -0.0644
vn -0.0513 0.9969 0.0605
vn 0.9926 0.0932 -0.0780
vn -0.2902 0.9566 0.0258
vn -0.7747 0.6225 0.1113
vn 0.0441 -0.9955 -0.0833
vn 0.4556 0.8902 -0.0058
vn 0.7487 -0.6629 0.0014
vn -0.6173 -0.7848 0.0540
vn -0.9847 -0.1720 -0.0266
vn -0.3434 -0.9229 0.1743
vn 0.9699 0.2189 0.1068
vn -0.7141 0.7001 -0.0036
vn -0.3714 0.9015 -0.2220
vn 0.9700 0.1864 0.1562
vn 0.9860 -0.1245 0.1108
vn -0.4255 -0.8947 0.1355
vn -0.4423 -0.8923 -0.0899
vn -0.6482 0.7610 0.0273
vn -0.1295 0.9888 0.0742
vn 0.6777 -0.7204 -0.1473
vn -0.6102 -0.7715 -0.1801
vn -0.8683 -0.4232 0.2590
vn -0.8259 0.5491 0.1277
vn 0.8333 -0.5038 -0.2275
vn 0.9404 -0.3305 -0.0799
vn 0.2308 -0.9659 -0.1169
vn -0.3225 0.9338 -0.1551
vn 0.9697 0.2116 0.1217
vn -0.5237 -0.7875 0.3250
vn 0.0465 -0.9876 0.1501
vn 0.4759 -0.8785 0.0415
vn -0.5847 0.7803 -0.2222
vn -0.5829 0.8105 0.0583
vn 0.7401 0.6590 0.1341
vn 0.4813 0.8712 0.0966
vn -0.8661 -0.4890 -0.1040
vn 0.5451 0.8369 0.0492
vn 0.9467 -0.2331 -0.2222
vn 0.3040 -0.9444 -0.1251
vn -0.9061 -0.4230 -0.0094
vn 0.9880 -0.0343 -0.1506
vn -0.8237 -0.5665 0.0233
vn -0.7125 -0.6902 0.1264
vn -0.9878 0.0263 0.1532
vn 0.9973 -0.0534 0.0513
vn 0.6833 -0.7299 -0.0208
vn 0.0004 0.9978 -0.0661
vn -0.0370 0.9611 -0.2739
vn 0.7960 0.6052 -0.0108
vn 0.5608 -0.7871 0.2569
vn -0.9101 -0.4143 0.0040
vn -0.9550 -0.2888 0.0677
vn 0.2942 0.9490 0.1131
vn 0.8970 0.3292 0.2949
vn 0.9083 -0.2662 0.3228
vn -0.2336 -0.9685 -0.0865
vn -0.8196 -0.5248 -0.2298
vn -0.8025 0.5946 -0.0494
vn 0.0748 0.9736 0.2159
vn 0.6326 -0.7744 0.0097
vn 0.7120 -0.5771 0.4000
vn 0.4432 -0.8861 -0.1359
vn -0.5981 -0.8012 -0.0186
vn 0.4703 0.8708 0.1433
vn -0.9529 0.2658 -0.1458
vn -0.7139 0.6820 -0.1591
vn -0.6454 -0.7420 -0.1815
vn -0.6892 -0.7124 -0.1324
vn 0.6809 0.6626 0.3121
vn 0.9535 0.2869 0.0925
vn 0.8348 -0.5363 -0.1244
vn -0.7912 0.6111 -0.0243
vn 0.6825 -0.7132 0.1598
vn -0.4247 0.9043 -0.0435
vn 0.9237 -0.3057 0.2308
vn -0.6602 -0.7390 -0.1347
vn 0.5769 -0.7652 0.2856
vn -0.2286 0.9620 -0.1495
vn 0.7250 0.6518 0.2228
vn -0.6221 -0.7584 -0.1945
vn -0.8183 0.3724 -0.4379
vn 0.0395 -0.9769 0.2101
vn -0.5975 0.8017 -0.0156
vn -0.5966 0.8025 -0.0096
vn 0.5213 0.8372 0.1652
vn 0.8857 -0.4362 0.1590
vn 0.9877 0.0737 0.1380
vn -0.0928 -0.9934 -0.0668
vn -0.2635 -0.9623 -0.0678
vn -0.9493 -0.2570 -0.1811
vn -0.9852 -0.1264 -0.1158
vn 0.6651 -0.7388 0.1084
vn -0.8384 0.5428 -0.0492
vn -0.1483 0.9885 -0.0296
vn 0.7596 0.6428 0.0993
vn 0.8468 0.4810 0.2272
vn -0.5229 0.8409 -0.1394
vn 0.2695 -0.9535 0.1350
vn -0.9523 0.1524 -0.2644
vn 0.6457 0.7213 0.2508
vn -0.9378 0.2992 -0.1759
vn -0.7226 0.6885 -0.0612
vn 0.0908 -0.9873 -0.1303
vn 0.4596 -0.8547 -0.2413
vn 0.9371 0.3128 0.1549
vn 0.2253 -0.9593 0.1701
vn -0.3300 -0.8526 0.4051
vn 0.4476 0.8914 0.0712
vn 0.5891 -0.7459 0.3110
vn -0.9035 0.0568 -0.4248
vn 0.6551 -0.7084 0.2628
vn -0.9556 -0.2943 -0.0166
vn -0.9892 0.1394 -0.0462
vn -0.6417 0.7666 -0.0238
vn 0.2574 -0.9631 0.0785
vn -0.4458 -0.8825 0.1500
vn 0.2114 0.9774 -0.0025
vn -0.7567 0.6390 -0.1380
vn 0.9352 -0.3017 0.1853
vn 0.8375 0.5454 0.0350
vn 0.0717 0.9911 0.1122
vn 0.8933 0.4069 0.1907
vn 0.9280 -0.0475 0.3695
vn -0.6706 0.7002 -0.2448
vn -0.4342 0.9008 0.0085
vn 0.0492 -0.9854 -0.1631
vn -0.9325 -0.3431 -0.1126
vn 0.9019 0.4317 -0.0119
vn -0.8083 -0.5824 0.0857
vn 0.8254 0.5037 0.2549
vn 0.8084 -0.5857 -0.0579
vn -0.8957 0.4373 0.0808
vn -0.3150 -0.9228 0.2216
vn -0.6792 0.7234 -0.1240
vn -0.9238 0.1807 -0.3375
vn 0.9152 0.2472 0.3182
vn 0.5162 -0.8526 0.0815
vn -0.9181 0.3399 -0.2038
vn 0.2202 0.9651 0.1418
vn 0.4021 0.8910 0.2109
vn -0.9362 0.3147 -0.1568
vn -0.3646 -0.9273 0.0850
vn -0.9665 -0.2019 -0.1584
vn -0.3759 -0.9119 0.1650
vn 0.3643 0.9307 -0.0328
vn -0.3869 0.8925 -0.2321
vn 0.9037 -0.3184 0.2864
vn 0.9890 0.0548 0.1375
vn -0.2970 -0.9549 0.0067
vn 0.7819 0.4619 0.4187
vn 0.8395 -0.5162 0.1699
vn -0.3010 -0.7529 -0.5852
vn 0.9576 -0.2547 0.1349
vn 0.7499 0.6611 -0.0246
vn -0.9672 -0.2234 -0.1208
vn -0.9020 0.4295 -0.0439
vn -0.5786 -0.8111 -0.0855
vn -0.2514 0.1632 0.9540
vn -0.2790 0.3531 0.8930
vn -0.7784 0.6187 -0.1061
vn 0.5956 0.7844 0.1732
vn 0.8024 -0.5893 0.0942
vn -0.2843 0.9587 -0.0030
vn 0.3216 0.9469 0.0028
vn -0.6096 -0.7609 -0.2222
vn -0.4331 -0.8999 0.0504
vn 0.9439 0.1422 0.2980
vn 0.2311 -0.9698 0.0781
vn -0.6552 0.7427 -0.1384
vn -0.9470 -0.0971 -0.3061
vn 0.2931 -0.9540 0.0633
vn -0.8530 0.4814 -0.2017
vn 0.9398 0.0611 0.3363
vn 0.6407 0.7401 0.2042
vn 0.0713 -0.9729 0.2201
vn -0.0368 0.9832 -0.1788
vn 0.1629 0.9801 0.1133
vn 0.8012 -0.5016 0.3263
vn 0.6065 -0.7642 0.2194
vn -0.8947 -0.3705 -0.2495
vn -0.9545 -0.2358 -0.1825
vn 0.8051 -0.5704 0.1623
vn -0.9178 -0.2902 -0.2710
vn -0.0469 0.9904 0.1300
vn -0.8427 -0.5339 -0.0694
vn 0.8283 0.5459 0.1267
vn 0.9888 -0.1335 0.0670
vn -0.9511 -0.2768 -0.1371
vn 0.8562 0.5151 0.0396
vn 0.5757 -0.8081 0.1247
vn 0.4627 0.8862 0.0220
vn 0.0597 -0.9639 0.2596
vn 0.9479 -0.1233 0.2938
vn -0.9007 -0.3453 -0.2636
vn -0.9782 0.0910 -0.1866
vn -0.0219 0.9019 -0.4314
vn 0.3200 0.8315 -0.4541
vn 0.3697 0.8772 -0.3064
vn 0.9881 -0.1250 0.0895
vn 0.9689 -0.1703 0.1794
vn -0.1803 -0.8818 0.4359
vn -0.0295 -0.9574 0.2874
vn -0.1364 0.9788 -0.1529
vn 0.9790 -0.1682 -0.1152
vn -0.4820 -0.8180 0.3139
vn -0.9735 -0.2235 0.0491
vn 0.8923 0.2181 -0.3952
vn -0.6109 -0.7176 0.3344
vn -0.9256 0.3742 0.0561
vn -0.8768 0.3492 0.3306
vn -0.1388 0.9891 -0.0498
vn -0.7011 -0.6228 0.3473
vn -0.8818 0.2730 0.3846
vn 0.7986 -0.5706 -0.1916
vn 0.6196 0.7267 -0.2967
vn -0.8739 0.4821 0.0625
vn 0.2625 0.9455 -0.1926
vn 0.2389 -0.9643 0.1146
vn 0.4949 -0.8313 0.2530
vn 0.9636 -0.2547 -0.0817
vn 0.9069 0.4169 0.0615
vn 0.2602 0.9580 -0.1207
vn -0.9990 0.0247 -0.0366
vn -0.9797 0.1951 -0.0458
vn 0.1807 0.9828 -0.0373
vn 0.8218 -0.5174 0.2387
vn -0.1552 -0.9802 0.1230
vn 0.9811 -0.0862 -0.1735
vn -0.0733 -0.9964 0.0417
vn -0.3781 -0.9169 0.1283
vn -0.9885 0.0396 0.1463
vn -0.9016 -0.3022 0.3093
vn -0.7880 0.6053 0.1127
vn 0.5820 0.7478 -0.3194
vn -0.1283 -0.9454 0.2997
vn -0.7969 -0.5620 0.2215
vn 0.9996 0.0101 -0.0273
vn 0.9045 -0.4251 -0.0330
vn -0.9370 -0.3328 0.1060
vn 0.4813 0.8580 -0.1797
vn -0.9254 0.3280 -0.1898
vn -0.8063 0.5764 -0.1328
vn 0.8821 0.4645 0.0784
vn 0.4492 -0.8503 0.2741
vn -0.0711 -0.9597 0.2720
vn -0.1849 -0.9482 0.2582
vn -0.9212 0.3854 -0.0528
vn -0.7608 0.6057 -0.2331
vn 0.8007 0.4920 -0.3419
vn 0.8315 -0.5498 0.0796
vn -0.4110 0.8853 -0.2176
vn 0.5797 0.7018 -0.4141
vn 0.6978 -0.7138 0.0600
vn -0.0944 -0.9394 0.3296
vn -0.8236 -0.3886 0.4132
vn -0.7600 0.6491 0.0327
vn -0.9675 0.0674 0.2438
vn 0.9206 0.0367 -0.3888
vn -0.2536 -0.8904 0.3781
vn -0.1967 0.9469 -0.2542
vn -0.2915 0.9467 -0.1367
vn -0.1234 0.9767 -0.1756
vn 0.7029 0.6647 -0.2532
vn 0.9626 -0.2619 -0.0692
vn 0.7438 -0.6637 0.0786
vn -0.9526 -0.2419 0.1843
vn -0.9406 0.3332 -0.0646
vn 0.9974 0.0548 0.0475
vn -0.0194 -0.9994 -0.0275
vn 0.6900 0.7201 0.0727
vn 0.0014 0.9968 -0.0804
vn -0.9953 -0.0276 0.0933
vn 0.6053 -0.7946 -0.0471
vn -0.6918 0.6627 0.2869
vn -0.4171 -0.8935 0.1665
vn 0.2448 -0.9671 0.0699
vn 0.0968 -0.9538 0.2846
vn 0.9803 -0.1296 -0.1492
vn 0.4301 0.8716 -0.2352
vn -0.7572 -0.6002 0.2579
vn 0.0797 0.9606 -0.2662
vn -0.9939 0.1047 0.0350
vn 0.9452 0.3168 -0.0790
vn 0.2710 0.9484 -0.1644
vn -0.9675 0.2004 -0.1543
vn -0.6731 0.7255 -0.1436
vn -0.8447 -0.5259 0.0996
vn 0.9840 -0.0920 0.1524
vn 0.2240 -0.9702 0.0923
vn -0.7557 -0.6466 0.1038
vn -0.1506 0.9885 -0.0138
vn 0.9523 -0.2506 0.1741
vn -0.9246 -0.1432 0.3531
vn -0.9353 0.0186 0.3532
vn -0.6776 0.7067 -0.2035
vn 0.9409 -0.3277 -0.0858
vn 0.5941 -0.7324 0.3326
vn 0.0371 -0.8775 0.4782
vn -0.2643 -0.7866 0.5580
vn 0.7312 0.6094 -0.3064
vn 0.4303 0.7318 -0.5286
vn -0.1450 0.8752 -0.4616
vn -0.7143 0.6718 -0.1961
vn -0.6866 -0.5687 0.4529
vn 0.1060 -0.9773 0.1834
vn -0.8651 0.5013 0.0159
vn -0.5857 -0.8104 -0.0158
vn -0.9901 -0.0858 0.1112
vn -0.2385 0.9643 0.1148
vn 0.2472 0.9535 -0.1724
vn 0.8984 0.4293 -0.0931
vn 0.9978 -0.0220 0.0631
vn 0.9959 -0.0821 -0.0375
vn 0.2101 -0.9742 -0.0825
vn -0.6605 -0.7480 0.0649
vn -0.5116 0.8592 0.0052
vn 0.7262 -0.6874 0.0012
vn -0.9091 -0.3622 0.2056
vn 0.8429 0.5082 -0.1768
vn 0.1146 -0.9628 0.2448
vn -0.8451 0.5255 0.0979
vn -0.0995 0.9511 -0.2925
vn 0.8200 0.5091 -0.2617
vn 0.1096 -0.9551 0.2754
vn 0.1848 0.9535 -0.2381
vn 0.7973 -0.5978 0.0833
vn 0.9578 -0.2519 0.1383
vn -0.9743 0.1365 0.1792
vn 0.1144 -0.9785 0.1714
vn 0.5329 0.8461 -0.0053
vn 0.2515 0.9677 -0.0198
vn -0.8016 0.5859 -0.1189
vn -0.9592 0.2808 -0.0312
vn -0.5947 -0.8039 -0.0010
vn -0.4199 -0.9067 0.0393
vn -0.9087 0.4151 0.0446
vn 0.5892 0.8073 -0.0330
vn 0.8836 -0.4229 0.2012
vn 0.9556 -0.2943 0.0123
vn -0.5423 -0.6035 0.5845
vn 0.1881 0.7731 -0.6057
vn -0.4190 -0.2303 0.8783
vn 0.2585 0.8539 -0.4516
vn -0.9536 0.3008 -0.0096
vn -0.9296 0.3546 -0.1006
vn -0.0455 -0.9887 0.1430
vn -0.5204 -0.7823 0.3423
vn 0.4800 -0.8767 -0.0314
vn -0.4023 -0.9133 0.0632
vn 0.1151 0.9809 -0.1570
vn 0.8057 0.5873 -0.0772
vn 0.9741 0.1101 -0.1976
vn 0.2456 -0.9448 -0.2167
vn -0.9833 -0.0670 0.1695
vn -0.9174 -0.3365 0.2123
vn -0.2677 0.9625 0.0446
vn 0.9697 -0.1467 -0.1956
vn -0.9582 0.2068 0.1976
vn -0.3579 0.9213 0.1522
vn -0.0850 0.9710 -0.2235
vn -0.9975 0.0205 0.0672
vn -0.5597 0.7968 -0.2277
vn 0.9485 0.3136 -0.0446
vn 0.7588 -0.6407 0.1172
vn -0.5889 -0.7009 0.4024
vn -0.3750 0.9234 -0.0819
vn 0.2172 0.9445 -0.2466
vn 0.4856 -0.8689 0.0962
vn 0.9960 -0.0880 -0.0178
vn -0.5914 -0.8062 -0.0190
vn -1.0000 -0.0018 -0.0081
vn 0.4758 0.8792 -0.0232
vn -0.7296 -0.6794 0.0786
vn -0.5928 0.8040 0.0473
vn -0.4703 0.8824 -0.0149
vn 0.8749 -0.4796 -0.0671
vn 0.9987 -0.0374 -0.0338
vn 0.1574 -0.9816 0.1079
vn -0.4765 -0.8365 0.2707
vn -0.9770 -0.0996 0.1884
vn -0.5058 0.8610 -0.0526
vn -0.6752 0.5680 -0.4706
vn 0.9373 0.3211 -0.1354
vn 0.9593 0.2592 -0.1125
vn 0.6243 -0.5810 0.5223
vn -0.3865 0.8160 -0.4298
vn 0.6583 0.7083 -0.2549
vn 0.9417 -0.3224 0.0960
vn -0.9659 -0.2408 0.0955
vn -0.5680 0.8128 -0.1293
vn -0.6172 -0.7209 0.3154
vn 0.3957 -0.9039 0.1624
vn -0.8273 -0.5292 0.1884
vn 0.3000 0.9465 -0.1186
vn -0.8682 0.4154 0.2714
vn -0.5712 -0.8052 0.1593
vn -0.4615 -0.8806 0.1075
vn 0.3238 -0.9424 -0.0838
vn 0.9256 0.1558 -0.3451
vn -0.3317 0.9143 0.2324
vn -0.1679 0.9771 0.1308
vn 0.7871 -0.5536 -0.2722
vn 0.7792 0.5472 -0.3057
vn -0.9640 0.0183 0.2651
vn 0.0790 -0.9915 0.1035
vn 0.9834 -0.1479 -0.1055
vn 0.0476 0.9755 -0.2147
vn 0.2065 -0.9320 0.2979
vn -0.7696 -0.6113 0.1847
vn 0.9914 0.1282 0.0251
vn 0.1946 0.9471 -0.2554
vn 0.9550 0.2965 0.0035
vn -0.6430 -0.7435 0.1840
vn 0.0761 -0.9956 0.0548
vn -0.9601 -0.2773 0.0369
vn -0.7656 0.6411 0.0526
vn -0.4984 0.8411 -0.2104
vn -0.8637 -0.4921 0.1088
vn 0.3016 0.9509 -0.0700
vn 0.8764 0.4764 -0.0707
vn 0.6754 -0.7308 -0.0986
vn -0.9411 0.2997 0.1565
vn -0.8581 0.5016 0.1099
vn -0.0006 0.9928 -0.1195
vn 0.2650 -0.9569 0.1190
vn -0.3041 -0.9456 0.1153
vn -0.9092 -0.3362 0.2458
vn 0.9522 -0.3047 0.0203
vn 0.6539 0.7141 -0.2498
vn 0.2543 0.9481 -0.1907
vn -0.7482 0.6461 -0.1505
vn 0.7130 -0.6637 0.2263
vn -0.9351 -0.3059 0.1792
vn 0.2377 -0.7335 -0.6368
vn -0.6772 -0.3484 -0.6481
vn -0.5406 0.5366 -0.6480
vn -0.7583 0.1174 -0.6413
vn -0.3161 -0.6996 -0.6408
vn 0.4180 0.6468 -0.6379
vn 0.6928 0.7212 0.0025
vn 0.7057 0.2765 -0.6523
vn -0.1053 0.7635 -0.6371
vn 0.0546 0.9985 0.0026
vn -0.5388 0.8424 0.0019
vn -0.8978 0.4405 0.0023
vn -0.9882 -0.1530 0.0026
vn -0.7267 -0.6870 0.0022
vn 0.7466 -0.1114 -0.6559
vn 0.8687 -0.4953 0.0015
vn 0.6068 -0.4600 -0.6482
vn 0.0612 -0.8510 0.5216
vn -0.5101 -0.5424 0.6675
vn 0.1136 -0.1538 0.9816
vn 0.9513 0.3052 -0.0428
vn 0.9024 0.4288 0.0429
vn 0.7772 0.6037 0.1775
vn -0.2858 -0.9583 0.0057
vn -0.5988 -0.7680 -0.2270
vn -0.8579 -0.4433 0.2599
vn 0.4929 0.8519 -0.1769
vn 0.0709 0.9868 0.1458
vn -0.3841 0.9184 0.0949
vn 0.8541 -0.5027 0.1336
vn 0.7020 -0.6842 -0.1975
vn 0.6091 -0.7254 -0.3207
vn 0.9811 0.1185 0.1528
vn 0.9811 -0.1185 -0.1528
vn 0.9312 -0.2234 -0.2879
vn -0.9160 0.3319 -0.2252
vn -0.9160 -0.3319 0.2252
vn 0.7020 0.6842 0.1975
vn 0.8541 0.5027 -0.1336
vn 0.8761 0.4032 -0.2645
vn 0.1031 0.9784 -0.1792
vn 0.2409 0.9500 -0.1988
vn 0.5088 0.8306 -0.2264
vn 0.4929 -0.8519 0.1769
vn -0.9684 0.1965 0.1538
vn -0.8579 0.4433 -0.2599
vn -0.5988 0.7680 0.2270
vn 0.9024 -0.4288 -0.0429
vn 0.9513 -0.3052 0.0428
vn 0.9798 -0.0919 0.1774
vn -0.9684 -0.1965 -0.1538
vn -0.9523 -0.1357 -0.2734
vn -0.3162 0.9487 0.0004
vn -0.7328 0.6805 -0.0000
vn -0.6304 0.6996 -0.3363
vn 0.8089 -0.5841 -0.0670
vn -0.7397 -0.6729 -0.0083
vn -0.7274 0.6862 0.0007
vn 0.1662 -0.9861 0.0009
vn 0.7415 0.6668 0.0743
vn -0.8274 -0.5615 0.0083
vn -0.5942 -0.7672 0.2413
vn -0.9003 -0.4200 -0.1144
vn 0.3463 0.9363 0.0592
vn 0.8779 0.4626 0.1238
vn 0.6857 0.6867 0.2413
vn 0.9419 0.3307 0.0593
vn 0.0753 0.9547 0.2879
vn 0.6098 -0.7844 -0.1133
vn -0.4717 0.8411 0.2645
vn -0.9756 -0.0522 -0.2131
vn -0.7426 0.6697 0.0005
vn -0.5718 -0.6772 0.4631
vn -0.9322 0.3612 -0.0206
vn -0.9935 0.0744 -0.0856
vn -0.3003 0.9487 0.0987
vn -0.5161 0.8265 0.2246
vn -0.1424 0.9898 0.0100
vn -0.1157 -0.9932 0.0146
vn -0.3924 -0.6489 -0.6518
vn -0.7555 0.0003 -0.6552
vn 0.0471 -0.7715 -0.6344
vn 0.5597 -0.8287 0.0004
vn 0.8670 0.4849 -0.1145
vn 0.6162 0.7876 -0.0046
vn -0.6921 0.7217 -0.0044
vn 0.9108 -0.3500 -0.2190
vn -0.7868 -0.6172 0.0062
vn -0.2336 -0.9723 -0.0028
vn 0.8511 -0.5174 -0.0886
vn 0.8575 0.4324 -0.2787
vn 0.9931 -0.0691 -0.0946
vn -0.8739 0.0093 0.4859
vn -0.7347 -0.6215 0.2719
vn 0.0220 -0.9722 0.2330
vn -0.2330 -0.9508 -0.2042
vn -0.7967 0.5787 0.1743
vn 0.9610 -0.2729 0.0447
vn 0.0190 -0.9971 -0.0739
vn 0.9842 0.1772 -0.0044
vn 0.3820 0.9178 0.1079
vn 0.8520 -0.5114 -0.1116
vn -0.6639 -0.7137 -0.2235
vn -0.4138 -0.8621 -0.2925
vn -0.8055 -0.5926 0.0008
vn 0.9871 0.1600 -0.0077
vn 0.6823 0.7309 -0.0156
vn 0.8035 0.5953 -0.0000
vn -0.6864 -0.7271 0.0113
vn 0.0970 0.9930 -0.0676
vn -0.2244 -0.9745 -0.0036
vn 0.5888 0.8078 -0.0281
vn -0.9724 -0.2320 0.0256
vn 0.1777 0.9765 -0.1223
vn -0.2752 -0.9442 -0.1812
vn -0.7147 -0.3192 0.6223
vn 0.1094 -0.8795 -0.4633
vn -0.9291 -0.2636 0.2595
vn -0.9341 0.1401 0.3284
vn 0.6682 -0.7405 0.0719
vn -0.7641 -0.6357 -0.1098
vn 0.2664 0.9169 0.2970
vn -0.5503 -0.8333 -0.0534
vn 0.2446 -0.7355 -0.6319
vn 0.6387 0.7694 0.0003
vn -0.3079 -0.9514 0.0009
vn -0.5886 -0.6970 0.4096
vn 0.0449 -0.9566 0.2879
vn 0.9006 -0.4343 -0.0173
vn 0.2837 0.8439 0.4553
vn -0.4574 0.8013 0.3856
vn -0.8898 0.0796 0.4493
vn 0.8035 0.5953 -0.0001
vn 0.2771 0.9575 -0.0804
vn -0.4101 -0.9121 0.0004
vn -0.9380 -0.3454 0.0275
vn 0.5800 0.7613 0.2899
vn 0.2543 0.9635 0.0833
vn -0.8075 0.5172 0.2835
vn -0.6138 0.7837 0.0953
vn 0.9389 0.2536 -0.2329
vn -0.5963 -0.7863 0.1620
vn -0.0624 -0.9976 0.0291
vn -0.2509 0.9519 -0.1761
vn -0.3913 0.9109 0.1308
vn 0.0502 -0.9810 0.1874
vn -0.3840 0.8974 -0.2172
vn -0.7925 0.5837 -0.1771
vn 0.1556 -0.9799 -0.1247
vn 0.7321 -0.6732 0.1038
vn 0.9087 0.4164 0.0294
vn 0.7180 -0.6361 0.2826
vn -0.7297 -0.6379 -0.2462
vn -0.6990 -0.7017 -0.1380
vn 0.5632 -0.8156 0.1326
vn 0.4463 -0.8936 -0.0481
vn -0.2161 -0.9623 -0.1654
vn 0.1793 0.9740 -0.1386
vn -0.8601 0.5028 -0.0861
vn 0.0633 -0.8068 0.5875
vn 0.5902 -0.8072 -0.0108
vn -0.9970 -0.0180 0.0751
vn 0.8001 -0.5995 -0.0235
vn 0.8868 -0.4579 0.0626
vn -0.9261 0.3653 -0.0943
vn -0.2104 -0.9773 0.0265
vn 0.0178 -0.9944 0.1037
vn 0.9913 -0.1220 -0.0487
vn 0.6629 0.7389 -0.1213
vn -0.4467 -0.7003 0.5569
vn -0.2895 -0.9572 0.0008
vn 0.5615 0.7600 -0.3273
vn 0.2409 -0.9500 0.1988
vn 0.5088 -0.8306 0.2264
vn 0.1031 -0.9784 0.1792
vn 0.8761 -0.4032 0.2645
vn -0.6802 0.7232 -0.1200
vn 0.9312 0.2234 0.2879
vn 0.6091 0.7254 0.3207
vn -0.3840 -0.9184 -0.0949
vn -0.2858 0.9583 -0.0057
vn 0.7772 -0.6037 -0.1775
vn -0.9523 0.1357 0.2734
vn 0.9798 0.0919 -0.1774
vn -0.5409 -0.8411 0.0066
vn -0.3032 -0.9529 -0.0066
vn -0.9361 -0.3517 0.0059
vn -0.9897 -0.1428 -0.0059
vn 0.9134 0.4048 -0.0432
vn 0.3040 -0.9468 -0.1057
vn 0.4869 -0.8590 -0.1582
vn 0.3574 0.9313 0.0707
vn 0.5176 0.8446 0.1367
vn -0.1362 -0.9857 0.0989
vn 0.0157 -0.9971 0.0747
vn -0.1507 0.9886 0.0050
vn -0.2668 0.9636 0.0200
vn -0.7437 0.6680 0.0268
vn -0.8869 0.4618 0.0049
vn 0.7745 -0.6326 0.0047
vn -0.9704 0.2414 -0.0003
vn -0.9241 -0.3821 0.0004
vn 0.6377 -0.7703 -0.0000
vn 0.6284 -0.7774 0.0263
vn 0.4197 -0.9034 0.0880
vn 0.9461 -0.3184 -0.0597
vn 0.9777 -0.2006 -0.0622
vn 0.6539 0.7566 -0.0001
vn 0.9684 0.2493 -0.0000
vn 0.1870 0.9824 -0.0000
vn -0.3184 0.9480 -0.0003
vn -0.4338 -0.9010 0.0004
vn 0.1661 -0.9861 -0.0001
vn 0.9378 -0.3472 0.0001
vn 0.9252 0.3795 -0.0041
vn 0.1554 0.9871 -0.0397
vn 0.5141 -0.8516 -0.1023
vn 0.3477 -0.9375 -0.0127
vn 0.3477 0.9375 0.0127
vn 0.5141 0.8516 0.1023
vn 0.0163 -0.9993 -0.0345
vn 0.1274 -0.9916 -0.0239
vn 0.7903 -0.6126 0.0118
vn 0.9756 -0.2196 -0.0054
vn 0.7666 0.6421 -0.0015
vn -0.0099 0.9977 -0.0666
vn 0.3126 -0.9335 -0.1758
vn 0.4906 -0.8481 -0.2001
vn 0.3507 -0.9318 -0.0933
vn 0.4913 -0.8682 -0.0706
vn -0.7461 0.6602 0.0862
vn -0.8885 0.4458 0.1084
vn 0.0717 0.9974 0.0004
vn -0.5175 0.8557 -0.0001
vn -0.8765 0.4814 -0.0000
vn -1.0000 -0.0004 -0.0000
vn -0.8761 -0.4821 -0.0000
vn -0.5168 -0.8561 0.0001
vn 0.0623 -0.9981 -0.0008
vn -0.4873 -0.8701 -0.0734
vn -0.3840 -0.9224 -0.0419
vn -0.0277 0.9925 0.1191
vn 0.1184 -0.9928 0.0183
vn 0.2980 -0.9545 0.0110
vn 0.7369 -0.6760 -0.0110
vn 0.8479 -0.5298 -0.0183
vn 0.9985 -0.0553 -0.0052
vn 0.9985 0.0553 0.0052
vn 0.8479 0.5298 0.0183
vn 0.7369 0.6760 0.0110
vn 0.2980 0.9545 -0.0110
vn 0.1184 0.9928 -0.0183
vn -0.1708 -0.9768 -0.1295
vn -0.0277 -0.9925 -0.1191
vn -0.3840 0.9224 0.0419
vn -0.4873 0.8701 0.0734
vn -0.9999 0.0127 -0.0000
vn -0.5538 -0.8327 -0.0000
vn -0.1941 -0.9810 0.0020
vn 0.0102 -0.9999 -0.0002
vn 0.0199 -0.9998 0.0003
vn 0.3605 -0.9328 -0.0019
vn 0.7366 -0.6764 0.0017
vn 0.7365 -0.6764 0.0017
vn 0.8743 -0.4853 0.0003
vn 0.8796 -0.4758 -0.0027
vn 0.9816 -0.1906 0.0082
vn 0.9816 -0.1908 0.0082
vn -0.1175 0.9929 -0.0158
vn -0.1399 0.9900 -0.0148
vn -0.5603 0.8283 -0.0026
vn -0.5604 0.8282 -0.0026
vn -0.8328 0.5535 -0.0052
vn -0.8367 0.5476 0.0052
vn -0.9349 0.3549 -0.0014
vn 0.9999 -0.0122 -0.0000
vn 0.5530 0.8332 -0.0000
vn 0.1981 0.9802 -0.0022
vn -0.0116 0.9999 -0.0008
vn -0.0226 0.9997 0.0006
vn -0.3624 0.9320 0.0022
vn -0.7336 0.6796 -0.0020
vn -0.8743 0.4854 -0.0004
vn -0.8789 0.4771 0.0001
vn -0.9792 0.2031 0.0019
vn -0.9864 -0.1642 0.0039
vn -0.4301 -0.9028 -0.0040
vn -0.1241 -0.9923 -0.0043
vn 0.1378 -0.9905 -0.0008
vn 0.1606 -0.9870 -0.0012
vn 0.5596 -0.8288 0.0026
vn 0.5595 -0.8288 0.0026
vn 0.8314 -0.5557 -0.0054
vn 0.8361 -0.5486 0.0055
vn 0.9361 -0.3517 0.0017
vn -0.8888 -0.4538 0.0632
vn 0.2597 -0.9256 0.2755
vn 0.2482 0.9638 0.0971
vn 0.9714 0.2374 -0.0005
vn 0.3170 -0.9484 -0.0003
vn 0.8767 -0.4811 -0.0000
vn 0.9176 0.3974 0.0017
vn 0.0397 0.9992 -0.0063
vn -0.8262 0.5633 -0.0054
vn -0.8997 0.4364 -0.0071
vn 0.9978 -0.0606 -0.0264
vn 0.9978 0.0606 0.0264
vn -0.9426 -0.3338 0.0032
vn -0.8962 -0.4436 0.0076
vn -0.2542 -0.9671 0.0093
vn -0.0750 -0.9972 0.0041
vn 0.7577 -0.6527 -0.0015
vn -0.0226 0.9997 -0.0002
vn -0.0322 -0.9994 0.0094
vn 0.3561 -0.9307 0.0836
vn 0.3605 -0.9327 -0.0019
vn 0.8796 -0.4758 0.0025
vn -0.8814 0.4724 0.0001
vn -0.9049 0.2764 -0.3237
vn -0.9922 0.0899 -0.0868
vn 0.3098 -0.9508 -0.0000
vt 0.413497 0.513974
vt 0.377974 0.535391
vt 0.364505 0.515929
vt 0.373721 0.494129
vt 0.384892 0.489183
vt 0.399965 0.491787
vt 0.366315 0.503846
vt 0.328580 0.485479
vt 0.336547 0.000000
vt 0.340989 0.485479
vt 0.316170 0.485479
vt 0.321246 0.000000
vt 0.455986 0.485479
vt 0.463954 0.000000
vt 0.467620 0.485479
vt 0.421649 0.485479
vt 0.426725 0.000000
vt 0.437371 0.485479
vt 0.409240 0.485479
vt 0.410941 0.000000
vt 0.378216 0.485479
vt 0.386184 0.000000
vt 0.393939 0.485479
vt 0.365807 0.485479
vt 0.370884 0.000000
vt 0.353398 0.485479
vt 0.355161 0.000000
vt 0.860016 0.547086
vt 0.868737 0.546046
vt 0.865655 0.557925
vt 0.861746 0.531844
vt 0.869415 0.533968
vt 0.880153 0.517551
vt 0.876592 0.527110
vt 0.868165 0.522453
vt 0.886642 0.525373
vt 0.615136 0.516545
vt 0.615851 0.505441
vt 0.624417 0.506497
vt 0.607745 0.509613
vt 0.601576 0.516364
vt 0.593721 0.497428
vt 0.601324 0.504208
vt 0.594399 0.509506
vt 0.602234 0.497402
vt 0.602558 0.487114
vt 0.608132 0.494056
vt 0.632398 0.501605
vt 0.626500 0.498259
vt 0.639792 0.497737
vt 0.626143 0.490549
vt 0.632993 0.485785
vt 0.639781 0.489297
vt 0.146856 0.485479
vt 0.146418 0.487918
vt 0.139665 0.485479
vt 0.137128 0.487918
vt 0.131287 0.485479
vt 0.667496 0.566844
vt 0.664337 0.569289
vt 0.654802 0.566843
vt 0.074479 0.489088
vt 0.072943 0.537513
vt 0.051544 0.518637
vt 0.098879 0.520002
vt 0.098074 0.505134
vt 0.088869 0.492917
vt 0.052609 0.503783
vt 0.060016 0.494068
vt 0.166123 0.485479
vt 0.174090 0.000000
vt 0.181846 0.485479
vt 0.156252 0.485479
vt 0.158790 0.000000
vt 0.287325 0.485479
vt 0.295291 0.000000
vt 0.305939 0.485479
vt 0.225279 0.485479
vt 0.236075 0.000000
vt 0.240579 0.485479
vt 0.192704 0.000000
vt 0.197147 0.485479
vt 0.123872 0.564836
vt 0.130282 0.550361
vt 0.137995 0.553888
vt 0.120544 0.557537
vt 0.098818 0.557925
vt 0.109115 0.555229
vt 0.108980 0.564706
vt 0.107554 0.519273
vt 0.113572 0.525734
vt 0.102928 0.534411
vt 0.122262 0.517509
vt 0.133194 0.522962
vt 0.131625 0.535135
vt 0.123737 0.526552
vt 0.471408 0.510189
vt 0.464216 0.506607
vt 0.465309 0.500659
vt 0.448485 0.515012
vt 0.459261 0.509677
vt 0.461993 0.517489
vt 0.452526 0.508343
vt 0.442634 0.495517
vt 0.449492 0.503216
vt 0.441532 0.505655
vt 0.450789 0.497402
vt 0.451061 0.487095
vt 0.455715 0.494052
vt 0.460920 0.485937
vt 0.461572 0.494989
vt 0.912240 0.501459
vt 0.905349 0.498259
vt 0.919303 0.496909
vt 0.904052 0.492446
vt 0.907087 0.487319
vt 0.914755 0.486461
vt 0.919724 0.490876
vt 0.144275 0.567647
vt 0.142577 0.570092
vt 0.133257 0.567643
vt 0.721866 0.548656
vt 0.716776 0.551095
vt 0.714191 0.548656
vt 0.710572 0.551095
vt 0.707986 0.548656
vt 0.704368 0.551095
vt 0.701782 0.548656
vt 0.094100 0.567650
vt 0.090998 0.570088
vt 0.079511 0.567646
vt 0.698164 0.551095
vt 0.693417 0.548656
vt 0.104569 0.567652
vt 0.101192 0.570085
vt 0.116698 0.567654
vt 0.111645 0.570083
vt 0.686341 0.548656
vt 0.684767 0.551095
vt 0.680019 0.548656
vt 0.716385 0.513974
vt 0.675740 0.531973
vt 0.668138 0.518698
vt 0.698880 0.536940
vt 0.669203 0.503845
vt 0.686673 0.537427
vt 0.687781 0.489183
vt 0.702853 0.491787
vt 0.676609 0.494129
vt 0.734152 0.485479
vt 0.739229 0.000000
vt 0.749875 0.485479
vt 0.721744 0.485479
vt 0.723445 0.000000
vt 0.451643 0.551232
vt 0.440550 0.555106
vt 0.444698 0.546088
vt 0.443627 0.563690
vt 0.404482 0.549969
vt 0.413203 0.548928
vt 0.410121 0.560808
vt 0.406212 0.534727
vt 0.413880 0.536851
vt 0.444496 0.525846
vt 0.432918 0.528868
vt 0.433564 0.520392
vt 0.442334 0.536167
vt 0.584590 0.543518
vt 0.587005 0.531470
vt 0.594600 0.534368
vt 0.580844 0.536032
vt 0.572729 0.542393
vt 0.574484 0.533616
vt 0.564875 0.523457
vt 0.574083 0.522792
vt 0.571895 0.528165
vt 0.573711 0.513142
vt 0.895447 0.501782
vt 0.889860 0.499753
vt 0.901814 0.497737
vt 0.887290 0.493416
vt 0.890259 0.487319
vt 0.895980 0.485659
vt 0.901803 0.489297
vt 0.411876 0.568105
vt 0.406773 0.570558
vt 0.401624 0.568113
vt 0.420721 0.568112
vt 0.419023 0.570556
vt 0.717441 0.546218
vt 0.716970 0.548656
vt 0.710175 0.546218
vt 0.356194 0.568110
vt 0.353035 0.570556
vt 0.343500 0.568109
vt 0.704607 0.548656
vt 0.702984 0.546218
vt 0.391180 0.568119
vt 0.390244 0.570547
vt 0.378809 0.568116
vt 0.368663 0.529626
vt 0.350662 0.564937
vt 0.322437 0.543480
vt 0.331653 0.521681
vt 0.342824 0.516734
vt 0.371429 0.541526
vt 0.366047 0.555844
vt 0.357897 0.519339
vt 0.324247 0.531398
vt 0.484832 0.485479
vt 0.492799 0.000000
vt 0.497241 0.485479
vt 0.472422 0.485479
vt 0.477498 0.000000
vt 0.612238 0.485479
vt 0.620205 0.000000
vt 0.623871 0.485479
vt 0.577900 0.485479
vt 0.582977 0.000000
vt 0.593623 0.485479
vt 0.565492 0.485479
vt 0.567193 0.000000
vt 0.534468 0.485479
vt 0.542436 0.000000
vt 0.550191 0.485479
vt 0.522059 0.485479
vt 0.527136 0.000000
vt 0.509650 0.485479
vt 0.511413 0.000000
vt 0.011448 0.549261
vt 0.020169 0.548221
vt 0.017087 0.560100
vt 0.013178 0.534020
vt 0.020847 0.536143
vt 0.031585 0.519726
vt 0.028024 0.529285
vt 0.019597 0.524629
vt 0.038074 0.527549
vt 0.764881 0.517489
vt 0.766442 0.507296
vt 0.774929 0.508314
vt 0.760171 0.509877
vt 0.753020 0.516364
vt 0.745165 0.497428
vt 0.753320 0.505113
vt 0.745843 0.509506
vt 0.755180 0.496203
vt 0.754002 0.487113
vt 0.773546 0.493113
vt 0.763476 0.494650
vt 0.763808 0.485937
vt 0.768197 0.500659
vt 0.783842 0.501605
vt 0.777944 0.498259
vt 0.790329 0.499438
vt 0.777035 0.491454
vt 0.781427 0.486287
vt 0.788282 0.486669
vt 0.792538 0.493016
vt 0.907616 0.567644
vt 0.897118 0.570093
vt 0.893947 0.567647
vt 0.715393 0.543780
vt 0.713948 0.546218
vt 0.708107 0.543780
vt 0.846585 0.567646
vt 0.843426 0.570091
vt 0.833890 0.567645
vt 0.703594 0.546218
vt 0.700916 0.543780
vt 0.967228 0.497558
vt 0.921144 0.505257
vt 0.928279 0.491726
vt 0.922396 0.517410
vt 0.958120 0.529931
vt 0.943088 0.532997
vt 0.929349 0.527457
vt 0.966685 0.521220
vt 0.009871 0.485479
vt 0.011572 0.000000
vt 0.022281 0.485479
vt 0.034690 0.485479
vt 0.042657 0.000000
vt 0.050413 0.485479
vt 0.027357 0.000000
vt 0.498877 0.564715
vt 0.505432 0.555107
vt 0.515195 0.557627
vt 0.495641 0.556406
vt 0.485438 0.519417
vt 0.484734 0.531363
vt 0.476873 0.528129
vt 0.494586 0.524663
vt 0.500469 0.516352
vt 0.963001 0.557992
vt 0.954438 0.555939
vt 0.956976 0.550448
vt 0.945540 0.565542
vt 0.948875 0.557680
vt 0.955706 0.564724
vt 0.936347 0.539820
vt 0.941770 0.547171
vt 0.932704 0.549375
vt 0.956386 0.535098
vt 0.954794 0.544028
vt 0.948280 0.541860
vt 0.964033 0.544470
vt 0.319895 0.501605
vt 0.313384 0.496294
vt 0.326409 0.499437
vt 0.314299 0.488752
vt 0.320490 0.485785
vt 0.326052 0.487526
vt 0.328590 0.493017
vt 0.681751 0.553533
vt 0.680295 0.555971
vt 0.674561 0.553533
vt 0.709676 0.553533
vt 0.704075 0.555971
vt 0.701446 0.553533
vt 0.688075 0.553533
vt 0.687488 0.555971
vt 0.743287 0.569288
vt 0.732106 0.571727
vt 0.728925 0.569298
vt 0.056998 0.628763
vt 0.056337 0.657654
vt 0.054710 0.628689
vt 0.049935 0.628729
vt 0.048173 0.655121
vt 0.048078 0.628786
vt 0.049422 0.649140
vt 0.053223 0.654798
vt 0.051676 0.669715
vt 0.050477 0.667136
vt 0.048334 0.690800
vt 0.048610 0.670402
vt 0.053001 0.687188
vt 0.056132 0.678849
vt 0.054075 0.691418
vt 0.049421 0.704147
vt 0.049442 0.693535
vt 0.052798 0.746494
vt 0.056274 0.694748
vt 0.057674 0.692942
vt 0.056045 0.747418
vt 0.048760 0.746953
vt 0.048078 0.720310
vt 0.048360 0.785333
vt 0.049160 0.797619
vt 0.054075 0.803274
vt 0.057444 0.789000
vt 0.057234 0.807147
vt 0.052506 0.819577
vt 0.054425 0.835360
vt 0.052353 0.842006
vt 0.049326 0.856803
vt 0.050477 0.828807
vt 0.053519 0.857006
vt 0.055793 0.856977
vt 0.126178 0.620673
vt 0.124980 0.638900
vt 0.124289 0.620577
vt 0.121995 0.620607
vt 0.122583 0.637799
vt 0.120696 0.633694
vt 0.120186 0.620634
vt 0.118014 0.641185
vt 0.118377 0.620689
vt 0.127376 0.620708
vt 0.126321 0.640801
vt 0.118988 0.642125
vt 0.120627 0.647945
vt 0.123781 0.657604
vt 0.117790 0.657142
vt 0.122583 0.667089
vt 0.119967 0.688063
vt 0.126940 0.662706
vt 0.126052 0.688680
vt 0.125664 0.659112
vt 0.123781 0.680450
vt 0.120079 0.725572
vt 0.117790 0.768456
vt 0.118338 0.728309
vt 0.124463 0.728195
vt 0.122559 0.767325
vt 0.120176 0.764535
vt 0.127232 0.728672
vt 0.125148 0.765924
vt 0.127075 0.770359
vt 0.118939 0.765033
vt 0.118257 0.780371
vt 0.125794 0.797299
vt 0.120442 0.791956
vt 0.122583 0.794120
vt 0.123781 0.796755
vt 0.117932 0.810657
vt 0.118186 0.794125
vt 0.127376 0.796841
vt 0.127043 0.813867
vt 0.119817 0.850158
vt 0.118067 0.827945
vt 0.125485 0.850188
vt 0.123230 0.850213
vt 0.124243 0.831914
vt 0.116565 0.627266
vt 0.115366 0.644929
vt 0.114672 0.627201
vt 0.112376 0.627199
vt 0.112969 0.644261
vt 0.108448 0.681813
vt 0.113401 0.680714
vt 0.110572 0.627234
vt 0.108436 0.650632
vt 0.108779 0.627279
vt 0.117764 0.627296
vt 0.116668 0.647833
vt 0.109009 0.693854
vt 0.117764 0.653227
vt 0.116535 0.687534
vt 0.111846 0.730364
vt 0.108802 0.728975
vt 0.108212 0.756250
vt 0.113248 0.734833
vt 0.115196 0.739415
vt 0.109215 0.764266
vt 0.117442 0.726429
vt 0.114565 0.763093
vt 0.117338 0.760363
vt 0.116956 0.800382
vt 0.117764 0.766184
vt 0.112866 0.815483
vt 0.114168 0.777542
vt 0.108553 0.840863
vt 0.112107 0.782745
vt 0.109515 0.856371
vt 0.117764 0.843433
vt 0.115872 0.856332
vt 0.113622 0.856357
vt 0.071509 0.629743
vt 0.067590 0.669504
vt 0.069183 0.629801
vt 0.076910 0.629947
vt 0.073641 0.675215
vt 0.075710 0.629814
vt 0.073945 0.629758
vt 0.069525 0.666805
vt 0.067560 0.724352
vt 0.076464 0.675889
vt 0.075839 0.728179
vt 0.070918 0.724862
vt 0.068996 0.767655
vt 0.076910 0.724787
vt 0.069158 0.735968
vt 0.074976 0.736728
vt 0.072192 0.772849
vt 0.075773 0.770534
vt 0.067346 0.764465
vt 0.076718 0.809405
vt 0.074936 0.825073
vt 0.067643 0.838335
vt 0.071789 0.836371
vt 0.070308 0.829035
vt 0.068648 0.857362
vt 0.076910 0.840587
vt 0.075009 0.857197
vt 0.075610 0.840082
vt 0.072760 0.857349
vt 0.974112 0.521821
vt 0.971501 0.555479
vt 0.971867 0.521792
vt 0.975963 0.521895
vt 0.975249 0.552254
vt 0.969456 0.521810
vt 0.967431 0.560271
vt 0.974353 0.595984
vt 0.973041 0.591692
vt 0.967560 0.601428
vt 0.966670 0.590653
vt 0.971161 0.601465
vt 0.967704 0.644835
vt 0.399369 0.000000
vt 0.972361 0.624611
vt 0.975963 0.604589
vt 0.975778 0.614634
vt 0.975679 0.596669
vt 0.975870 0.655854
vt 0.973821 0.657574
vt 0.970432 0.660245
vt 0.966729 0.709580
vt 0.973385 0.694578
vt 0.970796 0.711725
vt 0.969332 0.704465
vt 0.966712 0.725875
vt 0.967396 0.737501
vt 0.968961 0.731356
vt 0.971807 0.748875
vt 0.972361 0.728828
vt 0.968140 0.748878
vt 0.974088 0.748848
vt 0.939466 0.242480
vt 0.937511 0.251898
vt 0.937511 0.242444
vt 0.946317 0.242444
vt 0.943667 0.263577
vt 0.943997 0.242440
vt 0.938696 0.264820
vt 0.941115 0.270344
vt 0.942296 0.290233
vt 0.941100 0.290145
vt 0.937652 0.297528
vt 0.947082 0.266220
vt 0.945885 0.306962
vt 0.945732 0.264620
vt 0.938408 0.305653
vt 0.944404 0.307892
vt 0.940125 0.305691
vt 0.942296 0.311202
vt 0.940615 0.321873
vt 0.947082 0.308136
vt 0.946252 0.338772
vt 0.939077 0.364255
vt 0.937756 0.334105
vt 0.942171 0.359966
vt 0.939211 0.395904
vt 0.938375 0.394310
vt 0.939072 0.411067
vt 0.943493 0.396464
vt 0.941924 0.410222
vt 0.947082 0.402667
vt 0.946437 0.418936
vt 0.946774 0.396465
vt 0.943978 0.423727
vt 0.937698 0.430659
vt 0.937511 0.415196
vt 0.940164 0.427881
vt 0.941922 0.439116
vt 0.937780 0.462039
vt 0.943807 0.455220
vt 0.938999 0.476516
vt 0.939904 0.448552
vt 0.945220 0.476562
vt 0.942934 0.476745
vt 0.155015 0.576053
vt 0.153771 0.595729
vt 0.153124 0.575987
vt 0.149030 0.576006
vt 0.146860 0.597582
vt 0.147237 0.576067
vt 0.156212 0.576084
vt 0.150092 0.587985
vt 0.151424 0.602244
vt 0.147012 0.615626
vt 0.156212 0.599312
vt 0.153499 0.616013
vt 0.150227 0.612214
vt 0.147802 0.631464
vt 0.151668 0.620777
vt 0.156212 0.618640
vt 0.154805 0.641730
vt 0.152621 0.628869
vt 0.150532 0.676838
vt 0.146636 0.655525
vt 0.146636 0.639820
vt 0.154302 0.671597
vt 0.146939 0.686859
vt 0.152328 0.696894
vt 0.152865 0.713600
vt 0.151127 0.714578
vt 0.155369 0.691501
vt 0.148054 0.720428
vt 0.146636 0.727171
vt 0.149347 0.729008
vt 0.152191 0.729861
vt 0.155236 0.732064
vt 0.146887 0.744113
vt 0.154963 0.757788
vt 0.151424 0.753255
vt 0.149326 0.751562
vt 0.146864 0.778356
vt 0.148819 0.779644
vt 0.147085 0.809358
vt 0.155845 0.780507
vt 0.154316 0.809433
vt 0.152070 0.809458
vt 0.046873 0.626692
vt 0.046738 0.674591
vt 0.045105 0.626636
vt 0.048074 0.626725
vt 0.043268 0.626605
vt 0.042581 0.647637
vt 0.043809 0.662533
vt 0.039958 0.666948
vt 0.044065 0.674378
vt 0.042241 0.693198
vt 0.038872 0.708529
vt 0.041931 0.723017
vt 0.044814 0.730901
vt 0.042483 0.733441
vt 0.038462 0.743639
vt 0.044167 0.745740
vt 0.041621 0.748845
vt 0.039068 0.757212
vt 0.041619 0.761243
vt 0.038284 0.769045
vt 0.046485 0.769294
vt 0.043340 0.790657
vt 0.044391 0.762505
vt 0.048074 0.769184
vt 0.046841 0.793952
vt 0.038649 0.819744
vt 0.044697 0.834157
vt 0.042838 0.839720
vt 0.041494 0.826357
vt 0.039800 0.855261
vt 0.038852 0.839553
vt 0.048074 0.842210
vt 0.046009 0.855233
vt 0.047682 0.824384
vt 0.043924 0.855246
vt 0.981494 -0.000005
vt 0.982910 0.040531
vt 0.980326 0.032750
vt 0.983747 0.000024
vt 0.985602 0.000098
vt 0.978183 0.073802
vt 0.976515 0.032065
vt 0.976221 0.100278
vt 0.984885 0.082572
vt 0.980788 0.106489
vt 0.983285 0.104347
vt 0.981991 0.104860
vt 0.976475 0.144313
vt 0.981157 0.119309
vt 0.984784 0.107415
vt 0.981980 0.139934
vt 0.979195 0.173532
vt 0.976562 0.186030
vt 0.979245 0.142149
vt 0.976350 0.204750
vt 0.983858 0.204324
vt 0.981991 0.205988
vt 0.983927 0.155733
vt 0.980460 0.205397
vt 0.978059 0.226455
vt 0.977071 0.213207
vt 0.981441 0.226455
vt 0.984016 0.226452
vt 0.985602 0.217975
vt 0.985321 0.207353
vt 0.023449 0.614986
vt 0.025865 0.614988
vt 0.020789 0.646480
vt 0.028157 0.615068
vt 0.027669 0.647976
vt 0.021088 0.615034
vt 0.019642 0.636547
vt 0.019231 0.615091
vt 0.024561 0.650622
vt 0.019766 0.680807
vt 0.021641 0.680905
vt 0.022008 0.689751
vt 0.019836 0.704130
vt 0.019740 0.694667
vt 0.021069 0.723906
vt 0.024105 0.695619
vt 0.025631 0.712461
vt 0.024123 0.721388
vt 0.021591 0.740656
vt 0.019883 0.774112
vt 0.028952 0.778978
vt 0.025410 0.738619
vt 0.028514 0.731755
vt 0.022709 0.763975
vt 0.020241 0.793146
vt 0.025232 0.777566
vt 0.023604 0.794430
vt 0.019768 0.811507
vt 0.027908 0.806617
vt 0.025232 0.824464
vt 0.026961 0.791326
vt 0.021632 0.817639
vt 0.020822 0.844412
vt 0.023440 0.813827
vt 0.023446 0.830140
vt 0.028833 0.844501
vt 0.026969 0.844922
vt 0.025426 0.830496
vt 0.024673 0.844954
vt 0.366673 0.927715
vt 0.366513 0.898031
vt 0.403362 0.927715
vt 0.589236 0.927715
vt 0.605561 0.898031
vt 0.629877 0.927715
vt 0.652360 0.927715
vt 0.656515 0.898031
vt 0.670019 0.927715
vt 0.740733 0.779296
vt 0.740722 0.808980
vt 0.702667 0.808980
vt 0.491463 0.779296
vt 0.497579 0.808980
vt 0.466252 0.808980
vt 0.524142 0.486044
vt 0.511648 0.492466
vt 0.506303 0.490695
vt 0.966355 0.241712
vt 0.964974 0.254987
vt 0.964263 0.241627
vt 0.959706 0.241634
vt 0.956915 0.260546
vt 0.957340 0.241694
vt 0.962025 0.241587
vt 0.961549 0.265539
vt 0.965470 0.271297
vt 0.962120 0.282839
vt 0.962750 0.295173
vt 0.958179 0.289546
vt 0.956742 0.302027
vt 0.957686 0.278182
vt 0.960347 0.290662
vt 0.958240 0.303344
vt 0.961549 0.305745
vt 0.958316 0.317540
vt 0.964518 0.303744
vt 0.963503 0.319356
vt 0.966355 0.302027
vt 0.964241 0.325705
vt 0.959238 0.324143
vt 0.962205 0.330154
vt 0.965448 0.345069
vt 0.963065 0.354176
vt 0.966906 0.325460
vt 0.958399 0.351427
vt 0.957458 0.340636
vt 0.960501 0.357828
vt 0.957568 0.372851
vt 0.962035 0.376460
vt 0.960007 0.381909
vt 0.965643 0.382887
vt 0.963601 0.395261
vt 0.958092 0.385776
vt 0.956742 0.392560
vt 0.956742 0.384016
vt 0.961549 0.396047
vt 0.956742 0.405480
vt 0.959923 0.393877
vt 0.957089 0.419131
vt 0.959670 0.423309
vt 0.965197 0.431652
vt 0.962750 0.429015
vt 0.957123 0.434731
vt 0.966355 0.421498
vt 0.965894 0.409527
vt 0.957053 0.451470
vt 0.959146 0.454539
vt 0.956994 0.468184
vt 0.960949 0.451897
vt 0.963309 0.463364
vt 0.961054 0.467849
vt 0.958182 0.482857
vt 0.965959 0.457017
vt 0.964479 0.482819
vt 0.966355 0.469906
vt 0.962180 0.482846
vt 0.952629 -0.000006
vt 0.954831 0.018359
vt 0.951930 0.014836
vt 0.955029 0.000044
vt 0.950424 0.000009
vt 0.951075 0.028901
vt 0.955532 0.027316
vt 0.954331 0.042761
vt 0.948495 0.024767
vt 0.947127 0.035179
vt 0.947496 0.018246
vt 0.948430 0.044247
vt 0.953130 0.043131
vt 0.947127 0.052839
vt 0.951930 0.053583
vt 0.950259 0.044181
vt 0.950729 0.064618
vt 0.956305 0.056029
vt 0.954331 0.074027
vt 0.948517 0.074688
vt 0.953130 0.070835
vt 0.951838 0.080274
vt 0.956733 0.066711
vt 0.955855 0.078976
vt 0.948375 0.089508
vt 0.954498 0.094382
vt 0.950644 0.113905
vt 0.956414 0.100158
vt 0.956874 0.127279
vt 0.955946 0.092782
vt 0.948468 0.123712
vt 0.947127 0.139838
vt 0.947127 0.126705
vt 0.954674 0.136583
vt 0.954405 0.149260
vt 0.951552 0.133042
vt 0.953635 0.154238
vt 0.950402 0.149349
vt 0.949012 0.144869
vt 0.947219 0.167263
vt 0.949754 0.177084
vt 0.953831 0.177628
vt 0.955994 0.144900
vt 0.947447 0.186512
vt 0.951273 0.179255
vt 0.947354 0.203531
vt 0.951316 0.195337
vt 0.949851 0.213367
vt 0.951930 0.218697
vt 0.947563 0.242123
vt 0.947327 0.220314
vt 0.956392 0.222360
vt 0.954836 0.242192
vt 0.953462 0.224536
vt 0.952568 0.242215
vt 0.939912 0.000034
vt 0.937982 0.015961
vt 0.938306 -0.000013
vt 0.941745 -0.000003
vt 0.942313 0.016052
vt 0.940491 0.019401
vt 0.946543 0.000025
vt 0.944628 0.017686
vt 0.944139 0.000004
vt 0.938829 0.021765
vt 0.937894 0.039879
vt 0.947115 0.019257
vt 0.946383 0.033829
vt 0.945541 0.025092
vt 0.943514 0.032154
vt 0.941658 0.040621
vt 0.945105 0.051476
vt 0.939912 0.040939
vt 0.937808 0.056308
vt 0.943514 0.059793
vt 0.947115 0.042608
vt 0.942313 0.054493
vt 0.939996 0.061284
vt 0.947115 0.058496
vt 0.945620 0.065215
vt 0.944660 0.085275
vt 0.946810 0.085657
vt 0.939097 0.089281
vt 0.938943 0.121751
vt 0.937511 0.131549
vt 0.937511 0.121424
vt 0.946338 0.125372
vt 0.942408 0.151741
vt 0.944679 0.118346
vt 0.937904 0.168751
vt 0.940422 0.123822
vt 0.940368 0.156335
vt 0.946676 0.134266
vt 0.943296 0.156301
vt 0.940489 0.179762
vt 0.946337 0.174089
vt 0.943476 0.183226
vt 0.937685 0.211138
vt 0.937681 0.187719
vt 0.942313 0.202611
vt 0.947115 0.188866
vt 0.945586 0.207076
vt 0.940546 0.213529
vt 0.943514 0.223727
vt 0.941919 0.226765
vt 0.946942 0.213387
vt 0.945061 0.242431
vt 0.938832 0.242457
vt 0.937849 0.227121
vt 0.947115 0.229414
vt 0.942960 0.242444
vt 0.959102 0.000029
vt 0.956742 0.011052
vt 0.956742 0.000000
vt 0.965610 0.000003
vt 0.963950 0.021966
vt 0.962710 -0.000005
vt 0.962664 0.014272
vt 0.959820 0.011471
vt 0.957077 0.023961
vt 0.962749 0.036340
vt 0.961079 0.028540
vt 0.959145 0.032059
vt 0.966352 0.026368
vt 0.965118 0.041492
vt 0.965836 0.014892
vt 0.957389 0.070976
vt 0.956774 0.062228
vt 0.956951 0.040307
vt 0.966352 0.041923
vt 0.965208 0.073711
vt 0.963527 0.077105
vt 0.961413 0.092710
vt 0.962749 0.112245
vt 0.966352 0.076423
vt 0.965199 0.099457
vt 0.956833 0.106581
vt 0.956742 0.094829
vt 0.958105 0.113863
vt 0.963950 0.120105
vt 0.961026 0.117917
vt 0.956742 0.121601
vt 0.963468 0.145476
vt 0.957421 0.151096
vt 0.961547 0.147241
vt 0.959957 0.152473
vt 0.958487 0.154064
vt 0.966377 0.155502
vt 0.963705 0.155646
vt 0.956918 0.172122
vt 0.961547 0.173245
vt 0.964954 0.168100
vt 0.962749 0.191705
vt 0.959886 0.170836
vt 0.957102 0.202884
vt 0.956894 0.187802
vt 0.961547 0.201743
vt 0.959700 0.202674
vt 0.957084 0.222580
vt 0.962749 0.221336
vt 0.961106 0.226402
vt 0.958057 0.241619
vt 0.966352 0.224895
vt 0.964472 0.241584
vt 0.965047 0.221255
vt 0.962194 0.241607
vt 0.949253 0.242246
vt 0.947127 0.253009
vt 0.947127 0.242215
vt 0.955998 0.242216
vt 0.953394 0.265357
vt 0.953629 0.242211
vt 0.951483 0.254104
vt 0.949891 0.268833
vt 0.956742 0.268269
vt 0.955187 0.275863
vt 0.956033 0.257422
vt 0.947538 0.294225
vt 0.947347 0.266619
vt 0.953130 0.295358
vt 0.947656 0.316096
vt 0.950418 0.312076
vt 0.956326 0.300776
vt 0.953167 0.323538
vt 0.951720 0.326473
vt 0.948488 0.348156
vt 0.956303 0.326025
vt 0.954298 0.356353
vt 0.955990 0.347890
vt 0.947127 0.353459
vt 0.947476 0.341462
vt 0.951625 0.355296
vt 0.947530 0.375773
vt 0.951798 0.377729
vt 0.956124 0.357454
vt 0.953536 0.380608
vt 0.956154 0.389381
vt 0.954099 0.399512
vt 0.948667 0.386154
vt 0.947373 0.403049
vt 0.947127 0.389261
vt 0.951747 0.395592
vt 0.949787 0.399332
vt 0.947424 0.419924
vt 0.956238 0.406771
vt 0.953905 0.427544
vt 0.951934 0.427090
vt 0.950097 0.424941
vt 0.947512 0.443436
vt 0.947682 0.429931
vt 0.956742 0.446067
vt 0.955570 0.462276
vt 0.955343 0.450341
vt 0.951414 0.451780
vt 0.953136 0.462562
vt 0.951400 0.468169
vt 0.948663 0.450153
vt 0.948541 0.483091
vt 0.947456 0.467919
vt 0.956742 0.470174
vt 0.954876 0.483052
vt 0.952570 0.483080
vt 0.138876 0.595874
vt 0.137196 0.620447
vt 0.137021 0.595829
vt 0.145847 0.595832
vt 0.142444 0.621654
vt 0.143645 0.595833
vt 0.140450 0.613404
vt 0.145976 0.626854
vt 0.143375 0.651782
vt 0.141814 0.654156
vt 0.138587 0.669672
vt 0.139659 0.634943
vt 0.137021 0.654148
vt 0.146607 0.663871
vt 0.146309 0.676482
vt 0.145940 0.659910
vt 0.143089 0.695360
vt 0.142775 0.675230
vt 0.138386 0.731315
vt 0.146029 0.695207
vt 0.145918 0.730739
vt 0.141308 0.728524
vt 0.146607 0.748243
vt 0.144961 0.773184
vt 0.143012 0.756598
vt 0.140409 0.789182
vt 0.139964 0.766361
vt 0.137398 0.787426
vt 0.137583 0.768761
vt 0.137457 0.804290
vt 0.146607 0.789983
vt 0.146371 0.808405
vt 0.144688 0.800239
vt 0.138657 0.826633
vt 0.144738 0.826609
vt 0.142458 0.826640
vt 0.008383 0.585908
vt 0.006651 0.612430
vt 0.006494 0.585840
vt 0.004205 0.585840
vt 0.005934 0.598692
vt 0.003593 0.602521
vt 0.002395 0.585855
vt 0.000220 0.606870
vt 0.000587 0.585923
vt 0.009581 0.585943
vt 0.008537 0.606370
vt 0.001198 0.607436
vt 0.002395 0.610262
vt 0.004790 0.617375
vt 0.000000 0.622132
vt 0.009581 0.608828
vt 0.008766 0.624597
vt 0.003408 0.624483
vt 0.007018 0.643454
vt 0.002910 0.669286
vt 0.000699 0.703063
vt 0.000200 0.655554
vt 0.002636 0.716468
vt 0.000521 0.721996
vt 0.008475 0.707248
vt 0.005419 0.721069
vt 0.007198 0.684150
vt 0.000553 0.735648
vt 0.006682 0.735835
vt 0.001712 0.735969
vt 0.000976 0.760010
vt 0.008145 0.743771
vt 0.005988 0.764154
vt 0.003401 0.787762
vt 0.006495 0.798269
vt 0.004257 0.802446
vt 0.001441 0.817314
vt 0.000296 0.794579
vt 0.009387 0.798243
vt 0.007703 0.817272
vt 0.005432 0.817302
vt 0.038445 0.623298
vt 0.037527 0.639174
vt 0.036493 0.623201
vt 0.031605 0.623230
vt 0.034351 0.623198
vt 0.029673 0.660780
vt 0.035676 0.649469
vt 0.029180 0.647542
vt 0.029451 0.623281
vt 0.033646 0.648991
vt 0.036548 0.685849
vt 0.029752 0.685593
vt 0.038445 0.650805
vt 0.031072 0.691124
vt 0.031855 0.740809
vt 0.034263 0.749061
vt 0.037546 0.695676
vt 0.028939 0.740765
vt 0.029384 0.751639
vt 0.037973 0.744751
vt 0.036831 0.758712
vt 0.036591 0.742496
vt 0.031996 0.757087
vt 0.029041 0.775200
vt 0.034449 0.769059
vt 0.037719 0.783740
vt 0.035531 0.819069
vt 0.031540 0.778871
vt 0.031596 0.809113
vt 0.031557 0.852345
vt 0.038132 0.829728
vt 0.036548 0.852289
vt 0.034295 0.852315
vt 0.974770 0.000061
vt 0.975207 0.047807
vt 0.973001 0.000004
vt 0.969605 0.000011
vt 0.966513 0.035478
vt 0.966969 0.000080
vt 0.975972 0.000096
vt 0.971165 -0.000025
vt 0.970903 0.039174
vt 0.967793 0.039353
vt 0.967876 0.088514
vt 0.971165 0.099090
vt 0.975972 0.082961
vt 0.973938 0.103006
vt 0.966358 0.114386
vt 0.966624 0.081242
vt 0.967959 0.106450
vt 0.967640 0.129069
vt 0.972689 0.127810
vt 0.974538 0.124858
vt 0.971880 0.171378
vt 0.975332 0.159795
vt 0.975085 0.195847
vt 0.969398 0.198378
vt 0.972367 0.208013
vt 0.970712 0.211704
vt 0.967701 0.227028
vt 0.966746 0.211462
vt 0.975601 0.204670
vt 0.974072 0.226990
vt 0.975972 0.214080
vt 0.971822 0.227014
vt 0.096835 0.629283
vt 0.094719 0.650473
vt 0.094452 0.629238
vt 0.092045 0.629256
vt 0.091905 0.658943
vt 0.089451 0.700068
vt 0.089363 0.674993
vt 0.097724 0.681583
vt 0.094947 0.705766
vt 0.094947 0.679471
vt 0.089779 0.727562
vt 0.088943 0.719122
vt 0.092944 0.714038
vt 0.092178 0.735291
vt 0.094452 0.732751
vt 0.098528 0.737500
vt 0.093780 0.761998
vt 0.090971 0.773345
vt 0.096825 0.810500
vt 0.098745 0.791414
vt 0.093747 0.801383
vt 0.091993 0.801780
vt 0.089279 0.818625
vt 0.089195 0.803229
vt 0.089288 0.838262
vt 0.094947 0.821606
vt 0.093419 0.836414
vt 0.091944 0.829123
vt 0.090282 0.857322
vt 0.098550 0.840586
vt 0.096668 0.857283
vt 0.097245 0.840004
vt 0.094399 0.857310
vt 0.096033 0.831031
vt 0.526715 0.533400
vt 0.519576 0.501023
vt 0.551410 0.491787
vt 0.516736 0.518625
vt 0.927633 0.485479
vt 0.932709 0.000000
vt 0.936375 0.485479
vt 0.915223 0.485479
vt 0.920299 0.000000
vt 0.902814 0.485479
vt 0.907890 0.000000
vt 0.890404 0.485479
vt 0.892106 0.000000
vt 0.862695 0.485479
vt 0.873492 0.000000
vt 0.877996 0.485479
vt 0.817430 0.562982
vt 0.815386 0.552536
vt 0.825518 0.550479
vt 0.794086 0.566882
vt 0.803738 0.559810
vt 0.806259 0.567929
vt 0.791064 0.554987
vt 0.778096 0.545910
vt 0.783923 0.560100
vt 0.816730 0.537311
vt 0.823841 0.532688
vt 0.736035 0.543517
vt 0.738449 0.531470
vt 0.746044 0.534367
vt 0.731325 0.535906
vt 0.726107 0.543431
vt 0.720377 0.516691
vt 0.723922 0.525265
vt 0.715153 0.527601
vt 0.729802 0.520416
vt 0.733052 0.511868
vt 0.561632 0.525736
vt 0.007391 0.501605
vt 0.001097 0.497271
vt 0.014784 0.497738
vt 0.000762 0.490498
vt 0.007003 0.486049
vt 0.014773 0.489296
vt 0.582982 0.568209
vt 0.581284 0.570654
vt 0.571964 0.568205
vt 0.497475 0.568213
vt 0.490218 0.570641
vt 0.483175 0.568218
vt 0.530881 0.568211
vt 0.523589 0.570651
vt 0.520346 0.568209
vt 0.541071 0.568214
vt 0.537973 0.570649
vt 0.555406 0.568216
vt 0.552506 0.570645
vt 0.569034 0.570655
vt 0.366673 0.868347
vt 0.366513 0.838664
vt 0.403362 0.868347
vt 0.589236 0.868347
vt 0.605561 0.838664
vt 0.629877 0.868347
vt 0.652360 0.868347
vt 0.656515 0.838664
vt 0.670019 0.868347
vt 0.934244 0.749612
vt 0.934234 0.779296
vt 0.896179 0.779296
vt 0.684975 0.749612
vt 0.691091 0.779296
vt 0.659764 0.779296
vt 0.372698 0.486044
vt 0.360204 0.492466
vt 0.354859 0.490695
vt 0.991082 0.226447
vt 0.993632 0.247050
vt 0.988983 0.244207
vt 0.993351 0.226490
vt 0.988324 0.226461
vt 0.986059 0.255348
vt 0.986185 0.226531
vt 0.995164 0.226550
vt 0.989853 0.270907
vt 0.988440 0.270760
vt 0.985884 0.282893
vt 0.985834 0.273016
vt 0.993967 0.286649
vt 0.992568 0.291076
vt 0.995169 0.262003
vt 0.987157 0.287650
vt 0.991405 0.290464
vt 0.985589 0.297890
vt 0.995164 0.285502
vt 0.992169 0.326640
vt 0.985702 0.317857
vt 0.989022 0.322138
vt 0.985649 0.345118
vt 0.987503 0.345796
vt 0.994836 0.345118
vt 0.993527 0.358311
vt 0.992433 0.346698
vt 0.990034 0.356229
vt 0.986662 0.376194
vt 0.987073 0.357445
vt 0.985589 0.357633
vt 0.987777 0.383338
vt 0.986528 0.388193
vt 0.991573 0.358329
vt 0.992663 0.386720
vt 0.995164 0.379568
vt 0.993681 0.394525
vt 0.994993 0.358747
vt 0.986579 0.401194
vt 0.989984 0.403022
vt 0.986137 0.419087
vt 0.991573 0.406747
vt 0.988264 0.426876
vt 0.990376 0.428987
vt 0.994189 0.414089
vt 0.991573 0.431809
vt 0.985910 0.436958
vt 0.987036 0.451816
vt 0.995164 0.439106
vt 0.993309 0.451770
vt 0.994608 0.427145
vt 0.991014 0.451806
vt 0.920302 0.526317
vt 0.918280 0.537632
vt 0.918280 0.526323
vt 0.927021 0.526324
vt 0.925474 0.562436
vt 0.925474 0.526273
vt 0.921877 0.526263
vt 0.919338 0.561866
vt 0.923787 0.526259
vt 0.923076 0.550844
vt 0.924275 0.562105
vt 0.919370 0.576023
vt 0.922581 0.568872
vt 0.927022 0.584830
vt 0.925009 0.590995
vt 0.924275 0.588139
vt 0.918825 0.616331
vt 0.927539 0.622063
vt 0.925384 0.621602
vt 0.923600 0.623377
vt 0.919047 0.641617
vt 0.926067 0.642493
vt 0.921213 0.649315
vt 0.918795 0.655471
vt 0.919027 0.667622
vt 0.922517 0.662042
vt 0.920088 0.679177
vt 0.918733 0.680837
vt 0.925101 0.668946
vt 0.922654 0.679606
vt 0.925857 0.680475
vt 0.922979 0.698287
vt 0.927742 0.680837
vt 0.927666 0.702189
vt 0.919215 0.699589
vt 0.926041 0.720824
vt 0.922479 0.719702
vt 0.920678 0.721268
vt 0.918488 0.735559
vt 0.918562 0.719042
vt 0.919748 0.749484
vt 0.922635 0.734874
vt 0.923718 0.749472
vt 0.925983 0.749407
vt 1.000000 0.677114
vt 0.998526 0.699251
vt 0.998800 0.677053
vt 0.995198 0.676999
vt 0.999130 0.715306
vt 0.995198 0.700135
vt 0.992167 0.697623
vt 0.990728 0.711736
vt 0.990876 0.692154
vt 0.993998 0.698069
vt 0.991076 0.739438
vt 0.994080 0.729866
vt 0.992132 0.752232
vt 0.993425 0.752834
vt 0.990816 0.776096
vt 0.996012 0.750920
vt 0.995199 0.778106
vt 0.994420 0.778225
vt 0.999615 0.743883
vt 0.992583 0.780589
vt 0.990397 0.792207
vt 0.998517 0.777758
vt 0.996788 0.795279
vt 1.000000 0.778373
vt 0.999405 0.793240
vt 0.992302 0.797269
vt 0.995299 0.801559
vt 0.990397 0.808636
vt 0.993335 0.803679
vt 0.998150 0.803257
vt 0.990939 0.817832
vt 0.998035 0.820398
vt 0.995198 0.821443
vt 0.993046 0.821286
vt 0.990614 0.836802
vt 1.000000 0.818776
vt 0.999581 0.841264
vt 0.999233 0.813750
vt 0.992448 0.843226
vt 0.990394 0.898680
vt 0.990561 0.871297
vt 0.994960 0.875398
vt 0.992498 0.898757
vt 0.995859 0.898755
vt 0.997801 0.898747
vt 0.996535 0.879859
vt 0.995711 0.000079
vt 0.992770 0.046993
vt 0.993421 0.000004
vt 0.990942 0.009254
vt 0.987168 0.039911
vt 0.988646 0.000047
vt 0.988254 0.035797
vt 0.989523 0.070562
vt 0.995972 0.043248
vt 0.994633 0.079269
vt 0.987407 0.087489
vt 0.987303 0.078172
vt 0.992701 0.085506
vt 0.987738 0.098183
vt 0.989949 0.099459
vt 0.992787 0.103033
vt 0.990877 0.105352
vt 0.987729 0.107870
vt 0.991905 0.123033
vt 0.990191 0.128262
vt 0.996385 0.108627
vt 0.993955 0.121661
vt 0.994680 0.103971
vt 0.987621 0.145728
vt 0.987284 0.124564
vt 0.991815 0.128926
vt 0.986791 0.141390
vt 0.993739 0.151017
vt 0.991588 0.150849
vt 0.989895 0.149740
vt 0.990048 0.163395
vt 0.992787 0.189098
vt 0.991552 0.173393
vt 0.995058 0.157289
vt 0.995564 0.168446
vt 0.993832 0.200398
vt 0.988016 0.194889
vt 0.991320 0.202682
vt 0.987370 0.210961
vt 0.986791 0.204271
vt 0.986889 0.182697
vt 0.995645 0.205660
vt 0.994310 0.222979
vt 0.988121 0.222998
vt 0.992256 0.222982
vt 0.987943 0.451831
vt 0.985589 0.461356
vt 0.985589 0.451806
vt 0.994393 0.451807
vt 0.993718 0.469087
vt 0.991560 0.451801
vt 0.989834 0.475793
vt 0.986497 0.475984
vt 0.992876 0.498038
vt 0.988685 0.511962
vt 0.985772 0.515675
vt 0.985589 0.499236
vt 0.994624 0.516440
vt 0.993596 0.528693
vt 0.992484 0.516095
vt 0.988215 0.528393
vt 0.985873 0.547350
vt 0.985755 0.528687
vt 0.988796 0.549986
vt 0.986009 0.560130
vt 0.992992 0.548956
vt 0.991710 0.559967
vt 0.994946 0.563120
vt 0.991530 0.578815
vt 0.987545 0.575193
vt 0.986827 0.585150
vt 0.985900 0.573503
vt 0.995165 0.589419
vt 0.993923 0.598945
vt 0.994479 0.578676
vt 0.989974 0.576484
vt 0.990385 0.621558
vt 0.990341 0.603923
vt 0.986871 0.624858
vt 0.988746 0.585707
vt 0.988384 0.634916
vt 0.995165 0.624663
vt 0.993963 0.643401
vt 0.993591 0.627644
vt 0.985894 0.659738
vt 0.986375 0.644250
vt 0.990071 0.651253
vt 0.988141 0.660320
vt 0.986430 0.676888
vt 0.993058 0.677012
vt 0.991030 0.677017
vt 0.991574 0.656502
vt 0.995165 0.676888
vt 0.994574 0.664783
vt 0.366673 0.898031
vt 0.366513 0.868347
vt 0.403362 0.898031
vt 0.589236 0.898031
vt 0.605561 0.868347
vt 0.629877 0.898031
vt 0.652360 0.898031
vt 0.656515 0.868347
vt 0.670019 0.898031
vt 0.740733 0.808980
vt 0.740722 0.838664
vt 0.702667 0.838664
vt 0.491463 0.808980
vt 0.497579 0.838664
vt 0.466252 0.838664
vt 0.675586 0.486044
vt 0.663092 0.492466
vt 0.657748 0.490695
vt 0.136308 0.611107
vt 0.134329 0.633166
vt 0.133901 0.611027
vt 0.131611 0.611026
vt 0.128823 0.642439
vt 0.136601 0.654234
vt 0.133396 0.663583
vt 0.133396 0.642379
vt 0.131000 0.649657
vt 0.127700 0.675828
vt 0.136991 0.668596
vt 0.136898 0.676584
vt 0.130859 0.677099
vt 0.133304 0.679591
vt 0.135840 0.686998
vt 0.128853 0.732436
vt 0.131605 0.735159
vt 0.128277 0.767963
vt 0.136991 0.739416
vt 0.136042 0.777883
vt 0.135231 0.731512
vt 0.132198 0.763537
vt 0.129856 0.768100
vt 0.133396 0.774338
vt 0.128150 0.785424
vt 0.131791 0.791434
vt 0.127880 0.807275
vt 0.133396 0.795476
vt 0.136991 0.788252
vt 0.136629 0.813536
vt 0.133789 0.823952
vt 0.130199 0.813639
vt 0.127727 0.826294
vt 0.131618 0.826736
vt 0.128841 0.841446
vt 0.132835 0.841435
vt 0.135137 0.841372
vt 0.018000 0.602694
vt 0.016802 0.621750
vt 0.016109 0.602606
vt 0.013816 0.602627
vt 0.013996 0.614995
vt 0.012011 0.602670
vt 0.009975 0.626278
vt 0.010218 0.602709
vt 0.019198 0.602726
vt 0.018161 0.623606
vt 0.011030 0.635647
vt 0.015604 0.637819
vt 0.014407 0.639233
vt 0.013209 0.636232
vt 0.010404 0.667418
vt 0.019198 0.629698
vt 0.017910 0.644625
vt 0.009616 0.655856
vt 0.016867 0.671740
vt 0.013189 0.666839
vt 0.018395 0.687284
vt 0.015589 0.720798
vt 0.018498 0.724081
vt 0.013557 0.763714
vt 0.012918 0.734684
vt 0.010489 0.749626
vt 0.010193 0.718849
vt 0.019025 0.764637
vt 0.018228 0.780129
vt 0.017661 0.760623
vt 0.017301 0.833243
vt 0.013945 0.818430
vt 0.019198 0.833170
vt 0.018798 0.795664
vt 0.015045 0.833450
vt 0.011060 0.832995
vt 0.106958 0.628371
vt 0.107789 0.644587
vt 0.105193 0.628315
vt 0.108157 0.628405
vt 0.106549 0.650912
vt 0.103358 0.628287
vt 0.103358 0.650732
vt 0.107896 0.671763
vt 0.102158 0.644510
vt 0.100574 0.672885
vt 0.105487 0.695301
vt 0.101820 0.739708
vt 0.107162 0.719052
vt 0.103992 0.747979
vt 0.099182 0.747115
vt 0.098559 0.742607
vt 0.098716 0.710982
vt 0.101605 0.754312
vt 0.108157 0.751115
vt 0.106308 0.758597
vt 0.106920 0.748127
vt 0.098976 0.787991
vt 0.107831 0.772332
vt 0.104780 0.762231
vt 0.105234 0.776970
vt 0.101479 0.787019
vt 0.098777 0.835366
vt 0.103358 0.833462
vt 0.101271 0.857003
vt 0.107857 0.837513
vt 0.106247 0.856943
vt 0.104964 0.840359
vt 0.104011 0.856965
vt 0.976678 0.748872
vt 0.979262 0.764416
vt 0.975972 0.761656
vt 0.979063 0.748917
vt 0.974266 0.748891
vt 0.972128 0.788023
vt 0.971767 0.748959
vt 0.980205 0.769314
vt 0.975705 0.789866
vt 0.980777 0.778793
vt 0.980200 0.794971
vt 0.976461 0.830389
vt 0.972044 0.832242
vt 0.973970 0.845179
vt 0.971621 0.882726
vt 0.977173 0.871106
vt 0.975972 0.874560
vt 0.978374 0.866881
vt 0.977781 0.899384
vt 0.980734 0.898418
vt 0.978473 0.950094
vt 0.979696 0.894193
vt 0.971697 0.896518
vt 0.976450 0.932285
vt 0.974129 0.947477
vt 0.977173 0.956256
vt 0.975564 0.960412
vt 0.980460 0.950366
vt 0.978706 0.975781
vt 0.972495 0.975803
vt 0.971528 0.960887
vt 0.980777 0.963337
vt 0.976632 0.975788
vt 0.061909 0.629418
vt 0.062680 0.656603
vt 0.058365 0.662551
vt 0.066619 0.629499
vt 0.065686 0.651830
vt 0.064330 0.629425
vt 0.059555 0.629465
vt 0.057965 0.644936
vt 0.057693 0.629521
vt 0.066740 0.669979
vt 0.062299 0.709048
vt 0.058135 0.730290
vt 0.058123 0.713793
vt 0.066595 0.707909
vt 0.066037 0.733026
vt 0.064427 0.717334
vt 0.067297 0.716772
vt 0.064159 0.759264
vt 0.061147 0.755545
vt 0.067217 0.763920
vt 0.067297 0.798443
vt 0.065843 0.823633
vt 0.062495 0.800776
vt 0.060550 0.813677
vt 0.063695 0.836646
vt 0.060304 0.840089
vt 0.058225 0.824053
vt 0.062167 0.830755
vt 0.067297 0.827679
vt 0.065967 0.839680
vt 0.066196 0.857347
vt 0.063144 0.857410
vt 0.968520 0.227037
vt 0.966358 0.233523
vt 0.966358 0.227014
vt 0.973549 0.246898
vt 0.972097 0.241229
vt 0.972856 0.227010
vt 0.970482 0.227009
vt 0.969067 0.250718
vt 0.973644 0.267472
vt 0.970579 0.256471
vt 0.967556 0.264001
vt 0.967556 0.243934
vt 0.970160 0.272135
vt 0.966358 0.272311
vt 0.966358 0.261035
vt 0.975352 0.261589
vt 0.973970 0.275382
vt 0.971152 0.286582
vt 0.975946 0.272311
vt 0.973104 0.299438
vt 0.972350 0.287176
vt 0.966567 0.300142
vt 0.968258 0.299072
vt 0.970521 0.308048
vt 0.967355 0.318767
vt 0.974170 0.304855
vt 0.973140 0.326365
vt 0.975585 0.316588
vt 0.966358 0.328835
vt 0.966358 0.316588
vt 0.966358 0.342450
vt 0.970159 0.325824
vt 0.967208 0.355834
vt 0.975660 0.347173
vt 0.973463 0.368123
vt 0.972350 0.347394
vt 0.970628 0.348169
vt 0.971152 0.373539
vt 0.969291 0.365697
vt 0.966627 0.386429
vt 0.966503 0.369033
vt 0.975502 0.371341
vt 0.974706 0.401140
vt 0.971576 0.400943
vt 0.969297 0.412422
vt 0.974235 0.417944
vt 0.972350 0.418998
vt 0.966718 0.424291
vt 0.966818 0.412102
vt 0.971152 0.432139
vt 0.966674 0.440183
vt 0.969012 0.437996
vt 0.967793 0.454632
vt 0.975582 0.429673
vt 0.974072 0.454590
vt 0.972981 0.441567
vt 0.975946 0.442261
vt 0.971798 0.454620
vt 0.978356 0.453284
vt 0.975973 0.459645
vt 0.975973 0.453259
vt 0.981730 0.453243
vt 0.979574 0.465646
vt 0.982330 0.472419
vt 0.980504 0.476076
vt 0.978090 0.478960
vt 0.977392 0.466574
vt 0.984915 0.475009
vt 0.982611 0.485692
vt 0.980916 0.509803
vt 0.985684 0.516233
vt 0.982747 0.507992
vt 0.980055 0.500741
vt 0.977298 0.512160
vt 0.978243 0.515150
vt 0.976173 0.537491
vt 0.976670 0.521528
vt 0.983861 0.529598
vt 0.981974 0.540154
vt 0.980144 0.533005
vt 0.977924 0.542332
vt 0.980774 0.565285
vt 0.979546 0.552588
vt 0.983795 0.544964
vt 0.981974 0.569175
vt 0.976257 0.571436
vt 0.979177 0.583280
vt 0.984757 0.580324
vt 0.982092 0.591491
vt 0.976309 0.581840
vt 0.976181 0.604490
vt 0.975973 0.592128
vt 0.984260 0.621813
vt 0.976469 0.618444
vt 0.980603 0.592676
vt 0.981974 0.623211
vt 0.985575 0.605853
vt 0.978470 0.622993
vt 0.980774 0.625222
vt 0.976329 0.632947
vt 0.976268 0.649016
vt 0.978374 0.651294
vt 0.976228 0.665006
vt 0.980177 0.649222
vt 0.982457 0.660666
vt 0.980278 0.664467
vt 0.977425 0.678991
vt 0.985179 0.654255
vt 0.983685 0.678951
vt 0.985575 0.666674
vt 0.981421 0.678979
vt 0.989186 0.679046
vt 0.988406 0.700728
vt 0.987288 0.678975
vt 0.983183 0.679060
vt 0.981056 0.699852
vt 0.981388 0.679062
vt 0.990387 0.679079
vt 0.989791 0.695323
vt 0.981487 0.726151
vt 0.984991 0.678973
vt 0.985584 0.696365
vt 0.983441 0.724280
vt 0.987279 0.713951
vt 0.988423 0.731600
vt 0.990010 0.705408
vt 0.990251 0.729591
vt 0.982626 0.740462
vt 0.985584 0.737864
vt 0.984131 0.746721
vt 0.980781 0.752634
vt 0.981401 0.740237
vt 0.988842 0.749015
vt 0.986785 0.767691
vt 0.985265 0.774875
vt 0.983399 0.776695
vt 0.981265 0.788044
vt 0.980781 0.764109
vt 0.982421 0.797167
vt 0.990387 0.791084
vt 0.988642 0.801735
vt 0.987776 0.781181
vt 0.984835 0.797917
vt 0.980781 0.804197
vt 0.986727 0.809695
vt 0.983813 0.814960
vt 0.981020 0.832501
vt 0.989647 0.808923
vt 0.987848 0.836079
vt 0.981097 0.850506
vt 0.989234 0.832907
vt 0.988144 0.853032
vt 0.986484 0.830204
vt 0.985584 0.854769
vt 0.990387 0.852616
vt 0.988951 0.867387
vt 0.987147 0.889122
vt 0.990387 0.868618
vt 0.990085 0.885170
vt 0.983449 0.876539
vt 0.981231 0.904103
vt 0.981017 0.883034
vt 0.988480 0.904178
vt 0.986239 0.904202
vt 0.985567 0.226558
vt 0.984142 0.253083
vt 0.982630 0.226448
vt 0.979305 0.226467
vt 0.976379 0.242761
vt 0.976580 0.226541
vt 0.981970 0.251241
vt 0.976785 0.259452
vt 0.980669 0.249681
vt 0.977884 0.271972
vt 0.985057 0.263315
vt 0.981970 0.277336
vt 0.980239 0.269657
vt 0.980285 0.286624
vt 0.978683 0.286667
vt 0.984880 0.275755
vt 0.982509 0.292540
vt 0.980770 0.306991
vt 0.978154 0.312702
vt 0.985567 0.295425
vt 0.984142 0.324339
vt 0.984679 0.289491
vt 0.978104 0.319303
vt 0.981825 0.331330
vt 0.981970 0.313549
vt 0.979801 0.336781
vt 0.980770 0.359420
vt 0.978833 0.368130
vt 0.983779 0.382064
vt 0.981970 0.383882
vt 0.982959 0.352011
vt 0.976185 0.392411
vt 0.976492 0.374495
vt 0.980770 0.394829
vt 0.985567 0.377620
vt 0.984718 0.373833
vt 0.978781 0.394594
vt 0.985118 0.394425
vt 0.976115 0.409140
vt 0.984396 0.410631
vt 0.976233 0.424077
vt 0.984149 0.414366
vt 0.981970 0.434749
vt 0.979100 0.428100
vt 0.977312 0.453273
vt 0.976360 0.438135
vt 0.985567 0.440667
vt 0.983507 0.453245
vt 0.984323 0.435334
vt 0.981432 0.453259
vt 0.082536 0.629539
vt 0.079826 0.640024
vt 0.080128 0.629529
vt 0.088199 0.629567
vt 0.089290 0.641033
vt 0.085765 0.629522
vt 0.088911 0.655856
vt 0.086831 0.661436
vt 0.084963 0.659310
vt 0.081724 0.653119
vt 0.079769 0.665077
vt 0.079823 0.653726
vt 0.083117 0.650091
vt 0.083589 0.670589
vt 0.080306 0.669476
vt 0.088312 0.670093
vt 0.086727 0.680624
vt 0.079328 0.680249
vt 0.080526 0.683374
vt 0.079616 0.702991
vt 0.082240 0.684720
vt 0.084000 0.689041
vt 0.084972 0.693830
vt 0.084119 0.711756
vt 0.080731 0.711574
vt 0.082104 0.716058
vt 0.088717 0.706730
vt 0.086267 0.716272
vt 0.079328 0.716482
vt 0.080119 0.728309
vt 0.082937 0.733369
vt 0.088193 0.720407
vt 0.087269 0.734995
vt 0.084375 0.736767
vt 0.088911 0.728309
vt 0.079396 0.741549
vt 0.088331 0.743275
vt 0.079645 0.759948
vt 0.088277 0.765481
vt 0.084788 0.757445
vt 0.083446 0.777435
vt 0.081517 0.769639
vt 0.079482 0.782641
vt 0.080496 0.766828
vt 0.079475 0.798275
vt 0.087474 0.779905
vt 0.085146 0.796753
vt 0.082363 0.804086
vt 0.088390 0.786980
vt 0.086579 0.816677
vt 0.088911 0.799225
vt 0.085317 0.823088
vt 0.084119 0.819753
vt 0.079701 0.823819
vt 0.079604 0.813033
vt 0.088911 0.814818
vt 0.086877 0.832510
vt 0.079673 0.839291
vt 0.082306 0.830653
vt 0.080665 0.857817
vt 0.083623 0.843353
vt 0.088911 0.841544
vt 0.087032 0.857778
vt 0.088347 0.832664
vt 0.084774 0.857805
vt 0.835381 0.490075
vt 0.863861 0.502013
vt 0.859585 0.530571
vt 0.866043 0.517153
vt 0.853126 0.491804
vt 0.163294 0.970959
vt 0.167824 0.485479
vt 0.178532 0.970959
vt 0.299796 0.970959
vt 0.304325 0.485479
vt 0.311368 0.970959
vt 0.284011 0.970959
vt 0.289087 0.485479
vt 0.268711 0.970959
vt 0.276678 0.485479
vt 0.252988 0.970959
vt 0.260955 0.485479
vt 0.237750 0.970959
vt 0.245655 0.485479
vt 0.190942 0.970959
vt 0.198909 0.485479
vt 0.203350 0.970959
vt 0.183608 0.485479
vt 0.666639 0.557627
vt 0.663985 0.547796
vt 0.673858 0.544092
vt 0.656876 0.555107
vt 0.650255 0.564660
vt 0.657794 0.517619
vt 0.659209 0.527859
vt 0.646030 0.524664
vt 0.671195 0.529441
vt 0.665760 0.538029
vt 0.552507 0.567539
vt 0.556803 0.559467
vt 0.565686 0.564344
vt 0.539931 0.553267
vt 0.549650 0.556710
vt 0.543849 0.562681
vt 0.489494 0.495989
vt 0.485838 0.500674
vt 0.482510 0.485996
vt 0.479966 0.501586
vt 0.474444 0.496295
vt 0.475358 0.488752
vt 0.488952 0.490070
vt 0.677474 0.555971
vt 0.675964 0.558409
vt 0.671270 0.555971
vt 0.756011 0.564398
vt 0.752840 0.566847
vt 0.745458 0.564396
vt 0.721186 0.555971
vt 0.718904 0.558409
vt 0.716770 0.555971
vt 0.677324 0.564399
vt 0.673936 0.566840
vt 0.664726 0.564410
vt 0.687573 0.564398
vt 0.684458 0.566846
vt 0.708475 0.555971
vt 0.702873 0.558409
vt 0.700245 0.555971
vt 0.698083 0.564400
vt 0.694693 0.566843
vt 0.708290 0.564403
vt 0.707349 0.566840
vt 0.691941 0.555971
vt 0.688374 0.558409
vt 0.683679 0.555971
vt 0.735240 0.564407
vt 0.729955 0.566836
vt 0.722647 0.564406
vt 0.682169 0.558409
vt 0.740123 0.566842
vt 0.368741 0.527388
vt 0.392730 0.537385
vt 0.408115 0.528293
vt 0.410731 0.502075
vt 0.312504 0.000000
vt 0.451544 0.000000
vt 0.439134 0.000000
vt 0.899162 0.560807
vt 0.887991 0.565754
vt 0.891231 0.555615
vt 0.875818 0.564707
vt 0.877574 0.556360
vt 0.894909 0.519545
vt 0.896417 0.531726
vt 0.905573 0.530512
vt 0.612364 0.485937
vt 0.651638 0.569290
vt 0.129842 0.487918
vt 0.059146 0.531911
vt 0.090105 0.532532
vt 0.309016 0.000000
vt 0.282882 0.000000
vt 0.220837 0.000000
vt 0.094910 0.531844
vt 0.140796 0.536238
vt 0.469624 0.491250
vt 0.473772 0.500269
vt 0.678445 0.551095
vt 0.132308 0.570095
vt 0.723418 0.551095
vt 0.078570 0.570091
vt 0.691979 0.551095
vt 0.121798 0.570084
vt 0.711003 0.528293
vt 0.713619 0.502075
vt 0.751638 0.000000
vt 0.420283 0.567590
vt 0.422039 0.559243
vt 0.451448 0.535892
vt 0.565552 0.535535
vt 0.580311 0.519908
vt 0.583518 0.511966
vt 0.340336 0.570556
vt 0.710669 0.548656
vt 0.377638 0.570550
vt 0.468756 0.000000
vt 0.607796 0.000000
vt 0.595386 0.000000
vt 0.555621 0.000000
vt 0.050594 0.562982
vt 0.039423 0.567929
vt 0.042664 0.557790
vt 0.027250 0.566882
vt 0.029006 0.558535
vt 0.046341 0.521721
vt 0.047849 0.533901
vt 0.057005 0.532687
vt 0.909413 0.570092
vt 0.830727 0.570092
vt 0.959072 0.488463
vt 0.969994 0.509458
vt 0.944682 0.484634
vt 0.055842 0.000000
vt 0.522414 0.544092
vt 0.513079 0.545735
vt 0.484486 0.560886
vt 0.485393 0.550385
vt 0.476329 0.551791
vt 0.504752 0.525481
vt 0.511384 0.519555
vt 0.946595 0.533799
vt 0.673973 0.555971
vt 0.712305 0.555971
vt 0.746498 0.571738
vt 0.052291 0.628682
vt 0.057674 0.676468
vt 0.057674 0.746881
vt 0.048361 0.815443
vt 0.050947 0.805179
vt 0.057674 0.799752
vt 0.057539 0.818282
vt 0.056260 0.835578
vt 0.057674 0.856777
vt 0.117790 0.633377
vt 0.127249 0.780371
vt 0.108174 0.640081
vt 0.115280 0.720256
vt 0.109992 0.771149
vt 0.108329 0.796029
vt 0.117764 0.856357
vt 0.067309 0.629947
vt 0.076910 0.857349
vt 0.966981 0.543492
vt 0.966358 0.614541
vt 0.966358 0.627813
vt 0.975963 0.712105
vt 0.974566 0.716318
vt 0.974613 0.731125
vt 0.975963 0.740471
vt 0.975963 0.748878
vt 0.941712 0.242440
vt 0.947082 0.297707
vt 0.945851 0.384928
vt 0.946963 0.355426
vt 0.947082 0.381135
vt 0.946795 0.433884
vt 0.150834 0.575986
vt 0.146636 0.589090
vt 0.156212 0.630726
vt 0.149341 0.809458
vt 0.156212 0.809352
vt 0.041633 0.626643
vt 0.038462 0.676774
vt 0.046668 0.730323
vt 0.046919 0.752868
vt 0.038462 0.789052
vt 0.048074 0.855246
vt 0.979079 0.000013
vt 0.976997 0.075590
vt 0.985263 0.036553
vt 0.980788 0.169412
vt 0.985602 0.190714
vt 0.023522 0.639545
vt 0.975973 0.226455
vt 0.028466 0.661490
vt 0.028161 0.683897
vt 0.028724 0.694667
vt 0.028833 0.708331
vt 0.025232 0.725205
vt 0.019231 0.803697
vt 0.028554 0.818264
vt 0.403183 0.898031
vt 0.582200 0.898031
vt 0.635690 0.898031
vt 0.702672 0.779296
vt 0.460104 0.779296
vt 0.144345 0.531001
vt 0.150328 0.548325
vt 0.144933 0.542082
vt 0.965246 0.287366
vt 0.956742 0.326752
vt 0.966355 0.345215
vt 0.966355 0.359089
vt 0.965781 0.394296
vt 0.961549 0.427165
vt 0.965988 0.440445
vt 0.966355 0.482846
vt 0.956733 0.019732
vt 0.956316 0.038437
vt 0.947379 0.066242
vt 0.947127 0.077862
vt 0.956223 0.173129
vt 0.956342 0.205692
vt 0.956733 0.242115
vt 0.949852 0.242215
vt 0.937700 0.083907
vt 0.942313 0.119443
vt 0.947115 0.113568
vt 0.947115 0.242444
vt 0.965892 0.110539
vt 0.965725 0.122158
vt 0.965619 0.181801
vt 0.966352 0.205331
vt 0.966352 0.241607
vt 0.951359 0.242210
vt 0.949699 0.347751
vt 0.956371 0.425365
vt 0.956742 0.483080
vt 0.141231 0.595826
vt 0.145087 0.657185
vt 0.137342 0.661456
vt 0.137554 0.691190
vt 0.140067 0.733290
vt 0.143012 0.790091
vt 0.146203 0.775312
vt 0.146607 0.826640
vt 0.000000 0.598884
vt 0.008953 0.661381
vt 0.004790 0.643156
vt 0.009474 0.721996
vt 0.009581 0.739454
vt 0.007471 0.763062
vt 0.009401 0.765454
vt 0.009581 0.817302
vt 0.028847 0.636458
vt 0.037070 0.713945
vt 0.038445 0.754448
vt 0.029105 0.827417
vt 0.038445 0.852209
vt 0.966358 0.058215
vt 0.975972 0.123889
vt 0.966448 0.154064
vt 0.966597 0.189035
vt 0.975972 0.227014
vt 0.098009 0.662207
vt 0.088943 0.659571
vt 0.098550 0.703463
vt 0.096926 0.711606
vt 0.098041 0.721295
vt 0.098550 0.804918
vt 0.098550 0.857310
vt 0.541363 0.537955
vt 0.553066 0.534447
vt 0.533619 0.490100
vt 0.788301 0.485479
vt 0.781259 0.000000
vt 0.790002 0.000000
vt 0.858254 0.000000
vt 0.785839 0.544077
vt 0.718146 0.537013
vt 0.724723 0.532057
vt 0.481135 0.570646
vt 0.500712 0.570652
vt 0.403183 0.838664
vt 0.582200 0.838664
vt 0.635690 0.838664
vt 0.896184 0.749612
vt 0.653616 0.749612
vt 0.911182 0.531001
vt 0.917164 0.548325
vt 0.911769 0.542082
vt 0.985589 0.238962
vt 0.995164 0.276278
vt 0.989041 0.290869
vt 0.994820 0.318798
vt 0.995164 0.393058
vt 0.985589 0.411634
vt 0.995164 0.451806
vt 0.918567 0.547505
vt 0.927252 0.542308
vt 0.927447 0.554895
vt 0.921885 0.617818
vt 0.927872 0.641617
vt 0.924032 0.642064
vt 0.924347 0.654916
vt 0.926214 0.653072
vt 0.927785 0.655471
vt 0.927872 0.668929
vt 0.997031 0.677021
vt 1.000000 0.693907
vt 0.993489 0.677029
vt 0.994456 0.837974
vt 0.994773 0.853567
vt 0.999671 0.876433
vt 1.000000 0.898658
vt 0.991002 -0.000003
vt 0.996274 0.078172
vt 0.996385 0.091655
vt 0.996385 0.099459
vt 0.996225 0.124564
vt 0.995775 0.142339
vt 0.986791 0.163059
vt 0.996169 0.186269
vt 0.996385 0.214725
vt 0.996385 0.222982
vt 0.995165 0.480416
vt 0.995165 0.529818
vt 0.985659 0.624200
vt 0.992236 0.624883
vt 0.995165 0.652755
vt 0.993837 0.659617
vt 0.988266 0.677017
vt 0.403183 0.868347
vt 0.582200 0.868347
vt 0.635690 0.868347
vt 0.702672 0.808980
vt 0.460104 0.808980
vt 0.531369 0.660900
vt 0.537351 0.678224
vt 0.531957 0.671981
vt 0.136522 0.632715
vt 0.127638 0.719388
vt 0.127791 0.666959
vt 0.009616 0.615682
vt 0.012724 0.723663
vt 0.010112 0.777937
vt 0.019198 0.751333
vt 0.099167 0.628389
vt 0.098900 0.648968
vt 0.098559 0.641673
vt 0.101651 0.628323
vt 0.098872 0.667761
vt 0.108157 0.652110
vt 0.098559 0.772332
vt 0.104657 0.807053
vt 0.107666 0.794139
vt 0.108157 0.856834
vt 0.971166 0.765613
vt 0.980418 0.811596
vt 0.980777 0.837317
vt 0.979767 0.854097
vt 0.972038 0.852934
vt 0.971166 0.848424
vt 0.980777 0.858135
vt 0.980777 0.975788
vt 0.058499 0.696850
vt 0.058361 0.759020
vt 0.067297 0.814123
vt 0.066703 0.844900
vt 0.060384 0.857410
vt 0.058529 0.857284
vt 0.975249 0.236008
vt 0.975582 0.247143
vt 0.968755 0.270073
vt 0.975769 0.301151
vt 0.974906 0.331636
vt 0.975815 0.355316
vt 0.966975 0.399260
vt 0.975946 0.388154
vt 0.975643 0.405510
vt 0.975313 0.419322
vt 0.975946 0.454620
vt 0.975973 0.470667
vt 0.984786 0.462059
vt 0.985575 0.527135
vt 0.985291 0.621258
vt 0.985196 0.638358
vt 0.985575 0.678979
vt 0.980781 0.692882
vt 0.990387 0.744159
vt 0.988904 0.758755
vt 0.983846 0.838641
vt 0.990387 0.904097
vt 0.983497 0.904202
vt 0.985584 0.881560
vt 0.980770 0.226433
vt 0.975973 0.275236
vt 0.976403 0.292045
vt 0.985567 0.318204
vt 0.976667 0.317586
vt 0.985457 0.332124
vt 0.977200 0.338033
vt 0.985567 0.344648
vt 0.975973 0.357415
vt 0.985567 0.410059
vt 0.985567 0.425761
vt 0.980770 0.430765
vt 0.985567 0.453259
vt 0.084119 0.629517
vt 0.088238 0.684512
vt 0.088911 0.762000
vt 0.088911 0.771733
vt 0.088911 0.857805
vt 0.819029 0.521865
vt 0.845789 0.537278
vt 0.828400 0.533338
vt 0.817777 0.509711
vt 0.822534 0.498458
vt 0.233245 0.485479
vt 0.645233 0.555714
vt 0.635930 0.560886
vt 0.642513 0.516924
vt 0.572237 0.554174
vt 0.563244 0.555393
vt 0.548737 0.549168
vt 0.541876 0.543532
vt 0.551710 0.536489
vt 0.554259 0.543876
vt 0.563354 0.537096
vt 0.570462 0.544407
vt 0.560131 0.544789
vt 0.563786 0.549474
vt 0.670703 0.558409
vt 0.663791 0.566832
vt 0.711103 0.558409
vt 0.694577 0.558409
vt 0.719510 0.566838
vt 0.899735 0.545051
vt 0.907250 0.548304
vt 0.615164 0.497049
vt 0.622102 0.493113
vt 0.728527 0.566842
vt 0.729261 0.569291
vt 0.715937 0.569290
vt 0.714859 0.566845
vt 0.104402 0.485479
vt 0.105055 0.487918
vt 0.098559 0.487918
vt 0.098559 0.485479
vt 0.640390 0.566856
vt 0.641457 0.569279
vt 0.631048 0.569281
vt 0.630299 0.566852
vt 0.678786 0.569286
vt 0.677711 0.566847
vt 0.122650 0.487918
vt 0.122038 0.485479
vt 0.688189 0.566849
vt 0.688939 0.569284
vt 0.700328 0.566852
vt 0.701546 0.569281
vt 0.114377 0.487918
vt 0.113765 0.485479
vt 0.271601 0.485479
vt 0.270473 0.000000
vt 0.256301 0.485479
vt 0.254689 0.000000
vt 0.209556 0.485479
vt 0.208428 0.000000
vt 0.101343 0.545961
vt 0.093180 0.547086
vt 0.674310 0.551095
vt 0.673679 0.548656
vt 0.055863 0.570083
vt 0.042428 0.570084
vt 0.042552 0.567654
vt 0.054647 0.567655
vt 0.067293 0.567643
vt 0.068048 0.570093
vt 0.634878 0.485479
vt 0.633750 0.000000
vt 0.648989 0.000000
vt 0.650602 0.485479
vt 0.625008 0.485479
vt 0.625008 0.000000
vt 0.765176 0.485479
vt 0.764048 0.000000
vt 0.776457 0.000000
vt 0.777585 0.485479
vt 0.704830 0.000000
vt 0.706443 0.485479
vt 0.690721 0.485479
vt 0.689593 0.000000
vt 0.678311 0.485479
vt 0.677184 0.000000
vt 0.665902 0.485479
vt 0.664774 0.000000
vt 0.432456 0.568637
vt 0.431846 0.560419
vt 0.418855 0.522156
vt 0.421058 0.529993
vt 0.586318 0.523078
vt 0.593256 0.519142
vt 0.680130 0.546218
vt 0.680783 0.548656
vt 0.674287 0.548656
vt 0.674287 0.546218
vt 0.330155 0.570545
vt 0.318873 0.570548
vt 0.318997 0.568118
vt 0.329088 0.568122
vt 0.724184 0.548656
vt 0.723646 0.546218
vt 0.367485 0.570553
vt 0.366409 0.568113
vt 0.697317 0.548656
vt 0.696779 0.546218
vt 0.690105 0.548656
vt 0.689494 0.546218
vt 0.335906 0.562943
vt 0.326673 0.554940
vt 0.051168 0.547226
vt 0.058682 0.550479
vt 0.685357 0.543780
vt 0.685969 0.546218
vt 0.678684 0.546218
vt 0.678147 0.543780
vt 0.674287 0.543780
vt 0.819479 0.567657
vt 0.820545 0.570081
vt 0.809264 0.570084
vt 0.809388 0.567654
vt 0.723197 0.546218
vt 0.722584 0.543780
vt 0.857875 0.570088
vt 0.856799 0.567649
vt 0.867277 0.567651
vt 0.868028 0.570085
vt 0.694242 0.546218
vt 0.693630 0.543780
vt 0.879416 0.567654
vt 0.880635 0.570083
vt 0.000000 0.000000
vt 0.000000 0.485479
vt 0.133963 0.485479
vt 0.132835 0.000000
vt 0.148136 0.000000
vt 0.149749 0.485479
vt 0.121555 0.485479
vt 0.120427 0.000000
vt 0.109145 0.485479
vt 0.108017 0.000000
vt 0.096735 0.485479
vt 0.095607 0.000000
vt 0.084327 0.485479
vt 0.083199 0.000000
vt 0.069027 0.485479
vt 0.067414 0.000000
vt 0.473563 0.539890
vt 0.481749 0.540830
vt 0.512047 0.532213
vt 0.519751 0.529441
vt 0.935689 0.558842
vt 0.942684 0.554713
vt 0.756011 0.569288
vt 0.756766 0.571735
vt 0.670681 0.555971
vt 0.670681 0.553533
vt 0.662725 0.569301
vt 0.663791 0.571722
vt 0.655056 0.571729
vt 0.655056 0.569295
vt 0.675078 0.569292
vt 0.676153 0.571733
vt 0.718979 0.553533
vt 0.719591 0.555971
vt 0.685638 0.569287
vt 0.686393 0.571735
vt 0.695869 0.569290
vt 0.696946 0.571733
vt 0.708290 0.569293
vt 0.709365 0.571730
vt 0.694772 0.555971
vt 0.694160 0.553533
vt 0.718759 0.569295
vt 0.719509 0.571728
vt 0.127376 0.643132
vt 0.117866 0.683903
vt 0.127376 0.703240
vt 0.975963 0.728282
vt 0.966961 0.521878
vt 0.038615 0.643603
vt 0.039077 0.626710
vt 0.048074 0.757212
vt 0.976369 0.015714
vt 0.976577 0.000082
vt 0.975973 0.092028
vt 0.028833 0.795551
vt 0.349700 0.927715
vt 0.349700 0.898031
vt 0.421401 0.898031
vt 0.421399 0.927715
vt 0.438410 0.898031
vt 0.438411 0.927715
vt 0.462388 0.898031
vt 0.465504 0.927715
vt 0.492642 0.898031
vt 0.492641 0.927715
vt 0.510989 0.898031
vt 0.510991 0.927715
vt 0.536079 0.898031
vt 0.538784 0.927715
vt 0.563753 0.898031
vt 0.563752 0.927715
vt 0.694870 0.898031
vt 0.698105 0.927715
vt 0.723775 0.898031
vt 0.723772 0.927715
vt 0.753697 0.898031
vt 0.755269 0.927715
vt 0.312504 0.927715
vt 0.312504 0.898031
vt 0.332222 0.898031
vt 0.332222 0.927715
vt 0.758473 0.779296
vt 0.758475 0.808980
vt 0.683690 0.779296
vt 0.683685 0.808980
vt 0.665904 0.808980
vt 0.665902 0.779296
vt 0.640704 0.779296
vt 0.637420 0.808980
vt 0.609356 0.779296
vt 0.609359 0.808980
vt 0.590236 0.808980
vt 0.590234 0.779296
vt 0.563843 0.779296
vt 0.560950 0.808980
vt 0.535161 0.779296
vt 0.535158 0.808980
vt 0.515926 0.808980
vt 0.515929 0.779296
vt 0.442667 0.808980
vt 0.442672 0.779296
vt 0.424232 0.808980
vt 0.424229 0.779296
vt 0.398258 0.779296
vt 0.394876 0.808980
vt 0.368140 0.779296
vt 0.368143 0.808980
vt 0.337345 0.779296
vt 0.335513 0.808980
vt 0.312505 0.779296
vt 0.312504 0.808980
vt 0.776739 0.779296
vt 0.776739 0.808980
vt 0.003620 0.575299
vt 0.000000 0.557933
vt 0.003105 0.557945
vt 0.006630 0.574519
vt 0.610658 0.575279
vt 0.607724 0.574378
vt 0.611245 0.557934
vt 0.614349 0.557934
vt 0.022634 0.608534
vt 0.024973 0.606518
vt 0.592064 0.608497
vt 0.589801 0.606372
vt 0.037541 0.619629
vt 0.035878 0.622278
vt 0.578975 0.622252
vt 0.577312 0.619632
vt 0.052788 0.628308
vt 0.053747 0.625338
vt 0.562245 0.628287
vt 0.561286 0.625335
vt 0.081303 0.629471
vt 0.080885 0.626400
vt 0.537107 0.629553
vt 0.537359 0.626477
vt 0.107795 0.624317
vt 0.109113 0.627097
vt 0.505884 0.627100
vt 0.507205 0.624291
vt 0.124339 0.615727
vt 0.122356 0.613368
vt 0.490503 0.615732
vt 0.492482 0.613341
vt 0.139559 0.590939
vt 0.136710 0.589775
vt 0.476325 0.593503
vt 0.479089 0.592149
vt 0.147176 0.567170
vt 0.150256 0.567543
vt 0.464162 0.567545
vt 0.467242 0.567156
vt 0.463948 0.548324
vt 0.467027 0.548713
vt 0.473213 0.525788
vt 0.475936 0.527221
vt 0.124271 0.507740
vt 0.126474 0.505620
vt 0.492220 0.500995
vt 0.494198 0.503386
vt 0.107148 0.493494
vt 0.108467 0.490699
vt 0.090755 0.486050
vt 0.090174 0.489081
vt 0.062306 0.490172
vt 0.061628 0.487160
vt 0.549479 0.489639
vt 0.550014 0.486604
vt 0.037516 0.497107
vt 0.035853 0.494462
vt 0.578970 0.494476
vt 0.577307 0.497097
vt 0.015106 0.519813
vt 0.017583 0.521660
vt 0.598391 0.518354
vt 0.596070 0.520389
vt 0.007197 0.540936
vt 0.004188 0.540145
vt 0.610224 0.540152
vt 0.607217 0.540923
vt 0.956742 0.335593
vt 0.966355 0.374425
vt 0.947717 0.000091
vt 0.956733 0.000109
vt 0.947127 0.087889
vt 0.956393 0.189178
vt 0.953744 0.195923
vt 0.937511 0.031050
vt 0.966352 0.188825
vt 0.956742 0.375645
vt 0.956742 0.367569
vt 0.956742 0.433747
vt 0.947127 0.458248
vt 0.146374 0.708504
vt 0.029297 0.852213
vt 0.966618 0.200812
vt 0.098550 0.646230
vt 0.098550 0.629344
vt 0.089541 0.629327
vt 0.098550 0.820889
vt 0.562175 0.502075
vt 0.564941 0.513974
vt 0.805302 0.000000
vt 0.806915 0.485479
vt 0.844081 0.485479
vt 0.842468 0.000000
vt 0.825529 0.485479
vt 0.823916 0.000000
vt 0.783120 0.528804
vt 0.788832 0.534665
vt 0.796794 0.528247
vt 0.795159 0.520171
vt 0.810480 0.520940
vt 0.806721 0.528161
vt 0.737762 0.523077
vt 0.744700 0.519142
vt 0.677726 0.551095
vt 0.678378 0.553533
vt 0.671883 0.553533
vt 0.671883 0.551095
vt 0.720181 0.551095
vt 0.720793 0.553533
vt 0.712520 0.553533
vt 0.711909 0.551095
vt 0.510155 0.568206
vt 0.510911 0.570654
vt 0.705254 0.553533
vt 0.704716 0.551095
vt 0.696992 0.553533
vt 0.696414 0.551095
vt 0.687702 0.553533
vt 0.687090 0.551095
vt 0.349700 0.868347
vt 0.349700 0.838664
vt 0.421401 0.838664
vt 0.421399 0.868347
vt 0.438410 0.838664
vt 0.438411 0.868347
vt 0.462388 0.838664
vt 0.465504 0.868347
vt 0.492642 0.838664
vt 0.492641 0.868347
vt 0.510989 0.838664
vt 0.510991 0.868347
vt 0.536079 0.838664
vt 0.538784 0.868347
vt 0.563753 0.838664
vt 0.563752 0.868347
vt 0.694870 0.838664
vt 0.698105 0.868347
vt 0.723775 0.838664
vt 0.723772 0.868347
vt 0.753697 0.838664
vt 0.755269 0.868347
vt 0.312504 0.868347
vt 0.312504 0.838664
vt 0.332222 0.838664
vt 0.332222 0.868347
vt 0.951985 0.749612
vt 0.951987 0.779296
vt 0.877202 0.749612
vt 0.877197 0.779296
vt 0.859416 0.779296
vt 0.859414 0.749612
vt 0.834216 0.749612
vt 0.830932 0.779296
vt 0.802868 0.749612
vt 0.802871 0.779296
vt 0.783748 0.779296
vt 0.783746 0.749612
vt 0.757355 0.749612
vt 0.754462 0.779296
vt 0.728673 0.749612
vt 0.728670 0.779296
vt 0.709438 0.779296
vt 0.709441 0.749612
vt 0.636179 0.779296
vt 0.636184 0.749612
vt 0.617744 0.779296
vt 0.617741 0.749612
vt 0.591770 0.749612
vt 0.588388 0.779296
vt 0.561652 0.749612
vt 0.561654 0.779296
vt 0.530857 0.749612
vt 0.529025 0.779296
vt 0.506016 0.749612
vt 0.506016 0.779296
vt 0.970251 0.749612
vt 0.970250 0.779296
vt 0.770456 0.575298
vt 0.766836 0.557933
vt 0.769942 0.557945
vt 0.773466 0.574519
vt 0.459214 0.575279
vt 0.456280 0.574378
vt 0.459801 0.557934
vt 0.462905 0.557934
vt 0.789470 0.608534
vt 0.791809 0.606518
vt 0.440620 0.608497
vt 0.438357 0.606372
vt 0.804378 0.619628
vt 0.802714 0.622278
vt 0.427531 0.622252
vt 0.425868 0.619632
vt 0.819624 0.628308
vt 0.820583 0.625338
vt 0.410801 0.628287
vt 0.409842 0.625335
vt 0.848139 0.629471
vt 0.847721 0.626400
vt 0.385663 0.629553
vt 0.385915 0.626477
vt 0.874631 0.624317
vt 0.875950 0.627097
vt 0.354440 0.627100
vt 0.355761 0.624291
vt 0.891176 0.615727
vt 0.889193 0.613368
vt 0.339059 0.615732
vt 0.341038 0.613341
vt 0.906396 0.590939
vt 0.903546 0.589775
vt 0.324881 0.593503
vt 0.327645 0.592149
vt 0.914013 0.567170
vt 0.917092 0.567543
vt 0.312718 0.567545
vt 0.315798 0.567156
vt 0.312504 0.548324
vt 0.315583 0.548713
vt 0.321769 0.525788
vt 0.324491 0.527221
vt 0.891107 0.507740
vt 0.893310 0.505620
vt 0.340775 0.500995
vt 0.342754 0.503386
vt 0.873984 0.493494
vt 0.875304 0.490699
vt 0.857592 0.486050
vt 0.857011 0.489081
vt 0.829142 0.490172
vt 0.828464 0.487160
vt 0.398035 0.489639
vt 0.398570 0.486604
vt 0.804352 0.497107
vt 0.802689 0.494462
vt 0.427526 0.494476
vt 0.425862 0.497097
vt 0.781942 0.519813
vt 0.784419 0.521659
vt 0.446947 0.518354
vt 0.444626 0.520389
vt 0.774033 0.540936
vt 0.771024 0.540145
vt 0.458780 0.540152
vt 0.455773 0.540924
vt 0.995164 0.403669
vt 0.918742 0.557543
vt 0.927872 0.562788
vt 0.927872 0.571275
vt 0.991009 0.677098
vt 0.990397 0.766015
vt 0.997083 0.836141
vt 0.986791 0.000104
vt 0.994932 0.547498
vt 0.985589 0.605763
vt 0.985589 0.641089
vt 0.421401 0.868347
vt 0.421399 0.898031
vt 0.438410 0.868347
vt 0.438411 0.898031
vt 0.462388 0.868347
vt 0.465504 0.898031
vt 0.492642 0.868347
vt 0.492641 0.898031
vt 0.510989 0.868347
vt 0.510991 0.898031
vt 0.536079 0.868347
vt 0.538784 0.898031
vt 0.563753 0.868347
vt 0.563752 0.898031
vt 0.694870 0.868347
vt 0.698105 0.898031
vt 0.723775 0.868347
vt 0.723772 0.898031
vt 0.753697 0.868347
vt 0.755269 0.898031
vt 0.758473 0.808980
vt 0.758475 0.838664
vt 0.683690 0.808980
vt 0.683685 0.838664
vt 0.665904 0.838664
vt 0.665902 0.808980
vt 0.640704 0.808980
vt 0.637420 0.838664
vt 0.609356 0.808980
vt 0.609359 0.838664
vt 0.590236 0.838664
vt 0.590234 0.808980
vt 0.563843 0.808980
vt 0.560950 0.838664
vt 0.535161 0.808980
vt 0.535158 0.838664
vt 0.515926 0.838664
vt 0.515929 0.808980
vt 0.442667 0.838664
vt 0.442672 0.808980
vt 0.424232 0.838664
vt 0.424229 0.808980
vt 0.398258 0.808980
vt 0.394876 0.838664
vt 0.368140 0.808980
vt 0.368143 0.838664
vt 0.337345 0.808980
vt 0.335513 0.838664
vt 0.312505 0.808980
vt 0.776739 0.838664
vt 0.390644 0.705198
vt 0.387024 0.687832
vt 0.390129 0.687844
vt 0.393654 0.704418
vt 0.762102 0.575279
vt 0.759169 0.574378
vt 0.762690 0.557934
vt 0.765794 0.557934
vt 0.409658 0.738433
vt 0.411997 0.736417
vt 0.743508 0.608497
vt 0.741245 0.606372
vt 0.424565 0.749528
vt 0.422902 0.752177
vt 0.730419 0.622252
vt 0.728756 0.619632
vt 0.439811 0.758207
vt 0.440771 0.755237
vt 0.713689 0.628287
vt 0.712730 0.625335
vt 0.468327 0.759370
vt 0.467908 0.756299
vt 0.688551 0.629553
vt 0.688803 0.626477
vt 0.494819 0.754216
vt 0.496137 0.756996
vt 0.657328 0.627100
vt 0.658650 0.624291
vt 0.511363 0.745626
vt 0.509380 0.743267
vt 0.641947 0.615732
vt 0.643926 0.613341
vt 0.526583 0.720838
vt 0.523734 0.719674
vt 0.627769 0.593503
vt 0.630533 0.592149
vt 0.534200 0.697069
vt 0.537280 0.697442
vt 0.615607 0.567545
vt 0.618686 0.567156
vt 0.615392 0.548324
vt 0.618472 0.548713
vt 0.624658 0.525788
vt 0.627380 0.527221
vt 0.511295 0.637640
vt 0.513498 0.635519
vt 0.643664 0.500995
vt 0.645642 0.503386
vt 0.494172 0.623393
vt 0.495491 0.620598
vt 0.477779 0.615949
vt 0.477198 0.618980
vt 0.449330 0.620071
vt 0.448652 0.617059
vt 0.700923 0.489639
vt 0.701458 0.486604
vt 0.424539 0.627006
vt 0.422877 0.624361
vt 0.730414 0.494476
vt 0.728751 0.497097
vt 0.402130 0.649713
vt 0.404606 0.651559
vt 0.749835 0.518354
vt 0.747515 0.520389
vt 0.394221 0.670835
vt 0.391212 0.670044
vt 0.761668 0.540152
vt 0.758661 0.540923
vt 0.128085 0.626711
vt 0.129166 0.611068
vt 0.127405 0.611127
vt 0.099398 0.856825
vt 0.980777 0.748976
vt 0.971447 0.945512
vt 0.057693 0.704485
vt 0.058324 0.809065
vt 0.975186 0.227014
vt 0.966358 0.245811
vt 0.984809 0.453259
vt 0.985575 0.538699
vt 0.980781 0.817590
vt 0.983747 0.854131
vt 0.990387 0.834078
vt 0.981006 0.867156
vt 0.975973 0.285874
vt 0.976475 0.332124
vt 0.219135 0.970959
vt 0.217523 0.485479
vt 0.627774 0.551790
vt 0.635400 0.548671
vt 0.625593 0.536650
vt 0.633454 0.538936
vt 0.637373 0.529522
vt 0.632050 0.523232
vt 0.655056 0.566839
vt 0.655056 0.564405
s 1
usemtl initialShadingGroup
f 8/1/1 5/2/2 1/3/3
f 8/1/1 3/4/4 2/5/5
f 8/1/1 1/3/3 3/4/4
f 2/5/5 10/6/6 8/1/1
f 3/4/4 1/3/3 11/7/7
f 4/8/8 12/9/9 1/10/3
f 5/11/2 13/12/10 4/8/8
f 6/13/11 14/14/12 5/15/2
f 8/16/1 17/17/13 7/18/14
f 9/19/15 18/20/16 8/16/1
f 2/21/5 20/22/17 10/23/6
f 3/24/4 21/25/18 2/21/5
f 11/26/7 22/27/19 3/24/4
f 17/28/20 26/29/20 16/30/20
f 18/31/20 27/32/20 26/29/20
f 20/33/20 28/34/20 19/35/20
f 20/33/20 29/36/20 28/34/20
f 39/37/20 38/38/20 37/39/20
f 39/37/20 40/40/20 38/38/20
f 41/41/20 40/40/20 39/37/20
f 44/42/20 43/43/20 42/44/20
f 44/42/20 45/45/20 43/43/20
f 46/46/20 45/45/20 44/42/20
f 46/46/20 47/47/20 45/45/20
f 32/48/21 33/49/20 31/50/22
f 33/49/20 34/51/20 31/50/22
f 34/51/20 35/52/20 31/50/22
f 35/52/20 36/53/23 31/50/22
f 32/54/21 40/55/24 33/56/25
f 33/56/26 43/57/27 34/58/28
f 27/59/29 44/60/30 26/61/31
f 58/62/32 54/63/33 51/64/34
f 58/62/32 56/65/35 54/63/33
f 58/62/32 52/66/36 56/65/35
f 58/62/32 57/67/37 52/66/36
f 60/68/38 59/69/39 58/62/32
f 53/70/40 61/71/41 51/72/34
f 54/73/33 62/74/42 53/70/40
f 55/75/43 63/76/44 54/77/33
f 58/78/32 67/79/45 57/80/37
f 51/72/34 70/81/46 60/82/38
f 62/83/20 71/84/20 61/85/20
f 62/83/20 72/86/20 71/84/20
f 64/87/20 73/88/20 63/89/20
f 67/90/20 76/91/20 75/92/20
f 68/93/20 76/91/20 67/90/20
f 69/94/20 78/95/20 77/96/20
f 86/97/20 87/98/20 101/99/20
f 90/100/20 89/101/20 88/102/20
f 90/100/20 91/103/20 89/101/20
f 94/104/20 93/105/20 92/106/20
f 94/104/20 95/107/20 93/105/20
f 96/108/20 95/107/20 94/104/20
f 96/108/20 97/109/20 95/107/20
f 98/110/20 97/109/20 96/108/20
f 98/110/20 99/111/20 97/109/20
f 80/112/47 81/113/20 79/114/48
f 81/113/20 82/115/20 79/114/48
f 82/115/20 83/116/20 79/114/48
f 83/116/20 84/117/20 79/114/48
f 84/117/20 85/118/49 79/114/48
f 72/119/50 88/120/51 71/121/52
f 80/122/47 91/123/53 81/124/54
f 81/124/54 93/125/55 82/126/56
f 82/126/56 95/127/57 83/128/58
f 76/129/59 96/130/60 75/131/61
f 83/128/58 97/132/62 84/133/63
f 77/134/64 98/135/65 76/129/66
f 78/136/67 100/137/68 77/134/69
f 85/138/49 101/139/70 79/140/48
f 108/141/1 104/142/71 103/143/72
f 108/141/1 106/144/73 104/142/71
f 108/141/1 103/143/72 113/145/74
f 106/144/73 105/146/75 104/142/71
f 111/147/76 110/148/77 108/141/1
f 113/145/74 112/149/78 111/147/76
f 108/150/1 119/151/79 107/152/80
f 109/153/81 120/154/82 108/150/1
f 114/155/20 126/156/20 125/157/20
f 115/158/20 126/156/20 114/155/20
f 119/159/20 129/160/20 118/161/20
f 120/162/20 130/163/20 129/160/20
f 123/164/20 132/165/20 122/166/20
f 123/164/20 133/167/20 132/165/20
f 143/168/20 142/169/20 141/170/20
f 143/168/20 144/171/20 142/169/20
f 145/172/20 144/171/20 143/168/20
f 145/172/20 146/173/20 144/171/20
f 148/174/20 150/175/20 149/176/20
f 151/177/20 150/175/20 148/174/20
f 135/178/83 136/179/20 134/180/84
f 136/179/20 137/181/20 134/180/84
f 137/181/20 138/182/20 134/180/84
f 138/182/20 139/183/20 134/180/84
f 139/183/20 140/184/85 134/180/84
f 126/185/86 141/186/87 125/187/88
f 127/188/89 143/189/90 126/185/91
f 136/190/92 146/191/93 137/192/94
f 130/193/29 148/194/30 129/195/95
f 137/192/96 150/196/97 138/197/98
f 133/198/99 154/199/100 132/200/101
f 157/201/15 162/202/11 156/203/3
f 157/201/15 159/204/102 158/205/5
f 157/201/15 156/203/3 159/204/102
f 157/201/15 164/206/1 163/207/103
f 158/205/5 165/208/104 157/201/15
f 159/204/102 156/203/3 166/209/7
f 160/210/8 167/211/9 156/212/3
f 161/213/2 168/214/10 160/210/8
f 162/215/11 169/216/12 161/217/2
f 164/218/1 172/219/13 163/220/105
f 157/221/15 173/222/16 164/218/1
f 158/223/5 175/224/17 165/225/104
f 159/226/102 176/227/18 158/223/5
f 166/228/7 177/229/19 159/226/102
f 172/230/20 181/231/20 171/232/20
f 173/233/20 181/231/20 172/230/20
f 173/233/20 182/234/20 181/231/20
f 175/235/20 183/236/20 174/237/20
f 175/235/20 184/238/20 183/236/20
f 195/239/20 194/240/20 193/241/20
f 195/239/20 196/242/20 194/240/20
f 197/243/20 196/242/20 195/239/20
f 200/244/20 198/245/20 199/246/20
f 200/244/20 201/247/20 198/245/20
f 202/248/20 201/247/20 200/244/20
f 205/249/20 204/250/20 203/251/20
f 205/249/20 206/252/20 204/250/20
f 193/241/20 206/252/20 205/249/20
f 187/253/106 188/254/20 186/255/107
f 188/254/20 189/256/20 186/255/107
f 189/256/20 190/257/20 186/255/107
f 190/257/20 191/258/20 186/255/107
f 191/258/20 192/259/108 186/255/107
f 179/260/109 193/261/110 178/262/111
f 188/263/112 198/264/113 189/265/114
f 182/266/29 200/267/30 181/268/31
f 189/265/114 201/269/115 190/270/116
f 213/271/117 217/272/118 216/273/119
f 213/271/117 207/274/120 217/272/118
f 210/275/121 209/276/122 208/277/123
f 213/271/117 211/278/124 210/275/121
f 208/279/123 219/280/125 207/281/120
f 217/282/118 228/283/126 216/284/119
f 207/281/120 218/285/127 217/282/118
f 220/286/20 230/287/20 219/288/20
f 220/286/20 231/289/20 230/287/20
f 225/290/20 234/291/20 224/292/20
f 225/290/20 235/293/20 234/291/20
f 226/294/20 235/293/20 225/290/20
f 245/295/20 247/296/20 246/297/20
f 250/298/20 249/299/20 248/300/20
f 255/301/20 254/302/20 253/303/20
f 258/304/20 259/305/20 257/306/20
f 260/307/20 259/305/20 258/304/20
f 260/307/20 246/297/20 259/305/20
f 245/295/20 246/297/20 260/307/20
f 239/308/128 240/309/20 238/310/129
f 240/309/20 241/311/20 238/310/129
f 241/311/20 242/312/20 238/310/129
f 242/312/20 243/313/20 238/310/129
f 243/313/20 244/314/130 238/310/129
f 244/315/130 246/316/131 238/317/129
f 240/318/132 254/319/133 241/320/134
f 243/321/135 259/322/136 244/315/137
f 229/323/138 260/324/139 237/325/140
f 261/326/141 267/327/142 264/328/143
f 262/329/144 267/330/142 261/331/141
f 265/332/145 266/333/146 269/334/147
f 268/335/148 272/336/149 270/337/150
f 266/333/146 267/327/142 273/338/151
f 271/339/152 274/340/153 267/327/142
f 273/338/151 277/341/154 275/342/155
f 273/338/151 279/343/156 277/341/154
f 276/344/157 279/343/156 274/340/153
f 272/345/149 280/346/158 276/344/157
f 277/341/154 278/347/159 280/348/158
f 279/343/156 281/349/160 278/347/159
f 279/343/156 284/350/161 281/349/160
f 280/346/158 282/351/162 279/343/156
f 281/352/160 283/353/163 280/346/158
f 279/343/156 282/351/162 286/354/164
f 286/354/164 289/355/165 292/356/166
f 292/356/166 290/357/167 288/358/168
f 292/356/166 294/359/169 290/357/167
f 293/360/170 294/359/169 289/355/165
f 299/361/171 300/362/172 298/363/173
f 297/364/174 301/365/175 303/366/176
f 297/364/174 298/363/173 301/365/175
f 296/367/177 304/368/178 295/369/179
f 295/370/179 302/371/180 299/361/171
f 303/366/176 305/372/181 304/368/178
f 303/366/176 301/365/175 307/373/182
f 300/362/172 306/374/183 298/363/173
f 305/372/181 310/375/184 304/368/178
f 307/373/182 308/376/185 313/377/186
f 301/365/175 306/374/183 308/376/185
f 310/378/184 311/379/187 309/380/188
f 311/379/187 312/381/189 306/374/183
f 308/376/185 312/381/189 313/377/186
f 314/382/190 321/383/191 315/384/192
f 316/385/193 317/386/194 319/387/195
f 315/388/192 320/389/196 316/385/193
f 321/390/191 320/389/196 315/388/192
f 318/391/197 322/392/198 321/383/191
f 319/387/195 322/392/198 318/391/197
f 321/390/191 323/393/199 320/389/196
f 317/386/194 324/394/200 319/387/195
f 317/386/194 325/395/201 324/394/200
f 323/393/199 326/396/202 320/389/196
f 324/394/200 328/397/203 327/398/204
f 327/399/204 328/400/203 323/393/199
f 328/397/203 330/401/205 331/402/206
f 331/403/206 332/404/207 329/405/208
f 337/406/209 338/407/210 336/408/211
f 335/409/212 339/410/213 343/411/214
f 335/409/212 342/412/215 339/410/213
f 338/407/210 342/412/215 336/408/211
f 334/413/216 341/414/217 333/415/218
f 333/416/218 340/417/219 337/406/209
f 343/411/214 339/410/213 345/418/220
f 341/419/217 343/420/214 340/417/219
f 343/420/214 342/412/215 340/417/219
f 342/412/215 343/420/214 346/421/221
f 342/412/215 344/422/222 345/418/220
f 346/421/221 350/423/223 344/422/222
f 347/424/224 348/425/225 351/426/226
f 344/427/222 349/428/227 348/425/225
f 346/421/221 351/426/226 350/423/223
f 350/429/223 354/430/228 349/428/227
f 351/431/226 354/430/228 350/429/223
f 354/430/228 356/432/229 353/433/230
f 356/432/229 357/434/231 355/435/232
f 356/432/229 359/436/233 357/434/231
f 357/437/231 358/438/234 354/430/228
f 356/432/229 360/439/235 359/436/233
f 358/438/234 360/439/235 354/430/228
f 363/440/236 366/441/237 362/442/238
f 361/443/239 368/444/240 365/445/241
f 363/440/236 364/446/242 367/447/243
f 368/444/240 369/448/244 367/447/243
f 366/449/237 370/450/245 368/444/240
f 371/451/246 370/450/245 374/452/247
f 369/453/244 370/450/245 366/449/237
f 371/451/246 372/454/248 369/448/244
f 370/450/245 373/455/249 374/452/247
f 369/453/244 373/455/249 370/450/245
f 374/452/247 373/455/249 375/456/250
f 369/453/244 376/457/251 373/455/249
f 372/454/248 376/458/251 369/448/244
f 374/459/247 377/460/252 376/457/251
f 375/456/250 379/461/253 374/452/247
f 375/456/250 377/460/252 378/462/254
f 380/463/255 383/464/256 379/461/253
f 378/462/254 383/464/256 380/463/255
f 379/465/253 381/466/257 382/467/258
f 378/462/254 384/468/259 383/464/256
f 388/469/260 389/470/261 387/471/262
f 385/472/263 390/473/264 388/469/260
f 386/474/265 389/470/261 391/475/266
f 391/476/266 394/477/267 390/473/264
f 389/470/261 395/478/268 392/479/269
f 389/470/261 394/477/267 393/480/270
f 389/470/261 393/480/270 398/481/271
f 19/482/272 18/20/16 9/19/15 10/23/6
f 391/476/266 397/483/273 394/477/267
f 395/484/268 396/485/274 392/486/269
f 393/480/270 397/483/273 398/481/271
f 398/487/271 399/488/275 391/476/266
f 399/488/275 400/489/276 397/483/273
f 400/489/276 403/490/277 398/481/271
f 400/489/276 401/491/278 402/492/279
f 404/493/280 407/494/281 403/490/277
f 402/492/279 411/495/282 404/493/280
f 402/492/279 408/496/283 411/495/282
f 402/492/279 409/497/284 408/496/283
f 402/492/279 405/498/285 409/497/284
f 408/496/283 413/499/286 411/495/282
f 408/496/283 409/497/284 413/499/286
f 412/500/287 409/497/284 405/498/285
f 414/501/288 419/502/289 417/503/290
f 417/504/290 418/505/291 416/506/292
f 418/505/291 420/507/293 414/501/288
f 421/508/294 422/509/295 423/510/296
f 421/508/294 425/511/297 420/507/293
f 420/512/293 424/513/298 419/514/289
f 423/510/296 427/515/299 421/508/294
f 424/513/298 426/516/300 419/514/289
f 423/510/296 428/517/301 427/515/299
f 422/509/295 426/516/300 429/518/302
f 428/517/301 429/518/302 430/519/303
f 427/520/299 432/521/304 424/513/298
f 430/519/303 433/522/305 432/523/304
f 431/524/306 433/522/305 430/519/303
f 431/524/306 436/525/307 433/522/305
f 436/525/307 441/526/308 433/522/305
f 431/524/306 438/527/309 436/525/307
f 431/524/306 435/528/310 439/529/311
f 436/530/307 437/531/312 441/532/308
f 437/531/312 440/533/313 441/532/308
f 438/527/309 444/534/314 437/535/312
f 439/529/311 442/536/315 438/527/309
f 439/529/311 443/537/316 442/536/315
f 439/529/311 440/533/313 443/537/316
f 442/536/315 445/538/317 444/534/314
f 443/537/316 447/539/318 448/540/319
f 446/541/320 448/540/319 445/538/317
f 445/542/317 449/543/321 447/539/318
f 454/544/322 456/545/323 453/546/324
f 451/547/325 457/548/326 450/549/327
f 450/550/327 456/545/323 454/544/322
f 455/551/328 456/545/323 458/552/329
f 451/547/325 461/553/330 457/548/326
f 457/554/326 460/555/331 456/545/323
f 455/551/328 458/552/329 459/556/332
f 459/556/332 465/557/333 451/547/325
f 460/555/331 462/558/334 456/545/323
f 461/559/330 464/560/335 460/555/331
f 460/555/331 463/561/336 462/558/334
f 459/556/332 462/558/334 466/562/337
f 462/558/334 463/561/336 466/562/337
f 464/560/335 466/562/337 463/561/336
f 465/557/333 467/563/338 464/564/335
f 464/560/335 467/565/338 466/562/337
f 465/557/333 468/566/339 467/563/338
f 466/562/337 468/566/339 465/557/333
f 469/567/340 471/568/341 470/569/342
f 468/570/339 471/568/341 469/567/340
f 472/571/343 475/572/344 468/566/339
f 470/569/342 473/573/345 472/571/343
f 470/569/342 474/574/346 473/573/345
f 468/570/339 475/575/344 471/568/341
f 472/571/343 476/576/347 475/572/344
f 473/573/345 476/576/347 472/571/343
f 474/574/346 476/577/347 478/578/348
f 475/575/344 476/577/347 474/574/346
f 477/579/349 479/580/350 476/576/347
f 480/581/351 481/582/352 479/580/350
f 479/583/350 482/584/353 476/577/347
f 482/584/353 484/585/354 476/577/347
f 489/586/355 490/587/356 488/588/357
f 485/589/358 490/587/356 489/586/355
f 487/590/359 490/587/356 491/591/360
f 491/591/360 493/592/361 492/593/362
f 492/593/362 494/594/363 495/595/364
f 495/595/364 496/596/365 492/593/362
f 494/594/363 490/587/356 495/595/364
f 495/595/364 490/587/356 498/597/366
f 490/587/356 497/598/367 499/599/368
f 498/597/366 499/599/368 496/596/365
f 499/599/368 505/600/369 496/596/365
f 499/599/368 500/601/370 501/602/371
f 499/599/368 502/603/372 505/600/369
f 503/604/373 506/605/374 502/603/372
f 507/606/375 508/607/376 504/608/377
f 506/609/374 509/610/378 507/606/375
f 508/607/376 510/611/379 506/605/374
f 508/607/376 511/612/380 514/613/381
f 512/614/382 516/615/383 513/616/384
f 514/613/381 516/615/383 512/614/382
f 513/617/384 515/618/385 510/619/379
f 514/613/381 517/620/386 516/615/383
f 515/618/385 517/620/386 511/612/380
f 520/621/387 522/622/388 523/623/389
f 521/624/390 522/622/388 520/621/387
f 518/625/391 522/622/388 521/624/390
f 523/623/389 525/626/392 524/627/393
f 522/622/388 530/628/394 525/626/392
f 522/622/388 526/629/395 528/630/396
f 527/631/397 529/632/398 526/629/395
f 522/622/388 528/630/396 531/633/399
f 527/631/397 533/634/400 529/632/398
f 530/635/394 534/636/401 527/631/397
f 535/637/402 538/638/403 532/639/404
f 535/637/402 541/640/405 538/638/403
f 537/641/406 540/642/407 531/643/399
f 539/644/408 544/645/409 542/646/410
f 539/644/408 545/647/411 544/645/409
f 543/648/412 545/647/411 540/642/407
f 542/649/410 543/648/412 541/650/405
f 548/651/413 549/652/414 553/653/415
f 546/654/416 550/655/417 549/652/414
f 547/656/418 550/657/417 546/658/416
f 553/653/415 550/657/417 547/656/418
f 550/655/417 552/659/419 549/652/414
f 552/659/419 558/660/420 553/653/415
f 552/659/419 550/655/417 554/661/421
f 554/661/421 550/655/417 556/662/422
f 556/662/422 559/663/423 555/664/424
f 556/662/422 563/665/425 559/663/423
f 557/666/426 560/667/427 561/668/428
f 561/668/428 564/669/429 563/665/425
f 564/669/429 568/670/430 563/665/425
f 568/671/430 565/672/431 563/673/425
f 566/674/432 569/675/433 568/670/430
f 566/674/432 567/676/434 570/677/435
f 566/674/432 572/678/436 569/675/433
f 573/679/437 576/680/438 571/681/439
f 574/682/440 578/683/441 572/678/436
f 575/684/442 576/680/438 579/685/443
f 578/686/441 580/687/444 577/688/445
f 579/685/443 578/683/441 574/682/440
f 579/685/443 581/689/446 578/683/441
f 580/687/444 581/689/446 576/680/438
f 621/690/447 623/691/448 624/692/449
f 640/693/450 642/694/451 643/695/452
f 645/696/453 646/697/454 647/698/455
f 602/699/456 583/700/457 584/701/458
f 612/702/459 593/703/460 594/704/461
f 615/705/20 646/706/20 614/707/20
f 656/708/462 661/709/463 659/710/464
f 657/711/465 662/712/466 656/713/462
f 658/714/467 659/710/464 660/715/468
f 662/716/466 666/717/469 661/709/463
f 662/716/466 667/718/470 666/717/469
f 664/719/471 668/720/472 663/721/473
f 665/722/474 670/723/475 664/719/471
f 666/717/469 667/718/470 671/724/476
f 665/722/474 673/725/477 670/723/475
f 669/726/478 672/727/479 667/718/470
f 668/728/472 677/729/480 669/726/478
f 677/729/480 672/727/479 669/726/478
f 665/722/474 671/724/476 674/730/481
f 671/724/476 672/727/479 676/731/482
f 675/732/483 681/733/484 678/734/485
f 676/731/482 682/735/486 679/736/487
f 680/737/488 683/738/489 682/735/486
f 675/732/483 684/739/490 681/733/484
f 680/737/488 684/739/490 687/740/491
f 685/741/492 688/742/493 684/739/490
f 686/743/494 691/744/495 685/745/492
f 684/739/490 688/742/493 690/746/496
f 686/743/494 693/747/497 691/744/495
f 689/748/498 694/749/499 686/743/494
f 689/748/498 690/746/496 695/750/500
f 692/751/501 697/752/502 688/742/493
f 695/750/500 698/753/503 694/749/499
f 694/754/499 692/751/501 693/755/497
f 695/750/500 702/756/504 698/753/503
f 699/757/505 703/758/506 702/756/504
f 700/759/507 701/760/508 704/761/509
f 699/757/505 706/762/510 703/758/506
f 702/763/504 705/764/511 701/760/508
f 703/765/506 705/764/511 702/763/504
f 704/761/509 706/762/510 699/757/505
f 704/761/509 707/766/512 706/762/510
f 705/764/511 707/766/512 701/760/508
f 710/767/513 713/768/514 712/769/515
f 711/770/516 713/768/514 710/767/513
f 709/771/517 712/769/515 718/772/518
f 715/773/519 717/774/520 713/768/514
f 716/775/521 721/776/522 714/777/523
f 718/772/518 720/778/524 716/775/521
f 717/774/520 719/779/525 713/768/514
f 720/778/524 724/780/526 721/776/522
f 718/772/518 719/779/525 723/781/527
f 722/782/528 723/781/527 725/783/529
f 724/784/526 726/785/530 717/774/520
f 725/783/529 731/786/531 722/782/528
f 726/785/530 727/787/532 719/779/525
f 723/781/527 727/787/532 729/788/533
f 728/789/534 730/790/535 724/784/526
f 725/783/529 734/791/536 731/786/531
f 726/785/530 732/792/537 727/787/532
f 729/788/533 732/792/537 736/793/538
f 734/794/536 737/795/539 733/796/540
f 735/797/541 742/798/542 737/799/539
f 738/800/543 740/801/544 736/793/538
f 739/802/545 744/803/546 743/804/547
f 739/802/545 740/801/544 744/803/546
f 741/805/548 746/806/549 742/798/542
f 743/804/547 746/806/549 741/805/548
f 743/804/547 744/803/546 747/807/550
f 740/801/544 745/808/551 744/803/546
f 742/809/542 745/808/551 740/801/544
f 747/807/550 749/810/552 746/806/549
f 744/803/546 745/808/551 748/811/553
f 747/807/550 752/812/554 749/810/552
f 750/813/555 753/814/556 747/807/550
f 750/813/555 754/815/557 753/814/556
f 753/814/556 757/816/558 756/817/559
f 756/818/559 758/819/560 755/820/561
f 758/819/560 760/821/562 755/820/561
f 762/822/563 767/823/564 761/824/565
f 763/825/566 765/826/567 769/827/568
f 761/828/565 766/829/569 764/830/570
f 769/827/568 768/831/571 762/822/563
f 769/827/568 773/832/572 768/831/571
f 767/833/564 772/834/573 771/835/574
f 765/826/567 770/836/575 775/837/576
f 772/834/573 776/838/577 771/835/574
f 774/839/578 779/840/579 773/832/572
f 776/838/577 777/841/580 770/836/575
f 773/842/572 776/838/577 772/834/573
f 775/837/576 777/841/580 778/843/581
f 775/837/576 778/843/581 780/844/582
f 779/845/579 781/846/583 776/838/577
f 778/843/581 777/841/580 783/847/584
f 782/848/585 783/847/584 781/846/583
f 783/847/584 784/849/586 780/844/582
f 786/850/587 791/851/588 789/852/589
f 789/853/589 790/854/590 788/855/591
f 786/850/587 793/856/592 791/851/588
f 787/857/593 790/854/590 792/858/594
f 791/859/588 794/860/595 789/853/589
f 792/858/594 790/854/590 795/861/596
f 793/862/592 796/863/597 794/860/595
f 795/861/596 799/864/598 797/865/599
f 796/863/597 793/862/592 798/866/600
f 797/867/599 800/868/601 793/862/592
f 795/861/596 798/866/600 802/869/602
f 800/868/601 801/870/603 793/862/592
f 798/866/600 801/870/603 804/871/604
f 799/872/598 805/873/605 800/868/601
f 802/869/602 806/874/606 803/875/607
f 804/871/604 806/874/606 802/869/602
f 803/876/607 805/873/605 799/872/598
f 804/871/604 807/877/608 806/874/606
f 805/873/605 807/877/608 801/870/603
f 808/878/609 814/879/610 811/880/611
f 811/881/611 810/882/612 809/883/613
f 810/882/612 813/884/614 809/883/613
f 812/885/615 815/886/616 808/878/609
f 813/884/614 817/887/617 816/888/618
f 810/882/612 817/887/617 813/884/614
f 816/888/618 818/889/619 812/885/615
f 815/890/616 819/891/620 814/892/610
f 816/888/618 817/887/617 823/893/621
f 818/889/619 822/894/622 820/895/623
f 820/896/623 822/897/622 819/891/620
f 823/893/621 821/898/624 824/899/625
f 822/897/622 825/900/626 821/898/624
f 823/901/621 826/902/627 822/897/622
f 823/893/621 828/903/628 826/904/627
f 824/899/625 829/905/629 823/893/621
f 826/902/627 827/906/630 822/897/622
f 824/899/625 825/900/626 830/907/631
f 829/905/629 831/908/632 828/903/628
f 827/906/630 832/909/633 825/900/626
f 830/907/631 834/910/634 829/905/629
f 830/907/631 833/911/635 834/910/634
f 830/907/631 832/909/633 833/911/635
f 834/910/634 833/911/635 836/912/636
f 834/910/634 836/912/636 835/913/637
f 834/914/634 837/915/638 832/909/633
f 835/913/637 843/916/639 834/910/634
f 836/912/636 843/916/639 835/913/637
f 833/911/635 837/915/638 838/917/640
f 839/918/641 841/919/642 837/915/638
f 840/920/643 845/921/644 842/922/645
f 838/917/640 841/919/642 844/923/646
f 846/924/647 849/925/648 845/921/644
f 844/923/646 847/926/649 850/927/650
f 846/924/647 852/928/651 849/925/648
f 850/927/650 852/928/651 846/924/647
f 849/929/648 851/930/652 848/931/653
f 850/927/650 853/932/654 852/928/651
f 851/930/652 853/932/654 847/926/649
f 854/933/655 860/934/656 857/935/657
f 857/936/657 859/937/658 856/938/659
f 858/939/660 859/937/658 862/940/661
f 861/941/662 863/942/663 860/943/656
f 862/940/661 864/944/664 861/945/662
f 863/942/663 865/946/665 859/937/658
f 862/940/661 870/947/666 864/944/664
f 862/940/661 865/946/665 867/948/667
f 864/949/664 866/950/668 865/946/665
f 865/946/665 866/950/668 868/951/669
f 868/951/669 871/952/670 867/948/667
f 870/953/666 873/954/671 866/950/668
f 869/955/672 873/954/671 870/953/666
f 871/952/670 875/956/673 869/957/672
f 868/951/669 873/954/671 874/958/674
f 874/958/674 876/959/675 871/952/670
f 874/958/674 873/954/671 877/960/676
f 875/961/673 878/962/677 873/954/671
f 879/963/678 881/964/679 878/962/677
f 880/965/680 884/966/681 879/967/678
f 883/968/682 882/969/683 880/965/680
f 882/969/683 889/970/684 884/966/681
f 884/971/681 887/972/685 881/964/679
f 883/968/682 881/964/679 885/973/686
f 886/974/687 890/975/688 888/976/689
f 890/977/688 897/978/690 894/979/691
f 892/980/692 893/981/693 896/982/694
f 891/983/695 899/984/696 895/985/697
f 895/986/697 898/987/698 897/978/690
f 896/982/694 899/984/696 891/983/695
f 896/982/694 900/988/699 899/984/696
f 898/987/698 900/988/699 893/981/693
f 901/989/700 907/990/701 904/991/702
f 904/992/702 906/993/703 903/994/704
f 905/995/705 907/990/701 901/989/700
f 907/996/701 908/997/706 906/993/703
f 906/993/703 910/998/707 913/999/708
f 906/993/703 908/997/706 910/998/707
f 909/1000/709 915/1001/710 907/990/701
f 912/1002/711 913/1003/708 915/1004/710
f 913/1003/708 916/1005/712 915/1004/710
f 914/1006/713 916/1005/712 920/1007/714
f 917/1008/715 918/1009/716 916/1005/712
f 916/1005/712 918/1009/716 919/1010/717
f 920/1011/714 923/1012/718 918/1009/716
f 919/1010/717 922/1013/719 928/1014/720
f 924/1015/721 927/1016/722 925/1017/723
f 928/1014/720 930/1018/724 924/1015/721
f 927/1019/722 930/1020/724 929/1021/725
f 928/1014/720 932/1022/726 930/1018/724
f 930/1020/724 931/1023/727 929/1021/725
f 928/1014/720 933/1024/728 932/1022/726
f 931/1023/727 933/1024/728 929/1021/725
f 938/1025/729 946/1026/730 937/1027/731
f 936/1028/732 940/1029/733 939/1030/734
f 946/1026/730 940/1029/733 937/1027/731
f 935/1031/735 942/1032/736 934/1033/737
f 934/1034/737 941/1035/738 938/1025/729
f 935/1031/735 943/1036/739 942/1032/736
f 939/1030/734 944/1037/740 935/1031/735
f 940/1029/733 946/1026/730 945/1038/741
f 943/1036/739 947/1039/742 942/1032/736
f 942/1040/736 947/1041/742 941/1035/738
f 939/1030/734 945/1038/741 948/1042/743
f 947/1041/742 950/1043/744 941/1035/738
f 951/1044/745 954/1045/746 952/1046/747
f 955/1047/748 956/1048/749 954/1045/746
f 954/1049/746 957/1050/750 953/1051/751
f 955/1047/748 958/1052/752 956/1048/749
f 957/1050/750 960/1053/753 959/1054/754
f 959/1054/754 962/1055/755 958/1052/752
f 961/1056/756 963/1057/757 960/1053/753
f 965/1058/758 966/1059/759 968/1060/760
f 965/1058/758 970/1061/761 967/1062/762
f 967/1063/762 969/1064/763 966/1059/759
f 968/1060/760 970/1061/761 965/1058/758
f 968/1060/760 971/1065/764 970/1061/761
f 969/1064/763 971/1065/764 966/1059/759
f 972/1066/765 976/1067/766 975/1068/767
f 973/1069/768 974/1070/769 981/1071/770
f 975/1068/767 977/1072/771 974/1070/769
f 973/1069/768 978/1073/772 972/1074/765
f 976/1067/766 977/1072/771 975/1068/767
f 974/1070/769 977/1072/771 979/1075/773
f 976/1067/766 981/1076/770 977/1072/771
f 981/1071/770 979/1075/773 982/1077/774
f 978/1078/772 981/1076/770 976/1067/766
f 981/1076/770 980/1079/775 977/1072/771
f 981/1076/770 983/1080/776 980/1079/775
f 981/1076/770 984/1081/777 983/1080/776
f 981/1076/770 982/1082/774 984/1081/777
f 983/1080/776 986/1083/778 980/1079/775
f 983/1080/776 987/1084/779 986/1083/778
f 986/1085/778 989/1086/780 985/1087/781
f 988/1088/782 992/1089/783 987/1084/779
f 989/1086/780 991/1090/784 984/1081/777
f 991/1090/784 992/1091/783 994/1092/785
f 990/1093/786 994/1092/785 993/1094/787
f 993/1094/787 994/1092/785 996/1095/788
f 995/1096/789 998/1097/790 994/1092/785
f 998/1097/790 999/1098/791 994/1092/785
f 1004/1099/792 1005/1100/793 1003/1101/794
f 1001/1102/795 1005/1103/793 1000/1104/796
f 1000/1105/796 1005/1100/793 1004/1099/792
f 1002/1106/797 1005/1100/793 1007/1107/798
f 1001/1102/795 1006/1108/799 1005/1103/793
f 1006/1108/799 1007/1107/798 1009/1109/800
f 1007/1107/798 1005/1100/793 1010/1110/801
f 1008/1111/802 1011/1112/803 1005/1100/793
f 1009/1109/800 1014/1113/804 1008/1114/802
f 1012/1115/805 1010/1110/801 1013/1116/806
f 1011/1112/803 1015/1117/807 1005/1100/793
f 1014/1118/804 1015/1117/807 1011/1112/803
f 1012/1115/805 1013/1116/806 1014/1113/804
f 1014/1118/804 1016/1119/808 1015/1117/807
f 1017/1120/809 1016/1119/808 1014/1118/804
f 1017/1120/809 1018/1121/810 1016/1119/808
f 1013/1116/806 1016/1119/808 1021/1122/811
f 1018/1121/810 1019/1123/812 1016/1119/808
f 1016/1119/808 1019/1123/812 1023/1124/813
f 1021/1122/811 1025/1125/814 1022/1126/815
f 1023/1124/813 1025/1125/814 1021/1122/811
f 1020/1127/816 1024/1128/817 1018/1121/810
f 1022/1129/815 1024/1128/817 1020/1127/816
f 1023/1124/813 1026/1130/818 1025/1125/814
f 1024/1128/817 1026/1130/818 1019/1123/812
f 1030/1131/819 1031/1132/820 1029/1133/821
f 1028/1134/822 1031/1132/820 1033/1135/823
f 1033/1135/823 1037/1136/824 1035/1137/825
f 1035/1138/825 1036/1139/826 1034/1140/827
f 1038/1141/828 1042/1142/829 1037/1136/824
f 1033/1135/823 1036/1139/826 1040/1143/830
f 1040/1143/830 1043/1144/831 1038/1141/828
f 1040/1143/830 1041/1145/832 1043/1144/831
f 1038/1146/828 1044/1147/833 1041/1145/832
f 1043/1144/831 1044/1147/833 1045/1148/834
f 1038/1146/828 1046/1149/835 1044/1147/833
f 1045/1150/834 1046/1149/835 1038/1146/828
f 1044/1147/833 1047/1151/836 1049/1152/837
f 1044/1147/833 1046/1149/835 1047/1151/836
f 1049/1152/837 1051/1153/838 1048/1154/839
f 1049/1152/837 1053/1155/840 1051/1153/838
f 1047/1151/836 1050/1156/841 1052/1157/842
f 1054/1158/843 1058/1159/844 1053/1155/840
f 1052/1157/842 1058/1159/844 1054/1158/843
f 1053/1160/840 1057/1161/845 1056/1162/846
f 1052/1157/842 1059/1163/847 1058/1159/844
f 1057/1161/845 1059/1163/847 1055/1164/848
f 1060/1165/849 1069/1166/850 1067/1167/851
f 1060/1165/849 1061/1168/852 1069/1166/850
f 1062/1169/853 1072/1170/854 1060/1171/849
f 1063/1172/855 1073/1173/856 1062/1169/853
f 1064/1174/857 1074/1175/858 1063/1172/855
f 1065/1176/859 1075/1177/860 1064/1174/857
f 1067/1178/851 1076/1179/861 1066/1180/862
f 1071/1181/20 1080/1182/20 1070/1183/20
f 1073/1184/20 1081/1185/20 1072/1186/20
f 1073/1184/20 1082/1187/20 1081/1185/20
f 1075/1188/20 1082/1187/20 1074/1189/20
f 1070/1183/20 1087/1190/20 1079/1191/20
f 1096/1192/20 1095/1193/20 1094/1194/20
f 1096/1192/20 1097/1195/20 1095/1193/20
f 1098/1196/20 1097/1195/20 1096/1192/20
f 1103/1197/20 1102/1198/20 1101/1199/20
f 1103/1197/20 1104/1200/20 1102/1198/20
f 1105/1201/20 1104/1200/20 1103/1197/20
f 1067/1167/851 1064/1202/857 1060/1165/849
f 1089/1203/863 1090/1204/20 1088/1205/864
f 1090/1204/20 1091/1206/20 1088/1205/864
f 1091/1206/20 1092/1207/20 1088/1205/864
f 1092/1207/20 1093/1208/865 1088/1205/864
f 1081/1209/866 1096/1210/867 1080/1211/868
f 1082/1212/869 1098/1213/870 1081/1214/871
f 1085/1215/872 1103/1216/873 1084/1217/874
f 1086/1218/875 1105/1219/876 1085/1215/877
f 1087/1220/878 1106/1221/879 1086/1218/880
f 1080/1211/881 1094/1222/882 1087/1220/883
f 1147/1223/447 1149/1224/448 1150/1225/449
f 1166/1226/450 1168/1227/451 1169/1228/452
f 1171/1229/453 1172/1230/884 1173/1231/455
f 1128/1232/885 1109/1233/457 1110/1234/886
f 1138/1235/459 1119/1236/460 1120/1237/461
f 1141/1238/20 1172/1239/20 1140/1240/20
f 1184/1241/887 1186/1242/888 1187/1243/889
f 1185/1244/890 1186/1242/888 1184/1241/887
f 1183/1245/891 1188/1246/892 1182/1247/893
f 1182/1248/893 1186/1242/888 1185/1244/890
f 1187/1243/889 1192/1249/894 1191/1250/895
f 1187/1243/889 1194/1251/896 1189/1252/897
f 1190/1253/898 1193/1254/899 1188/1255/892
f 1191/1250/895 1195/1256/900 1194/1251/896
f 1193/1254/899 1196/1257/901 1188/1255/892
f 1195/1256/900 1199/1258/902 1194/1251/896
f 1194/1259/896 1199/1260/902 1190/1253/898
f 1195/1256/900 1200/1261/903 1199/1258/902
f 1198/1262/904 1200/1261/903 1195/1256/900
f 1198/1262/904 1201/1263/905 1200/1261/903
f 1198/1262/904 1202/1264/906 1201/1263/905
f 1201/1265/905 1207/1266/907 1203/1267/908
f 1205/1268/909 1209/1269/910 1204/1270/911
f 1204/1270/911 1209/1269/910 1208/1271/912
f 1205/1268/909 1212/1272/913 1211/1273/914
f 1205/1268/909 1206/1274/915 1212/1272/913
f 1207/1266/907 1210/1275/916 1206/1274/915
f 1209/1276/910 1213/1277/917 1208/1278/912
f 1212/1272/913 1214/1279/918 1211/1273/914
f 1212/1272/913 1210/1275/916 1215/1280/919
f 1212/1272/913 1221/1281/920 1214/1279/918
f 1213/1277/917 1216/1282/921 1210/1275/916
f 1215/1280/919 1218/1283/922 1221/1281/920
f 1215/1280/919 1219/1284/923 1218/1283/922
f 1217/1285/924 1220/1286/925 1216/1282/921
f 1218/1283/922 1222/1287/926 1221/1281/920
f 1218/1283/922 1224/1288/927 1222/1287/926
f 1222/1289/926 1223/1290/928 1221/1291/920
f 1223/1290/928 1225/1292/929 1220/1286/925
f 1227/1293/930 1232/1294/931 1226/1295/932
f 1226/1296/932 1231/1297/933 1230/1298/934
f 1228/1299/935 1237/1300/936 1227/1293/930
f 1229/1301/937 1230/1298/934 1233/1302/938
f 1231/1297/933 1234/1303/939 1230/1298/934
f 1239/1304/940 1233/1302/938 1238/1305/941
f 1233/1302/938 1234/1303/939 1238/1305/941
f 1239/1306/940 1240/1307/942 1231/1297/933
f 1240/1307/942 1241/1308/943 1234/1303/939
f 1238/1305/941 1241/1308/943 1240/1307/942
f 1238/1305/941 1240/1307/942 1242/1309/944
f 1242/1310/944 1243/1311/945 1239/1306/940
f 1245/1312/946 1246/1313/947 1242/1309/944
f 1242/1310/944 1247/1314/948 1243/1311/945
f 1248/1315/949 1250/1316/950 1246/1313/947
f 1248/1315/949 1254/1317/951 1250/1316/950
f 1253/1318/952 1258/1319/953 1248/1315/949
f 1258/1319/953 1256/1320/954 1254/1317/951
f 1253/1318/952 1255/1321/955 1257/1322/956
f 1257/1322/956 1259/1323/957 1261/1324/958
f 1256/1325/954 1260/1326/959 1259/1323/957
f 1261/1324/958 1260/1327/959 1258/1319/953
f 1260/1326/959 1262/1328/960 1259/1323/957
f 1261/1324/958 1262/1328/960 1264/1329/961
f 1263/1330/962 1266/1331/963 1262/1332/960
f 1263/1330/962 1267/1333/964 1266/1331/963
f 1265/1334/965 1267/1333/964 1263/1330/962
f 1265/1334/965 1268/1335/966 1267/1333/964
f 1266/1336/963 1268/1335/966 1262/1328/960
f 1269/1337/967 1279/1338/968 1274/1339/969
f 1271/1340/970 1273/1341/971 1277/1342/972
f 1278/1343/973 1273/1344/971 1275/1345/974
f 1276/1346/975 1283/1347/976 1278/1343/973
f 1277/1342/972 1273/1341/971 1280/1348/977
f 1280/1348/977 1281/1349/978 1283/1347/976
f 1280/1348/977 1284/1350/979 1281/1349/978
f 1284/1350/979 1287/1351/980 1281/1349/978
f 1282/1352/981 1286/1353/982 1285/1354/983
f 1283/1355/976 1286/1353/982 1282/1352/981
f 1285/1354/983 1288/1356/984 1284/1350/979
f 1288/1356/984 1290/1357/985 1287/1351/980
f 1289/1358/986 1291/1359/987 1286/1353/982
f 1287/1360/980 1290/1361/985 1289/1358/986
f 1285/1354/983 1292/1362/988 1288/1356/984
f 1286/1353/982 1291/1359/987 1293/1363/989
f 1292/1362/988 1297/1364/990 1290/1357/985
f 1292/1362/988 1293/1363/989 1294/1365/991
f 1291/1359/987 1295/1366/992 1293/1363/989
f 1290/1361/985 1295/1366/992 1291/1359/987
f 1294/1365/991 1298/1367/993 1292/1362/988
f 1295/1366/992 1296/1368/994 1293/1363/989
f 1293/1363/989 1296/1368/994 1300/1369/995
f 1299/1370/996 1305/1371/997 1298/1367/993
f 1298/1372/993 1305/1373/997 1297/1374/990
f 1303/1375/998 1310/1376/999 1308/1377/1000
f 1306/1378/1001 1310/1376/999 1303/1375/998
f 1306/1378/1001 1311/1379/1002 1310/1376/999
f 1306/1378/1001 1312/1380/1003 1311/1379/1002
f 1309/1381/1004 1312/1380/1003 1307/1382/1005
f 1313/1383/1006 1318/1384/1007 1316/1385/1008
f 1317/1386/1009 1319/1387/1010 1314/1388/1011
f 1317/1386/1009 1318/1384/1007 1320/1389/1012
f 1322/1390/1013 1319/1387/1010 1320/1389/1012
f 1319/1391/1010 1323/1392/1014 1318/1384/1007
f 1322/1390/1013 1325/1393/1015 1321/1394/1016
f 1318/1384/1007 1324/1395/1017 1322/1390/1013
f 1323/1392/1014 1324/1395/1017 1318/1384/1007
f 1322/1390/1013 1326/1396/1018 1325/1393/1015
f 1322/1390/1013 1327/1397/1019 1326/1396/1018
f 1324/1395/1017 1328/1398/1020 1331/1399/1021
f 1327/1397/1019 1330/1400/1022 1326/1396/1018
f 1327/1397/1019 1331/1399/1021 1330/1400/1022
f 1331/1399/1021 1332/1401/1023 1335/1402/1024
f 1330/1403/1022 1333/1404/1025 1329/1405/1026
f 1335/1402/1024 1341/1406/1027 1334/1407/1028
f 1332/1401/1023 1333/1404/1025 1336/1408/1029
f 1341/1406/1027 1337/1409/1030 1334/1407/1028
f 1333/1404/1025 1338/1410/1031 1336/1408/1029
f 1336/1408/1029 1338/1410/1031 1339/1411/1032
f 1340/1412/1033 1339/1411/1032 1342/1413/1034
f 1339/1411/1032 1343/1414/1035 1345/1415/1036
f 1341/1416/1027 1343/1414/1035 1338/1410/1031
f 1344/1417/1037 1350/1418/1038 1341/1416/1027
f 1345/1415/1036 1347/1419/1039 1342/1413/1034
f 1345/1415/1036 1348/1420/1040 1352/1421/1041
f 1345/1415/1036 1343/1414/1035 1348/1420/1040
f 1347/1419/1039 1349/1422/1042 1346/1423/1043
f 1349/1424/1042 1351/1425/1044 1350/1418/1038
f 1348/1420/1040 1353/1426/1045 1352/1421/1041
f 1348/1420/1040 1354/1427/1046 1353/1426/1045
f 1351/1425/1044 1354/1427/1046 1350/1418/1038
f 1355/1428/1047 1359/1429/1048 1357/1430/1049
f 1357/1431/1049 1359/1432/1048 1356/1433/1050
f 1356/1433/1050 1359/1432/1048 1358/1434/1051
f 1358/1434/1051 1360/1435/1052 1355/1428/1047
f 1358/1434/1051 1361/1436/1053 1363/1437/1054
f 1360/1435/1052 1364/1438/1055 1361/1439/1053
f 1364/1440/1055 1367/1441/1056 1362/1442/1057
f 1366/1443/1058 1369/1444/1059 1365/1445/1060
f 1368/1446/1061 1371/1447/1062 1369/1444/1059
f 1370/1448/1063 1372/1449/1064 1368/1446/1061
f 1371/1450/1062 1374/1451/1065 1372/1449/1064
f 1373/1452/1066 1375/1453/1067 1377/1454/1068
f 1375/1455/1067 1378/1456/1069 1377/1457/1068
f 1376/1458/1070 1382/1459/1071 1380/1460/1072
f 1378/1456/1069 1382/1459/1071 1374/1451/1065
f 1380/1460/1072 1383/1461/1073 1379/1462/1074
f 1380/1460/1072 1382/1459/1071 1387/1463/1075
f 1381/1464/1076 1389/1465/1077 1385/1466/1078
f 1387/1463/1075 1395/1467/1079 1386/1468/1080
f 1391/1469/1081 1395/1467/1079 1387/1463/1075
f 1391/1469/1081 1390/1470/1082 1395/1467/1079
f 1390/1470/1082 1393/1471/1083 1395/1467/1079
f 1394/1472/1084 1397/1473/1085 1388/1474/1086
f 1393/1475/1083 1394/1472/1084 1395/1476/1079
f 1437/1477/447 1439/1478/448 1440/1479/449
f 1456/1480/450 1458/1481/451 1459/1482/452
f 1461/1483/453 1462/1484/454 1463/1485/455
f 1418/1486/456 1399/1487/457 1400/1488/458
f 1428/1489/459 1409/1490/460 1410/1491/461
f 1431/1492/20 1462/1493/20 1430/1494/20
f 1472/1495/1087 1476/1496/1088 1475/1497/1089
f 1474/1498/1090 1476/1496/1088 1480/1499/1091
f 1480/1500/1091 1481/1501/1092 1477/1502/1093
f 1479/1503/1094 1487/1504/1095 1480/1499/1091
f 1483/1505/1096 1482/1506/1097 1480/1500/1091
f 1479/1503/1094 1476/1496/1088 1485/1507/1098
f 1482/1506/1097 1484/1508/1099 1481/1501/1092
f 1484/1508/1099 1487/1509/1095 1489/1510/1100
f 1488/1511/1101 1490/1512/1102 1489/1510/1100
f 1489/1513/1100 1490/1514/1102 1486/1515/1103
f 1488/1511/1101 1491/1516/1104 1492/1517/1105
f 1488/1511/1101 1486/1515/1103 1491/1516/1104
f 1490/1514/1102 1493/1518/1106 1486/1515/1103
f 1492/1517/1105 1494/1519/1107 1490/1512/1102
f 1491/1516/1104 1493/1518/1106 1495/1520/1108
f 1492/1517/1105 1497/1521/1109 1494/1519/1107
f 1490/1514/1102 1496/1522/1110 1493/1518/1106
f 1494/1523/1107 1497/1524/1109 1490/1514/1102
f 1497/1524/1109 1499/1525/1111 1496/1522/1110
f 1498/1526/1112 1501/1527/1113 1497/1521/1109
f 1498/1526/1112 1499/1525/1111 1500/1528/1114
f 1498/1526/1112 1502/1529/1115 1501/1527/1113
f 1500/1528/1114 1502/1529/1115 1498/1526/1112
f 1500/1528/1114 1503/1530/1116 1502/1529/1115
f 1501/1531/1113 1503/1530/1116 1499/1525/1111
f 1508/1532/1117 1509/1533/1118 1507/1534/1119
f 1506/1535/1120 1507/1534/1119 1510/1536/1121
f 1505/1537/1122 1512/1538/1123 1504/1539/1124
f 1504/1540/1124 1511/1541/1125 1508/1532/1117
f 1510/1536/1121 1516/1542/1126 1505/1537/1122
f 1509/1533/1118 1513/1543/1127 1507/1534/1119
f 1510/1536/1121 1515/1544/1128 1514/1545/1129
f 1510/1536/1121 1513/1543/1127 1515/1544/1128
f 1514/1545/1129 1518/1546/1130 1516/1542/1126
f 1512/1547/1123 1517/1548/1131 1511/1541/1125
f 1516/1542/1126 1519/1549/1132 1512/1538/1123
f 1517/1548/1131 1519/1550/1132 1513/1543/1127
f 1515/1544/1128 1519/1550/1132 1520/1551/1133
f 1518/1552/1130 1522/1553/1134 1519/1550/1132
f 1523/1554/1135 1528/1555/1136 1522/1553/1134
f 1524/1556/1137 1525/1557/1138 1523/1558/1135
f 1526/1559/1139 1529/1560/1140 1527/1561/1141
f 1529/1560/1140 1530/1562/1142 1532/1563/1143
f 1531/1564/1144 1530/1562/1142 1526/1565/1139
f 1532/1563/1143 1533/1566/1145 1531/1567/1144
f 1538/1568/1146 1539/1569/1147 1537/1570/1148
f 1534/1571/1149 1543/1572/1150 1538/1568/1146
f 1536/1573/1151 1539/1569/1147 1541/1574/1152
f 1543/1572/1150 1544/1575/1153 1539/1569/1147
f 1540/1576/1154 1541/1574/1152 1545/1577/1155
f 1541/1574/1152 1544/1575/1153 1546/1578/1156
f 1545/1577/1155 1546/1578/1156 1548/1579/1157
f 1547/1580/1158 1549/1581/1159 1546/1578/1156
f 1550/1582/1160 1552/1583/1161 1547/1584/1158
f 1548/1579/1157 1549/1581/1159 1551/1585/1162
f 1550/1586/1160 1554/1587/1163 1552/1588/1161
f 1551/1585/1162 1556/1589/1164 1550/1582/1160
f 1550/1586/1160 1555/1590/1165 1554/1587/1163
f 1553/1591/1166 1558/1592/1167 1557/1593/1168
f 1557/1593/1168 1562/1594/1169 1556/1589/1164
f 1557/1593/1168 1560/1595/1170 1563/1596/1171
f 1562/1597/1169 1565/1598/1172 1561/1599/1173
f 1565/1598/1172 1566/1600/1174 1561/1599/1173
f 1569/1601/1175 1572/1602/1176 1571/1603/1177
f 1570/1604/1178 1572/1602/1176 1569/1601/1175
f 1568/1605/1179 1574/1606/1180 1567/1607/1181
f 1568/1605/1179 1571/1603/1177 1574/1606/1180
f 1573/1608/1182 1575/1609/1183 1572/1602/1176
f 1574/1610/1180 1576/1611/1184 1573/1608/1182
f 1576/1611/1184 1578/1612/1185 1575/1609/1183
f 1575/1609/1183 1577/1613/1186 1574/1606/1180
f 1580/1614/1187 1578/1612/1185 1585/1615/1188
f 1578/1612/1185 1582/1616/1189 1584/1617/1190
f 1583/1618/1191 1587/1619/1192 1582/1616/1189
f 1586/1620/1193 1589/1621/1194 1585/1622/1188
f 1586/1623/1193 1588/1624/1195 1591/1625/1196
f 1589/1621/1194 1590/1626/1197 1588/1624/1195
f 1588/1624/1195 1590/1626/1197 1594/1627/1198
f 1592/1628/1199 1595/1629/1200 1589/1621/1194
f 1591/1625/1196 1596/1630/1201 1593/1631/1202
f 1594/1627/1198 1596/1630/1201 1591/1625/1196
f 1593/1632/1202 1595/1629/1200 1592/1628/1199
f 1594/1627/1198 1597/1633/1203 1596/1630/1201
f 1595/1629/1200 1597/1633/1203 1590/1626/1197
f 1600/1634/1204 1602/1635/1205 1604/1636/1206
f 1598/1637/1207 1603/1638/1208 1601/1639/1209
f 1599/1640/1210 1603/1641/1208 1598/1642/1207
f 1604/1643/1206 1605/1644/1211 1603/1638/1208
f 1605/1644/1211 1610/1645/1212 1608/1646/1213
f 1607/1647/1214 1610/1648/1212 1609/1649/1215
f 1608/1650/1213 1610/1648/1212 1607/1647/1214
f 1610/1648/1212 1611/1651/1216 1609/1649/1215
f 1605/1644/1211 1611/1651/1216 1612/1652/1217
f 1613/1653/1218 1611/1651/1216 1610/1648/1212
f 1612/1654/1217 1616/1655/1219 1613/1653/1218
f 1612/1652/1217 1614/1656/1220 1617/1657/1221
f 1616/1655/1219 1619/1658/1222 1611/1651/1216
f 1617/1657/1221 1623/1659/1223 1618/1660/1224
f 1620/1661/1225 1623/1659/1223 1617/1657/1221
f 1618/1662/1224 1621/1663/1226 1616/1655/1219
f 1622/1664/1227 1625/1665/1228 1619/1658/1222
f 1627/1666/1229 1630/1667/1230 1626/1668/1231
f 1631/1669/1232 1632/1670/1233 1629/1671/1234
f 1628/1672/1235 1632/1670/1233 1635/1673/1236
f 1632/1670/1233 1637/1674/1237 1636/1675/1238
f 1631/1669/1232 1637/1674/1237 1632/1670/1233
f 1635/1673/1236 1639/1676/1239 1633/1677/1240
f 1636/1675/1238 1637/1674/1237 1641/1678/1241
f 1639/1676/1239 1642/1679/1242 1638/1680/1243
f 1638/1681/1243 1643/1682/1244 1637/1674/1237
f 1641/1678/1241 1637/1674/1237 1644/1683/1245
f 1642/1684/1242 1649/1685/1246 1643/1682/1244
f 1643/1682/1244 1645/1686/1247 1637/1674/1237
f 1641/1678/1241 1646/1687/1248 1639/1676/1239
f 1641/1678/1241 1644/1683/1245 1647/1688/1249
f 1648/1689/1250 1652/1690/1251 1647/1688/1249
f 1650/1691/1252 1653/1692/1253 1649/1685/1246
f 1651/1693/1254 1653/1692/1253 1650/1691/1252
f 1652/1690/1251 1656/1694/1255 1651/1695/1254
f 1652/1690/1251 1657/1696/1256 1656/1694/1255
f 1654/1697/1257 1658/1698/1258 1652/1690/1251
f 1657/1699/1256 1660/1700/1259 1655/1701/1260
f 1659/1702/1261 1660/1700/1259 1662/1703/1262
f 1661/1704/1263 1665/1705/1264 1663/1706/1265
f 1663/1707/1265 1664/1708/1266 1660/1700/1259
f 1664/1708/1266 1666/1709/1267 1660/1700/1259
f 1661/1704/1263 1666/1709/1267 1669/1710/1268
f 1667/1711/1269 1670/1712/1270 1666/1709/1267
f 1669/1710/1268 1673/1713/1271 1672/1714/1272
f 1666/1709/1267 1670/1712/1270 1671/1715/1273
f 1669/1710/1268 1674/1716/1274 1673/1713/1271
f 1669/1710/1268 1671/1715/1273 1675/1717/1275
f 1675/1717/1275 1678/1718/1276 1674/1716/1274
f 1673/1719/1271 1677/1720/1277 1676/1721/1278
f 1674/1722/1274 1677/1720/1277 1673/1719/1271
f 1677/1720/1277 1679/1723/1279 1676/1721/1278
f 1681/1724/1280 1683/1725/1281 1680/1726/1282
f 1681/1724/1280 1682/1727/1283 1684/1728/1284
f 1682/1727/1283 1685/1729/1285 1691/1730/1286
f 1684/1728/1284 1688/1731/1287 1686/1732/1288
f 1687/1733/1289 1690/1734/1290 1685/1729/1285
f 1687/1733/1289 1693/1735/1291 1690/1734/1290
f 1692/1736/1292 1694/1737/1293 1687/1733/1289
f 1691/1730/1286 1689/1738/1294 1692/1739/1292
f 1691/1730/1286 1692/1739/1292 1688/1731/1287
f 1689/1738/1294 1693/1735/1291 1695/1740/1295
f 1695/1740/1295 1700/1741/1296 1697/1742/1297
f 1696/1743/1298 1699/1744/1299 1694/1737/1293
f 1698/1745/1300 1701/1746/1301 1700/1741/1296
f 1698/1745/1300 1702/1747/1302 1704/1748/1303
f 1698/1745/1300 1699/1744/1299 1702/1747/1302
f 1703/1749/1304 1705/1750/1305 1699/1744/1299
f 1701/1746/1301 1710/1751/1306 1700/1741/1296
f 1704/1748/1303 1710/1751/1306 1701/1746/1301
f 1704/1748/1303 1702/1747/1302 1706/1752/1307
f 1710/1753/1306 1709/1754/1308 1705/1750/1305
f 1707/1755/1309 1711/1756/1310 1710/1757/1306
f 1706/1752/1307 1711/1756/1310 1707/1755/1309
f 1710/1753/1306 1712/1758/1311 1709/1754/1308
f 1706/1752/1307 1714/1759/1312 1711/1756/1310
f 1708/1760/1313 1714/1759/1312 1706/1752/1307
f 1712/1758/1311 1713/1761/1314 1709/1754/1308
f 1711/1762/1310 1712/1758/1311 1710/1753/1306
f 1708/1760/1313 1715/1763/1315 1714/1759/1312
f 1708/1760/1313 1716/1764/1316 1715/1763/1315
f 1708/1760/1313 1713/1761/1314 1716/1764/1316
f 1715/1763/1315 1717/1765/1317 1714/1759/1312
f 1715/1763/1315 1721/1766/1318 1717/1765/1317
f 1718/1767/1319 1722/1768/1320 1721/1766/1318
f 1719/1769/1321 1720/1770/1322 1723/1771/1323
f 1718/1767/1319 1725/1772/1324 1722/1768/1320
f 1721/1773/1318 1724/1774/1325 1720/1770/1322
f 1722/1775/1320 1724/1774/1325 1721/1773/1318
f 1723/1771/1323 1725/1772/1324 1718/1767/1319
f 1723/1771/1323 1726/1776/1326 1725/1772/1324
f 1724/1774/1325 1726/1776/1326 1720/1770/1322
f 1731/1777/1327 1733/1778/1328 1730/1779/1329
f 1728/1780/1330 1735/1781/1331 1727/1782/1332
f 1727/1783/1332 1734/1784/1333 1731/1777/1327
f 1728/1780/1330 1736/1785/1334 1735/1781/1331
f 1729/1786/1335 1732/1787/1336 1736/1785/1334
f 1736/1785/1334 1732/1787/1336 1738/1788/1337
f 1732/1787/1336 1737/1789/1338 1739/1790/1339
f 1735/1791/1331 1739/1790/1339 1737/1789/1338
f 1736/1792/1334 1739/1790/1339 1735/1791/1331
f 1738/1788/1337 1739/1790/1339 1742/1793/1340
f 1742/1793/1340 1740/1794/1341 1746/1795/1342
f 1742/1793/1340 1747/1796/1343 1741/1797/1344
f 1743/1798/1345 1745/1799/1346 1739/1790/1339
f 1746/1795/1342 1744/1800/1347 1749/1801/1348
f 1746/1795/1342 1748/1802/1349 1750/1803/1350
f 1744/1800/1347 1751/1804/1351 1749/1801/1348
f 1748/1805/1349 1753/1806/1352 1750/1807/1350
f 1744/1800/1347 1750/1807/1350 1752/1808/1353
f 1751/1804/1351 1756/1809/1354 1748/1802/1349
f 1753/1806/1352 1755/1810/1355 1750/1807/1350
f 1752/1808/1353 1754/1811/1356 1751/1804/1351
f 1752/1808/1353 1755/1810/1355 1754/1811/1356
f 1754/1811/1356 1757/1812/1357 1751/1804/1351
f 1756/1813/1354 1761/1814/1358 1753/1806/1352
f 1754/1811/1356 1762/1815/1359 1757/1812/1357
f 1758/1816/1360 1765/1817/1361 1761/1814/1358
f 1759/1818/1362 1761/1814/1358 1763/1819/1363
f 1762/1820/1359 1767/1821/1364 1765/1817/1361
f 1767/1821/1364 1770/1822/1365 1765/1817/1361
f 1766/1823/1366 1771/1824/1367 1767/1821/1364
f 1768/1825/1368 1772/1826/1369 1771/1827/1367
f 1771/1824/1367 1773/1828/1370 1770/1822/1365
f 1773/1828/1370 1775/1829/1371 1770/1822/1365
f 1776/1830/1372 1780/1831/1373 1779/1832/1374
f 1777/1833/1375 1780/1834/1373 1776/1835/1372
f 1780/1831/1373 1781/1836/1376 1779/1832/1374
f 1777/1833/1375 1784/1837/1377 1780/1834/1373
f 1782/1838/1378 1786/1839/1379 1784/1837/1377
f 1784/1840/1377 1787/1841/1380 1780/1831/1373
f 1783/1842/1381 1789/1843/1382 1788/1844/1383
f 1783/1842/1381 1787/1841/1380 1789/1843/1382
f 1785/1845/1384 1790/1846/1385 1784/1840/1377
f 1789/1843/1382 1790/1846/1385 1793/1847/1386
f 1789/1843/1382 1796/1848/1387 1788/1844/1383
f 1789/1843/1382 1793/1847/1386 1796/1848/1387
f 1791/1849/1388 1797/1850/1389 1792/1851/1390
f 1796/1848/1387 1793/1847/1386 1798/1852/1391
f 1797/1850/1389 1800/1853/1392 1794/1854/1393
f 1802/1855/1394 1803/1856/1395 1806/1857/1396
f 1807/1858/1397 1809/1859/1398 1804/1860/1399
f 1806/1857/1396 1811/1861/1400 1808/1862/1401
f 1803/1856/1395 1809/1859/1398 1810/1863/1402
f 1808/1864/1401 1807/1858/1397 1805/1865/1403
f 1806/1857/1396 1810/1863/1402 1812/1866/1404
f 1808/1864/1401 1811/1867/1400 1807/1858/1397
f 1812/1866/1404 1814/1868/1405 1811/1861/1400
f 1807/1858/1397 1813/1869/1406 1809/1859/1398
f 1811/1867/1400 1813/1869/1406 1807/1858/1397
f 1812/1866/1404 1816/1870/1407 1814/1868/1405
f 1815/1871/1408 1818/1872/1409 1813/1869/1406
f 1819/1873/1410 1823/1874/1411 1821/1875/1412
f 1821/1876/1412 1822/1877/1413 1820/1878/1414
f 1822/1877/1413 1824/1879/1415 1818/1872/1409
f 1826/1880/1416 1829/1881/1417 1825/1882/1418
f 1825/1883/1418 1829/1884/1417 1828/1885/1419
f 1830/1886/1420 1833/1887/1421 1829/1884/1417
f 1833/1887/1421 1834/1888/1422 1829/1884/1417
f 1831/1889/1423 1835/1890/1424 1830/1891/1420
f 1832/1892/1425 1834/1888/1422 1837/1893/1426
f 1831/1889/1423 1836/1894/1427 1835/1890/1424
f 1830/1886/1420 1835/1895/1424 1833/1887/1421
f 1837/1893/1426 1836/1894/1427 1831/1889/1423
f 1834/1888/1422 1838/1896/1428 1837/1893/1426
f 1833/1887/1421 1838/1896/1428 1834/1888/1422
f 1836/1894/1427 1840/1897/1429 1835/1890/1424
f 1835/1895/1424 1838/1896/1428 1833/1887/1421
f 1839/1898/1430 1845/1899/1431 1840/1897/1429
f 1841/1900/1432 1845/1899/1431 1839/1898/1430
f 1843/1901/1433 1842/1902/1434 1844/1903/1435
f 1843/1901/1433 1846/1904/1436 1841/1900/1432
f 1843/1901/1433 1844/1903/1435 1849/1905/1437
f 1845/1906/1431 1847/1907/1438 1842/1902/1434
f 1846/1904/1436 1848/1908/1439 1845/1899/1431
f 1846/1904/1436 1850/1909/1440 1848/1908/1439
f 1849/1905/1437 1850/1909/1440 1846/1904/1436
f 1849/1905/1437 1844/1903/1435 1852/1910/1441
f 1848/1911/1439 1851/1912/1442 1847/1907/1438
f 1851/1912/1442 1853/1913/1443 1847/1907/1438
f 1850/1914/1440 1851/1912/1442 1848/1911/1439
f 1852/1910/1441 1854/1915/1444 1850/1909/1440
f 1850/1914/1440 1854/1916/1444 1851/1912/1442
f 1852/1910/1441 1855/1917/1445 1854/1915/1444
f 1854/1916/1444 1859/1918/1446 1851/1912/1442
f 1856/1919/1447 1859/1918/1446 1860/1920/1448
f 1857/1921/1449 1863/1922/1450 1858/1923/1451
f 1857/1921/1449 1864/1924/1452 1863/1922/1450
f 1861/1925/1453 1862/1926/1454 1859/1918/1446
f 1860/1920/1448 1862/1926/1454 1866/1927/1455
f 1863/1928/1450 1865/1929/1456 1861/1925/1453
f 1864/1930/1452 1865/1929/1456 1863/1928/1450
f 1862/1926/1454 1869/1931/1457 1868/1932/1458
f 1865/1929/1456 1869/1931/1457 1862/1926/1454
f 1866/1927/1455 1874/1933/1459 1867/1934/1460
f 1867/1935/1460 1873/1936/1461 1865/1929/1456
f 1866/1927/1455 1870/1937/1462 1874/1933/1459
f 1866/1927/1455 1868/1932/1458 1871/1938/1463
f 1871/1938/1463 1876/1939/1464 1870/1937/1462
f 1872/1940/1465 1876/1939/1464 1871/1938/1463
f 1870/1941/1462 1875/1942/1466 1874/1943/1459
f 1872/1940/1465 1877/1944/1467 1876/1939/1464
f 1875/1942/1466 1877/1944/1467 1873/1936/1461
f 1878/1945/1468 1884/1946/1469 1879/1947/1470
f 1884/1946/1469 1883/1948/1471 1879/1947/1470
f 1878/1945/1468 1885/1949/1472 1884/1946/1469
f 1881/1950/1473 1889/1951/1474 1880/1952/1475
f 1882/1953/1476 1890/1954/1477 1881/1955/1473
f 1879/1956/1470 1891/1957/1478 1882/1953/1476
f 1883/1958/1471 1892/1959/1479 1879/1956/1470
f 1884/1960/1469 1893/1961/1480 1883/1958/1471
f 1885/1962/1472 1894/1963/1481 1884/1960/1469
f 1887/1964/1482 1897/1965/1483 1886/1966/1484
f 1880/1952/1475 1888/1967/127 1887/1964/1482
f 1889/1968/20 1898/1969/20 1888/1970/20
f 1889/1968/20 1899/1971/20 1898/1969/20
f 1890/1972/20 1899/1971/20 1889/1968/20
f 1896/1973/20 1905/1974/20 1904/1975/20
f 1897/1976/20 1905/1974/20 1896/1973/20
f 1897/1976/20 1906/1977/20 1905/1974/20
f 1888/1970/20 1906/1977/20 1897/1976/20
f 1888/1970/20 1898/1969/20 1906/1977/20
f 1918/1978/20 1917/1979/20 1915/1980/20
f 1921/1981/20 1920/1982/20 1919/1983/20
f 1907/1984/20 1908/1985/20 1912/1986/1485
f 1908/1985/20 1909/1987/20 1912/1986/1485
f 1909/1987/20 1910/1988/20 1912/1986/1485
f 1910/1988/20 1911/1989/1486 1912/1986/1485
f 1913/1990/1487 1907/1984/20 1912/1986/1485
f 1907/1991/1488 1916/1992/1489 1908/1993/1490
f 1899/1994/1491 1915/1995/1492 1898/1996/1493
f 1908/1997/1494 1917/1998/1495 1909/1999/1496
f 1901/2000/1497 1919/2001/1498 1900/2002/1499
f 1902/2003/1500 1921/2004/1501 1901/2000/1502
f 1910/2005/1503 1922/2006/1504 1911/2007/1486
f 1903/2008/1505 1923/2009/1506 1902/2003/1507
f 1904/2010/1508 1924/2011/1509 1903/2008/1510
f 1912/2012/1485 1927/2013/1511 1913/2014/1487
f 1906/2015/1512 1928/2016/1513 1905/2017/1514
f 1913/2014/1515 1929/2018/1516 1907/1991/1517
f 1898/1996/1493 1914/2019/1518 1906/2015/1519
f 1/3/3 5/2/2 4/2020/8
f 5/2/2 8/1/1 6/2021/11
f 8/1/1 7/2022/14 6/2021/11
f 8/1/1 10/6/6 9/2023/15
f 4/8/8 13/12/10 12/9/9
f 5/11/2 14/2024/12 13/12/10
f 6/13/11 15/2025/1520 14/14/12
f 7/18/14 17/17/13 16/2026/1521
f 8/16/1 18/20/16 17/17/13
f 10/23/6 20/22/17 19/482/272
f 2/21/5 21/25/18 20/22/17
f 3/24/4 22/27/19 21/25/18
f 13/2027/20 14/2028/20 24/2029/20
f 15/2030/20 16/30/20 25/2031/20
f 16/30/20 26/29/20 25/2031/20
f 17/28/20 18/31/20 26/29/20
f 20/33/20 21/2032/20 29/36/20
f 21/2032/20 30/2033/20 29/36/20
f 21/2032/20 22/2034/20 30/2033/20
f 46/46/20 48/2035/20 47/47/20
f 33/56/26 40/55/1522 43/57/27
f 26/61/31 44/60/30 42/2036/1523
f 34/58/28 43/57/27 45/2037/1524
f 58/62/32 51/64/34 60/68/38
f 51/64/34 54/63/33 53/2038/40
f 54/63/33 56/65/35 55/2039/43
f 53/70/40 62/74/42 61/71/41
f 54/77/33 63/76/44 62/2040/42
f 55/75/43 64/2041/1525 63/76/44
f 58/78/32 68/2042/1526 67/79/45
f 51/72/34 61/71/41 70/81/46
f 66/2043/20 67/90/20 75/92/20
f 68/93/20 77/96/20 76/91/20
f 68/93/20 69/94/20 77/96/20
f 69/94/20 70/2044/20 78/95/20
f 98/110/20 100/2045/20 99/111/20
f 100/2045/20 101/99/20 99/111/20
f 100/2045/20 102/2046/20 101/99/20
f 102/2046/20 86/97/20 101/99/20
f 79/140/48 101/139/70 87/2047/1527
f 71/121/1528 88/120/1529 86/2048/1530
f 80/122/47 89/2049/1531 91/123/53
f 81/124/54 91/123/53 93/125/55
f 82/126/56 93/125/55 95/127/57
f 75/131/1532 96/130/1533 94/2050/1534
f 83/128/58 95/127/57 97/132/62
f 76/129/59 98/135/1535 96/130/60
f 84/133/63 97/132/62 99/2051/1536
f 77/134/64 100/137/1537 98/135/65
f 78/136/67 102/2052/1538 100/137/68
f 108/141/1 113/145/74 111/147/76
f 106/144/73 108/141/1 107/2053/80
f 108/141/1 110/148/77 109/2054/81
f 107/152/80 119/151/79 118/2055/1539
f 108/150/1 120/154/82 119/151/79
f 117/2056/20 118/161/20 128/2057/20
f 118/161/20 129/160/20 128/2057/20
f 119/159/20 120/162/20 129/160/20
f 123/164/20 124/2058/20 133/167/20
f 145/172/20 147/2059/20 146/173/20
f 151/177/20 152/2060/20 150/175/20
f 151/177/20 153/2061/20 152/2060/20
f 126/185/86 143/189/1540 141/186/87
f 129/195/95 148/194/30 147/2062/1523
f 137/192/96 146/191/1541 149/2063/1542
f 137/192/96 149/2063/1542 150/196/97
f 132/200/1543 154/199/1544 153/2064/1545
f 157/201/15 163/207/103 162/202/11
f 160/210/8 168/214/10 167/211/9
f 161/213/2 169/2065/12 168/214/10
f 162/215/11 170/2066/1520 169/216/12
f 163/220/105 172/219/13 171/2067/1521
f 164/218/1 173/222/16 172/219/13
f 165/225/104 175/224/17 174/2068/272
f 158/223/5 176/227/18 175/224/17
f 159/226/102 177/229/19 176/227/18
f 168/2069/20 169/2070/20 179/2071/20
f 170/2072/20 171/232/20 180/2073/20
f 171/232/20 181/231/20 180/2073/20
f 175/235/20 176/2074/20 184/238/20
f 176/2074/20 185/2075/20 184/238/20
f 176/2074/20 177/2076/20 185/2075/20
f 193/241/20 194/240/20 206/252/20
f 197/243/20 198/245/20 196/242/20
f 197/243/20 199/246/20 198/245/20
f 179/260/109 195/2077/1546 193/261/110
f 181/268/31 200/267/30 199/2078/1523
f 189/265/114 198/264/113 201/269/115
f 213/271/117 210/275/121 207/274/120
f 213/271/117 216/273/119 214/2079/1547
f 207/274/120 210/275/121 208/277/123
f 213/271/117 212/2080/1548 211/278/124
f 214/2079/1547 216/273/119 215/2081/1549
f 207/281/120 219/280/125 218/285/127
f 216/284/119 228/283/126 227/2082/1550
f 217/282/118 218/285/127 228/283/126
f 218/2083/20 219/288/20 229/2084/20
f 219/288/20 230/287/20 229/2084/20
f 220/286/20 221/2085/20 231/289/20
f 221/2085/20 232/2086/20 231/289/20
f 221/2085/20 222/2087/20 232/2086/20
f 226/294/20 236/2088/20 235/293/20
f 226/294/20 227/2089/20 236/2088/20
f 245/295/20 248/300/20 247/296/20
f 248/300/20 249/299/20 247/296/20
f 256/2090/20 258/304/20 257/306/20
f 238/317/129 246/316/1551 247/2091/1552
f 240/318/132 252/2092/1553 254/319/133
f 244/315/130 259/322/1554 246/316/131
f 229/323/138 245/2093/1555 260/324/139
f 263/2094/1556 265/332/145 262/329/144
f 267/330/142 265/332/145 270/337/150
f 264/328/143 267/327/142 266/333/146
f 262/329/144 265/332/145 267/330/142
f 265/332/145 268/335/148 270/337/150
f 265/332/145 269/334/147 268/335/148
f 267/327/142 270/2095/150 271/339/152
f 269/334/147 266/333/146 273/338/151
f 268/335/148 275/342/155 272/336/149
f 273/338/151 267/327/142 274/340/153
f 271/339/152 276/344/157 274/340/153
f 276/344/157 280/346/158 279/343/156
f 277/341/154 279/343/156 278/347/159
f 278/2096/159 281/352/160 280/346/158
f 287/2097/1557 288/358/168 290/357/167
f 280/346/158 283/353/163 282/351/162
f 279/343/156 285/2098/1558 284/350/161
f 281/352/160 284/2099/161 283/353/163
f 284/350/161 285/2098/1558 287/2097/1557
f 285/2098/1558 279/343/156 286/354/164
f 284/2099/161 287/2100/1557 283/353/163
f 283/353/163 289/355/165 282/351/162
f 283/353/163 287/2100/1557 289/355/165
f 291/2101/1559 290/2102/167 293/360/170
f 285/2098/1558 286/354/164 288/358/168
f 286/354/164 282/351/162 289/355/165
f 287/2100/1557 291/2101/1559 289/355/165
f 287/2100/1557 290/2102/167 291/2101/1559
f 286/354/164 292/356/166 288/358/168
f 291/2101/1559 293/360/170 289/355/165
f 292/356/166 289/355/165 294/359/169
f 297/364/174 303/366/176 296/367/177
f 295/369/179 304/368/178 302/2103/180
f 299/361/171 302/371/180 300/362/172
f 296/367/177 303/366/176 304/368/178
f 301/365/175 298/363/173 306/374/183
f 303/366/176 307/373/182 305/372/181
f 300/362/172 302/371/180 306/374/183
f 307/373/182 301/365/175 308/376/185
f 302/371/180 309/380/188 306/374/183
f 309/380/188 311/379/187 306/374/183
f 308/376/185 306/374/183 312/381/189
f 313/377/186 312/381/189 314/382/190
f 311/379/187 316/385/193 314/382/190
f 313/377/186 314/382/190 315/384/192
f 314/382/190 318/391/197 321/383/191
f 317/386/194 316/385/193 320/389/196
f 321/390/191 322/2104/198 323/393/199
f 322/2104/198 327/399/204 323/393/199
f 323/393/199 329/405/208 326/396/202
f 323/393/199 328/400/203 329/405/208
f 329/405/208 325/395/201 326/396/202
f 328/400/203 331/403/206 329/405/208
f 330/401/205 329/405/208 332/404/207
f 335/409/212 343/411/214 334/413/216
f 335/409/212 336/408/211 342/412/215
f 333/415/218 341/414/217 340/2105/219
f 337/406/209 340/417/219 338/407/210
f 334/413/216 343/411/214 341/414/217
f 338/407/210 340/417/219 342/412/215
f 345/418/220 339/410/213 342/412/215
f 345/2106/220 344/427/222 348/425/225
f 346/421/221 343/420/214 345/2106/220
f 342/412/215 346/421/221 344/422/222
f 346/421/221 345/2106/220 347/424/224
f 345/2106/220 348/425/225 347/424/224
f 346/421/221 347/424/224 351/426/226
f 351/426/226 348/425/225 349/428/227
f 344/427/222 350/429/223 349/428/227
f 351/426/226 352/2107/1560 354/2108/228
f 351/426/226 355/435/232 352/2107/1560
f 349/428/227 354/430/228 353/433/230
f 352/2107/1560 355/435/232 354/2108/228
f 355/435/232 353/433/230 356/432/229
f 356/432/229 354/430/228 360/439/235
f 357/437/231 359/2109/233 358/438/234
f 362/442/238 366/441/237 361/2110/239
f 361/443/239 366/449/237 368/444/240
f 367/447/243 364/446/242 365/445/241
f 367/447/243 365/445/241 368/444/240
f 371/451/246 368/444/240 370/450/245
f 367/447/243 369/448/244 366/441/237
f 368/444/240 371/451/246 369/448/244
f 371/451/246 374/452/247 372/454/248
f 372/454/248 374/452/247 376/458/251
f 373/455/249 376/457/251 375/456/250
f 380/463/255 375/456/250 378/462/254
f 376/457/251 377/460/252 375/456/250
f 375/456/250 380/463/255 379/461/253
f 377/460/252 382/467/258 381/466/257
f 378/462/254 377/460/252 381/466/257
f 378/462/254 381/466/257 384/468/259
f 379/465/253 383/2111/256 381/466/257
f 386/474/265 387/471/262 389/470/261
f 388/469/260 390/473/264 389/470/261
f 386/474/265 391/475/266 390/2112/264
f 390/473/264 394/477/267 389/470/261
f 391/475/266 389/470/261 392/479/269
f 389/470/261 398/481/271 395/478/268
f 393/480/270 394/477/267 397/483/273
f 392/486/269 396/485/274 391/476/266
f 395/478/268 398/481/271 396/2113/274
f 396/2113/274 398/481/271 391/2114/266
f 391/476/266 399/488/275 397/483/273
f 398/481/271 397/483/273 400/489/276
f 399/488/275 401/491/278 400/489/276
f 399/488/275 398/487/271 401/491/278
f 404/493/280 400/489/276 402/492/279
f 398/487/271 403/2115/277 406/2116/1561
f 400/489/276 404/493/280 403/490/277
f 401/491/278 406/2116/1561 405/498/285
f 402/492/279 401/491/278 405/498/285
f 404/493/280 411/495/282 407/494/281
f 406/2116/1561 410/2117/1562 405/498/285
f 410/2117/1562 412/500/287 405/498/285
f 411/2118/282 413/2119/286 412/500/287
f 415/2120/1563 418/505/291 414/501/288
f 414/501/288 420/507/293 419/502/289
f 417/504/290 419/514/289 418/505/291
f 418/505/291 421/508/294 420/507/293
f 421/508/294 427/515/299 425/511/297
f 420/512/293 425/2121/297 424/513/298
f 422/509/295 419/514/289 426/516/300
f 425/2121/297 427/520/299 424/513/298
f 427/515/299 430/519/303 432/523/304
f 429/518/302 426/516/300 431/524/306
f 430/519/303 429/518/302 431/524/306
f 431/524/306 432/521/304 434/2122/1564
f 432/521/304 433/2123/305 434/2122/1564
f 435/528/310 441/532/308 440/533/313
f 431/524/306 434/2122/1564 435/528/310
f 433/2124/305 441/532/308 434/2122/1564
f 436/525/307 438/527/309 437/535/312
f 431/524/306 439/529/311 438/527/309
f 439/529/311 435/528/310 440/533/313
f 438/527/309 442/536/315 444/534/314
f 442/536/315 446/541/320 445/538/317
f 442/536/315 443/537/316 446/541/320
f 443/537/316 440/533/313 447/539/318
f 444/2125/314 445/542/317 447/539/318
f 443/537/316 448/540/319 446/541/320
f 448/540/319 447/539/318 449/543/321
f 452/2126/1565 455/551/328 451/547/325
f 450/549/327 457/548/326 456/2127/323
f 455/551/328 459/556/332 451/547/325
f 451/547/325 465/557/333 461/553/330
f 457/554/326 461/559/330 460/555/331
f 458/552/329 456/545/323 462/558/334
f 459/556/332 458/552/329 462/558/334
f 460/555/331 464/560/335 463/561/336
f 461/559/330 465/2128/333 464/560/335
f 459/556/332 466/562/337 465/557/333
f 466/562/337 467/565/338 469/567/340
f 468/566/339 466/562/337 472/571/343
f 466/562/337 470/569/342 472/571/343
f 466/562/337 469/567/340 470/569/342
f 470/569/342 471/568/341 474/574/346
f 471/568/341 475/575/344 474/574/346
f 483/2129/1566 480/581/351 484/585/354
f 479/583/350 481/2130/352 482/584/353
f 480/581/351 483/2129/1566 481/582/352
f 480/581/351 476/577/347 484/585/354
f 487/590/359 488/588/357 490/587/356
f 486/2131/1567 487/590/359 491/591/360
f 493/592/361 490/587/356 494/594/363
f 491/591/360 490/587/356 493/592/361
f 492/593/362 493/592/361 494/594/363
f 492/593/362 496/596/365 490/2132/356
f 490/587/356 496/2133/365 497/598/367
f 495/595/364 498/597/366 496/596/365
f 498/597/366 490/587/356 499/599/368
f 499/599/368 497/598/367 500/601/370
f 497/598/367 496/2133/365 500/601/370
f 502/603/372 501/602/371 503/604/373
f 505/2134/369 507/606/375 504/608/377
f 509/610/378 510/619/379 511/612/380
f 507/606/375 509/610/378 508/607/376
f 506/605/374 510/611/379 509/2135/378
f 508/607/376 512/614/382 513/616/384
f 508/607/376 509/610/378 511/612/380
f 512/614/382 508/607/376 514/613/381
f 510/619/379 515/618/385 511/612/380
f 514/613/381 511/612/380 517/620/386
f 513/617/384 516/2136/383 515/618/385
f 519/2137/1568 520/621/387 523/623/389
f 524/627/393 525/626/392 526/2138/395
f 519/2137/1568 523/623/389 524/627/393
f 524/2139/393 526/629/395 522/622/388
f 525/626/392 523/623/389 522/622/388
f 522/622/388 531/633/399 530/628/394
f 528/630/396 526/629/395 529/632/398
f 534/636/401 532/639/404 533/634/400
f 528/630/396 529/632/398 533/634/400
f 527/631/397 534/636/401 533/634/400
f 536/2140/1569 534/636/401 531/643/399
f 531/643/399 538/2141/403 537/641/406
f 532/639/404 538/638/403 531/633/399
f 551/2142/1570 549/652/414 552/659/419
f 535/637/402 542/646/410 541/640/405
f 538/2141/403 541/650/405 537/641/406
f 537/641/406 543/648/412 540/642/407
f 537/641/406 541/650/405 543/648/412
f 542/646/410 544/645/409 543/2143/412
f 539/644/408 540/642/407 545/647/411
f 548/651/413 553/653/415 547/656/418
f 551/2142/1570 552/659/419 553/653/415
f 553/2144/415 558/2145/420 550/655/417
f 552/659/419 554/661/421 558/660/420
f 556/662/422 550/655/417 557/666/426
f 550/655/417 558/2145/420 557/666/426
f 558/2145/420 560/667/427 557/666/426
f 558/2145/420 555/2146/424 560/667/427
f 555/2146/424 563/673/425 560/667/427
f 555/2146/424 559/2147/423 563/673/425
f 565/672/431 564/669/429 561/668/428
f 561/668/428 560/667/427 562/2148/1571
f 560/667/427 563/673/425 562/2148/1571
f 563/673/425 565/672/431 562/2148/1571
f 566/674/432 564/669/429 565/672/431
f 561/668/428 562/2148/1571 565/672/431
f 567/676/434 565/672/431 568/671/430
f 564/669/429 566/674/432 568/670/430
f 566/674/432 565/672/431 567/676/434
f 568/671/430 571/681/439 567/676/434
f 566/674/432 570/677/435 572/678/436
f 570/677/435 567/676/434 571/681/439
f 569/675/433 572/678/436 573/2149/437
f 573/679/437 577/688/445 576/680/438
f 573/679/437 572/2150/436 577/688/445
f 575/684/442 579/685/443 574/682/440
f 572/2150/436 578/686/441 577/688/445
f 577/688/445 580/687/444 576/680/438
f 579/685/443 576/680/438 581/689/446
f 624/692/449 623/691/448 625/2151/1572
f 640/693/450 641/2152/1573 642/694/451
f 643/695/452 642/694/451 644/2153/1574
f 603/2154/1575 602/699/456 584/701/458
f 613/2155/1576 612/702/459 594/704/461
f 593/2156/103 592/2157/103 640/2158/103
f 656/708/462 662/716/466 661/709/463
f 666/717/469 663/721/473 660/715/468
f 657/711/465 663/721/473 662/712/466
f 660/715/468 659/710/464 661/709/463
f 660/715/468 661/709/463 666/717/469
f 663/721/473 665/722/474 664/719/471
f 663/2159/473 669/726/478 662/716/466
f 663/2159/473 668/728/472 669/726/478
f 662/716/466 669/726/478 667/718/470
f 664/719/471 670/723/475 668/720/472
f 665/722/474 666/717/469 671/724/476
f 671/724/476 667/718/470 672/727/479
f 668/728/472 678/734/485 677/729/480
f 665/722/474 674/730/481 673/725/477
f 673/725/477 674/730/481 678/2160/485
f 674/730/481 671/724/476 676/731/482
f 674/730/481 676/731/482 679/736/487
f 676/731/482 672/727/479 677/729/480
f 678/734/485 681/733/484 677/729/480
f 682/735/486 676/731/482 680/737/488
f 679/2161/487 682/2162/486 675/732/483
f 680/737/488 681/733/484 684/739/490
f 675/732/483 685/741/492 684/739/490
f 683/738/489 686/743/494 685/745/492
f 687/740/491 689/748/498 686/743/494
f 685/741/492 691/2163/495 688/742/493
f 686/743/494 694/749/499 693/747/497
f 689/748/498 695/750/500 694/749/499
f 695/750/500 690/746/496 696/2164/1577
f 694/754/499 698/2165/503 692/751/501
f 692/751/501 701/760/508 697/752/502
f 692/751/501 698/2165/503 701/760/508
f 695/750/500 699/757/505 702/756/504
f 695/750/500 700/759/507 699/757/505
f 695/750/500 696/2164/1577 700/759/507
f 698/2165/503 702/763/504 701/760/508
f 700/759/507 704/761/509 699/757/505
f 704/761/509 701/760/508 707/766/512
f 703/765/506 706/2166/510 705/764/511
f 709/771/517 710/767/513 712/769/515
f 711/770/516 715/773/519 713/768/514
f 709/771/517 718/772/518 716/775/521
f 714/2167/523 721/2168/522 715/773/519
f 716/775/521 720/778/524 721/776/522
f 715/773/519 721/2168/522 717/774/520
f 718/772/518 722/782/528 720/778/524
f 722/782/528 718/772/518 723/781/527
f 721/2168/522 724/784/526 717/774/520
f 717/774/520 726/785/530 719/779/525
f 720/778/524 728/2169/534 724/780/526
f 723/781/527 719/779/525 727/787/532
f 725/783/529 723/781/527 729/788/533
f 728/2169/534 731/786/531 730/2170/535
f 724/784/526 730/790/535 726/785/530
f 725/783/529 729/788/533 734/791/536
f 729/788/533 727/787/532 732/792/537
f 729/788/533 736/793/538 734/791/536
f 734/791/536 735/797/541 737/799/539
f 737/795/539 738/800/543 736/793/538
f 736/793/538 741/805/548 735/797/541
f 736/793/538 739/802/545 741/805/548
f 739/802/545 736/793/538 740/801/544
f 737/795/539 742/809/542 738/800/543
f 735/797/541 741/805/548 742/798/542
f 739/802/545 743/804/547 741/805/548
f 738/800/543 742/809/542 740/801/544
f 743/804/547 747/807/550 746/806/549
f 742/809/542 746/2171/549 745/808/551
f 747/807/550 744/803/546 748/811/553
f 748/811/553 750/813/555 747/807/550
f 752/2172/554 756/818/559 755/820/561
f 756/818/559 757/2173/558 758/819/560
f 753/814/556 759/2174/1578 757/816/558
f 754/815/557 755/820/561 760/821/562
f 763/825/566 769/827/568 762/822/563
f 762/822/563 768/831/571 767/823/564
f 761/828/565 771/835/574 766/829/569
f 761/828/565 767/833/564 771/835/574
f 765/826/567 766/829/569 770/836/575
f 766/829/569 771/835/574 770/836/575
f 779/840/579 780/844/582 782/2175/585
f 769/827/568 765/826/567 775/837/576
f 769/827/568 774/839/578 773/832/572
f 769/827/568 775/837/576 774/839/578
f 771/835/574 776/838/577 770/836/575
f 775/837/576 770/836/575 777/841/580
f 773/842/572 779/845/579 776/838/577
f 775/837/576 780/844/582 774/839/578
f 776/838/577 781/846/583 777/841/580
f 780/844/582 778/843/581 783/847/584
f 779/845/579 782/848/585 781/846/583
f 780/844/582 784/849/586 782/2175/585
f 785/2176/1579 784/849/586 783/847/584
f 782/848/585 788/855/591 783/847/584
f 784/849/586 787/857/593 786/850/587
f 782/848/585 789/853/589 788/855/591
f 782/848/585 784/2177/586 789/853/589
f 784/849/586 786/850/587 789/852/589
f 785/2176/1579 783/847/584 788/855/591
f 787/857/593 785/2176/1579 790/854/590
f 785/2176/1579 788/855/591 790/854/590
f 789/853/589 794/860/595 790/854/590
f 791/859/588 793/862/592 794/860/595
f 795/861/596 790/854/590 796/863/597
f 790/854/590 794/860/595 796/863/597
f 795/861/596 796/863/597 798/866/600
f 797/867/599 799/872/598 800/868/601
f 795/861/596 803/875/607 799/864/598
f 795/861/596 802/869/602 803/875/607
f 798/866/600 793/862/592 801/870/603
f 802/869/602 798/866/600 804/871/604
f 800/868/601 805/873/605 801/870/603
f 804/871/604 801/870/603 807/877/608
f 803/876/607 806/2178/606 805/873/605
f 808/878/609 815/886/616 814/879/610
f 811/881/611 814/892/610 810/882/612
f 812/885/615 813/884/614 816/888/618
f 814/892/610 819/891/620 810/882/612
f 810/882/612 819/891/620 817/887/617
f 815/890/616 820/896/623 819/891/620
f 816/888/618 823/893/621 818/889/619
f 819/891/620 821/898/624 817/887/617
f 823/893/621 817/887/617 821/898/624
f 818/889/619 823/893/621 822/894/622
f 819/891/620 822/897/622 821/898/624
f 824/899/625 821/898/624 825/900/626
f 823/893/621 829/905/629 828/903/628
f 822/897/622 827/906/630 825/900/626
f 824/899/625 830/907/631 829/905/629
f 826/902/627 828/2179/628 827/906/630
f 828/2179/628 831/2180/632 827/906/630
f 830/907/631 825/900/626 832/909/633
f 833/911/635 832/909/633 837/915/638
f 834/914/634 839/918/641 837/915/638
f 834/914/634 843/2181/639 839/918/641
f 838/917/640 837/915/638 841/919/642
f 839/918/641 843/2181/639 841/919/642
f 840/920/643 846/924/647 845/921/644
f 844/923/646 841/919/642 847/926/649
f 845/2182/644 849/929/648 848/931/653
f 846/924/647 844/923/646 850/927/650
f 848/931/653 851/930/652 847/926/649
f 850/927/650 847/926/649 853/932/654
f 849/929/648 852/2183/651 851/930/652
f 855/2184/1580 858/939/660 854/933/655
f 854/933/655 861/945/662 860/934/656
f 857/936/657 860/943/656 859/937/658
f 854/933/655 862/940/661 861/945/662
f 860/943/656 863/942/663 859/937/658
f 862/940/661 859/937/658 865/946/665
f 863/942/663 864/949/664 865/946/665
f 862/940/661 867/948/667 870/947/666
f 867/948/667 865/946/665 868/951/669
f 864/949/664 870/953/666 866/950/668
f 868/951/669 872/2185/1581 871/952/670
f 868/951/669 866/950/668 873/954/671
f 872/2185/1581 868/951/669 874/958/674
f 872/2185/1581 874/958/674 871/952/670
f 869/955/672 875/961/673 873/954/671
f 874/958/674 880/965/680 876/959/675
f 874/958/674 877/960/676 880/965/680
f 877/960/676 873/954/671 878/962/677
f 875/961/673 879/963/678 878/962/677
f 876/959/675 880/965/680 879/967/678
f 877/960/676 883/968/682 880/965/680
f 880/965/680 882/969/683 884/966/681
f 879/963/678 884/971/681 881/964/679
f 882/969/683 888/976/689 889/970/684
f 882/969/683 886/974/687 888/976/689
f 885/973/686 881/964/679 887/972/685
f 884/971/681 889/2186/684 887/972/685
f 886/974/687 891/983/695 890/975/688
f 886/974/687 892/980/692 891/983/695
f 886/974/687 885/973/686 892/980/692
f 892/980/692 896/982/694 891/983/695
f 894/979/691 897/978/690 893/981/693
f 897/978/690 898/987/698 893/981/693
f 896/982/694 893/981/693 900/988/699
f 895/986/697 899/2187/696 898/987/698
f 902/2188/1582 905/995/705 901/989/700
f 911/2189/1583 907/996/701 915/1004/710
f 904/992/702 907/996/701 906/993/703
f 905/995/705 909/1000/709 907/990/701
f 905/995/705 906/993/703 909/1000/709
f 906/993/703 913/999/708 909/1000/709
f 913/999/708 910/998/707 914/1006/713
f 909/1000/709 912/2190/711 915/1001/710
f 909/1000/709 913/999/708 912/2190/711
f 907/996/701 911/2189/1583 908/997/706
f 908/997/706 915/1004/710 914/1006/713
f 910/998/707 908/997/706 914/1006/713
f 915/1004/710 916/1005/712 914/1006/713
f 913/999/708 920/1007/714 917/2191/715
f 913/999/708 914/1006/713 920/1007/714
f 913/1003/708 917/1008/715 916/1005/712
f 920/1007/714 916/1005/712 919/1010/717
f 920/1007/714 919/1010/717 921/2192/1584
f 919/1010/717 918/1009/716 922/1013/719
f 921/2192/1584 925/1017/723 920/1007/714
f 918/1009/716 923/1012/718 922/1013/719
f 921/2192/1584 924/1015/721 925/1017/723
f 922/1013/719 923/1012/718 926/2193/1585
f 920/1011/714 925/2194/723 923/1012/718
f 928/1014/720 922/1013/719 926/2193/1585
f 924/1015/721 930/1018/724 927/1016/722
f 925/2194/723 929/1021/725 923/1012/718
f 925/2194/723 927/1019/722 929/1021/725
f 929/1021/725 928/1014/720 926/2193/1585
f 923/1012/718 929/1021/725 926/2193/1585
f 928/1014/720 929/1021/725 933/1024/728
f 930/1020/724 932/2195/726 931/1023/727
f 936/1028/732 939/1030/734 935/1031/735
f 936/1028/732 937/1027/731 940/1029/733
f 934/1033/737 942/1032/736 941/2196/738
f 938/1025/729 941/1035/738 946/1026/730
f 935/1031/735 944/1037/740 943/1036/739
f 939/1030/734 940/1029/733 945/1038/741
f 939/1030/734 948/1042/743 944/1037/740
f 941/1035/738 950/1043/744 946/1026/730
f 947/1041/742 952/2197/747 950/1043/744
f 948/1042/743 951/1044/745 952/1046/747
f 953/1051/751 951/1044/745 949/2198/1586
f 952/2197/747 954/1049/746 953/1051/751
f 954/1045/746 951/1044/745 955/1047/748
f 955/1047/748 953/1051/751 957/1050/750
f 954/1049/746 960/1053/753 957/1050/750
f 954/1049/746 956/2199/749 960/1053/753
f 955/1047/748 959/1054/754 958/1052/752
f 955/1047/748 957/1050/750 959/1054/754
f 956/2199/749 961/1056/756 960/1053/753
f 956/2199/749 958/2200/752 961/1056/756
f 961/1056/756 964/2201/1587 963/1057/757
f 964/2201/1587 966/1059/759 963/1057/757
f 964/2201/1587 962/2202/755 966/1059/759
f 962/1055/755 965/1058/758 967/1062/762
f 962/2202/755 967/1063/762 966/1059/759
f 968/1060/760 966/1059/759 971/1065/764
f 967/1063/762 970/2203/761 969/1064/763
f 972/1074/765 978/1073/772 976/2204/766
f 973/1069/768 981/1071/770 978/1073/772
f 981/1071/770 974/1070/769 979/1075/773
f 982/1077/774 979/1075/773 980/1079/775
f 979/1075/773 977/1072/771 980/1079/775
f 980/2205/775 986/1085/778 985/1087/781
f 983/1080/776 988/1088/782 987/1084/779
f 985/1087/781 989/1086/780 984/1081/777
f 986/1085/778 987/2206/779 989/1086/780
f 987/2206/779 992/1091/783 989/1086/780
f 992/1089/783 993/1094/787 995/2207/789
f 990/1093/786 991/1090/784 994/1092/785
f 995/1096/789 997/2208/1588 998/1097/790
f 996/1095/788 994/1092/785 999/1098/791
f 1002/1106/797 1003/1101/794 1005/1100/793
f 1001/1102/795 1002/1106/797 1007/1107/798
f 1001/1102/795 1007/1107/798 1006/1108/799
f 1005/2209/793 1006/1108/799 1008/1114/802
f 1006/1108/799 1009/1109/800 1008/1114/802
f 1008/1111/802 1014/1118/804 1011/1112/803
f 1009/1109/800 1012/1115/805 1014/1113/804
f 1010/1110/801 1005/1100/793 1015/1117/807
f 1013/1116/806 1010/1110/801 1015/1117/807
f 1013/1116/806 1015/1117/807 1016/1119/808
f 1013/2210/806 1017/1120/809 1014/1118/804
f 1017/2211/809 1013/1116/806 1018/2212/810
f 1013/1116/806 1021/1122/811 1022/1126/815
f 1021/1122/811 1016/1119/808 1023/1124/813
f 1018/1121/810 1024/1128/817 1019/1123/812
f 1023/1124/813 1019/1123/812 1026/1130/818
f 1022/1129/815 1025/2213/814 1024/1128/817
f 1028/1134/822 1029/1133/821 1031/1132/820
f 1030/1131/819 1032/2214/1589 1031/1132/820
f 1033/1135/823 1035/1137/825 1032/2215/1589
f 1033/1135/823 1031/1132/820 1034/1140/827
f 1033/1135/823 1034/1140/827 1036/1139/826
f 1035/1138/825 1037/2216/824 1039/2217/1590
f 1033/1135/823 1038/1141/828 1037/1136/824
f 1035/1138/825 1039/2217/1590 1036/1139/826
f 1037/2216/824 1042/2218/829 1039/2217/1590
f 1040/1143/830 1036/1139/826 1041/1145/832
f 1042/2218/829 1038/1146/828 1041/1145/832
f 1043/1144/831 1041/1145/832 1044/1147/833
f 1043/1144/831 1045/1148/834 1038/1141/828
f 1044/1147/833 1049/1152/837 1045/1148/834
f 1045/1148/834 1049/1152/837 1048/1154/839
f 1045/1150/834 1048/2219/839 1046/1149/835
f 1047/1151/836 1046/1149/835 1050/1156/841
f 1046/1149/835 1055/1164/848 1050/1156/841
f 1049/1152/837 1054/1158/843 1053/1155/840
f 1052/1157/842 1050/1156/841 1055/1164/848
f 1056/1162/846 1057/1161/845 1055/1164/848
f 1052/1157/842 1055/1164/848 1059/1163/847
f 1053/1160/840 1058/2220/844 1057/1161/845
f 1060/1165/849 1064/1202/857 1062/2221/853
f 1064/1202/857 1063/2222/855 1062/2221/853
f 1067/1167/851 1069/1166/850 1068/2223/1591
f 1060/2224/849 1072/2225/854 1071/2226/1592
f 1062/1169/853 1073/1173/856 1072/1170/854
f 1063/1172/855 1074/1175/858 1073/1173/856
f 1064/1174/857 1075/1177/860 1074/1175/858
f 1067/1178/851 1077/2227/1593 1076/1179/861
f 1073/1184/20 1074/1189/20 1082/1187/20
f 1075/1188/20 1083/2228/20 1082/1187/20
f 1070/1183/20 1080/1182/20 1087/1190/20
f 1099/2229/20 1101/1199/20 1100/2230/20
f 1101/1199/20 1102/1198/20 1100/2230/20
f 1080/1211/881 1096/1210/1594 1094/1222/882
f 1081/1214/866 1098/1213/1595 1096/2231/867
f 1082/1212/869 1099/2232/1596 1098/1213/870
f 1085/1215/872 1105/1219/1597 1103/1216/873
f 1086/1218/875 1106/1221/1598 1105/1219/876
f 1087/1220/878 1094/1222/1599 1106/1221/879
f 1150/1225/449 1149/1224/448 1151/2233/1572
f 1166/1226/450 1167/2234/1573 1168/1227/451
f 1169/1228/452 1168/1227/451 1170/2235/1574
f 1129/2236/1600 1128/1232/885 1110/1234/886
f 1139/2237/1576 1138/1235/459 1120/1237/461
f 1119/2238/103 1118/2239/103 1166/2240/103
f 1188/1246/892 1187/1243/889 1189/1252/897
f 1182/1247/893 1188/1246/892 1186/2241/888
f 1183/1245/891 1187/1243/889 1188/1246/892
f 1188/1255/892 1189/2242/897 1190/1253/898
f 1187/1243/889 1191/1250/895 1194/1251/896
f 1192/1249/894 1186/1242/888 1188/1255/892
f 1192/1249/894 1188/1255/892 1196/1257/901
f 1189/2242/897 1194/1259/896 1190/1253/898
f 1197/2243/1601 1192/1249/894 1196/1257/901
f 1190/1253/898 1199/1260/902 1193/1254/899
f 1197/2243/1601 1198/1262/904 1195/1256/900
f 1200/2244/903 1201/1265/905 1199/1260/902
f 1199/1260/902 1201/1265/905 1203/1267/908
f 1202/1264/906 1198/1262/904 1199/1260/902
f 1203/1267/908 1207/1266/907 1206/1274/915
f 1201/1265/905 1208/1278/912 1207/1266/907
f 1205/1268/909 1211/1273/914 1209/1269/910
f 1212/1272/913 1206/1274/915 1210/1275/916
f 1209/1276/910 1211/2245/914 1213/1277/917
f 1212/1272/913 1215/1280/919 1221/1281/920
f 1215/1280/919 1210/1275/916 1216/1282/921
f 1214/1279/918 1221/1281/920 1217/2246/924
f 1213/1277/917 1217/1285/924 1216/1282/921
f 1217/1285/924 1221/1291/920 1220/1286/925
f 1221/1291/920 1223/1290/928 1220/1286/925
f 1219/1284/923 1220/1286/925 1225/1292/929
f 1222/1289/926 1224/2247/927 1223/1290/928
f 1227/1293/930 1235/2248/1602 1232/1294/931
f 1226/1296/932 1232/2249/931 1231/1297/933
f 1233/1302/938 1228/1299/935 1229/1301/937
f 1228/1299/935 1239/1304/940 1237/1300/936
f 1233/1302/938 1230/1298/934 1234/1303/939
f 1232/2249/931 1235/2250/1602 1231/1297/933
f 1235/2250/1602 1239/1306/940 1231/1297/933
f 1231/1297/933 1240/1307/942 1234/1303/939
f 1238/1305/941 1234/1303/939 1241/1308/943
f 1238/1305/941 1242/1309/944 1239/1304/940
f 1244/2251/1603 1240/1307/942 1245/1312/946
f 1242/1309/944 1240/1307/942 1244/2251/1603
f 1247/1314/948 1242/1310/944 1246/2252/947
f 1244/2251/1603 1245/1312/946 1242/1309/944
f 1245/1312/946 1243/1311/945 1249/2253/1604
f 1243/1311/945 1247/1314/948 1249/2253/1604
f 1245/1312/946 1248/1315/949 1246/1313/947
f 1248/1315/949 1249/2253/1604 1251/2254/1605
f 1248/1315/949 1251/2254/1605 1253/1318/952
f 1251/2254/1605 1252/2255/1606 1255/1321/955
f 1252/2255/1606 1250/2256/950 1255/1321/955
f 1248/1315/949 1258/1319/953 1254/1317/951
f 1253/1318/952 1251/2254/1605 1255/1321/955
f 1250/2256/950 1259/1323/957 1255/1321/955
f 1250/2256/950 1254/2257/951 1259/1323/957
f 1253/1318/952 1257/1322/956 1258/1319/953
f 1254/2257/951 1256/1325/954 1259/1323/957
f 1257/1322/956 1255/1321/955 1259/1323/957
f 1257/1322/956 1261/1324/958 1258/1319/953
f 1261/1324/958 1259/1323/957 1262/1328/960
f 1260/1327/959 1263/1330/962 1262/1332/960
f 1260/1327/959 1264/1329/961 1263/1330/962
f 1260/1327/959 1261/1324/958 1264/1329/961
f 1264/1329/961 1265/1334/965 1263/1330/962
f 1265/1334/965 1262/1328/960 1268/1335/966
f 1271/1340/970 1272/2258/1607 1273/1341/971
f 1272/2258/1607 1274/1339/969 1273/1341/971
f 1269/1337/967 1275/2259/974 1279/1338/968
f 1270/2260/1608 1276/1346/975 1278/1343/973
f 1274/1339/969 1279/1338/968 1273/1341/971
f 1275/2259/974 1273/1341/971 1279/1338/968
f 1278/1343/973 1283/1347/976 1273/1344/971
f 1276/1346/975 1280/1348/977 1283/1347/976
f 1280/1348/977 1273/1341/971 1282/1352/981
f 1273/1341/971 1283/1355/976 1282/1352/981
f 1284/1350/979 1282/1352/981 1285/1354/983
f 1284/1350/979 1288/1356/984 1287/1351/980
f 1283/1355/976 1289/1358/986 1286/1353/982
f 1289/1358/986 1290/1361/985 1291/1359/987
f 1288/1356/984 1292/1362/988 1290/1357/985
f 1290/1361/985 1297/1374/990 1295/1366/992
f 1292/1362/988 1298/1367/993 1297/1364/990
f 1295/1366/992 1297/1374/990 1296/1368/994
f 1294/1365/991 1299/1370/996 1298/1367/993
f 1299/1370/996 1303/1375/998 1305/1371/997
f 1299/1370/996 1301/2261/1609 1303/1375/998
f 1299/1370/996 1300/1369/995 1301/2261/1609
f 1301/2261/1609 1304/2262/1610 1303/1375/998
f 1303/1375/998 1308/1377/1000 1305/1371/997
f 1304/2262/1610 1306/1378/1001 1303/1375/998
f 1308/2263/1000 1310/2264/999 1309/1381/1004
f 1306/1378/1001 1307/1382/1005 1312/1380/1003
f 1315/2265/1611 1317/1386/1009 1314/1388/1011
f 1313/1383/1006 1319/1391/1010 1318/1384/1007
f 1317/1386/1009 1320/1389/1012 1319/1387/1010
f 1318/1384/1007 1322/1390/1013 1320/1389/1012
f 1319/1391/1010 1321/2266/1016 1323/1392/1014
f 1319/1387/1010 1322/1390/1013 1321/1394/1016
f 1321/2266/1016 1329/1405/1026 1323/1392/1014
f 1321/2266/1016 1325/2267/1015 1329/1405/1026
f 1325/2267/1015 1326/2268/1018 1329/1405/1026
f 1326/2268/1018 1330/1403/1022 1329/1405/1026
f 1331/1399/1021 1328/1398/1020 1332/1401/1023
f 1330/1403/1022 1334/2269/1028 1333/1404/1025
f 1335/1402/1024 1332/1401/1023 1336/1408/1029
f 1335/1402/1024 1340/1412/1033 1341/1406/1027
f 1346/1423/1043 1340/1412/1033 1342/1413/1034
f 1337/2270/1030 1341/1416/1027 1338/1410/1031
f 1341/1406/1027 1346/1423/1043 1344/2271/1037
f 1358/1434/1051 1355/1428/1047 1356/1433/1050
f 1342/1413/1034 1339/1411/1032 1345/1415/1036
f 1339/1411/1032 1338/1410/1031 1343/1414/1035
f 1341/1416/1027 1350/1418/1038 1343/1414/1035
f 1342/1413/1034 1347/1419/1039 1346/1423/1043
f 1344/1417/1037 1346/2272/1043 1350/1418/1038
f 1345/1415/1036 1352/1421/1041 1347/1419/1039
f 1346/2272/1043 1349/1424/1042 1350/1418/1038
f 1347/1419/1039 1352/1421/1041 1349/1422/1042
f 1348/1420/1040 1343/1414/1035 1350/1418/1038
f 1349/1424/1042 1352/2273/1041 1351/1425/1044
f 1348/1420/1040 1350/1418/1038 1354/1427/1046
f 1352/2273/1041 1353/2274/1045 1351/1425/1044
f 1355/1428/1047 1360/1435/1052 1359/1429/1048
f 1358/1434/1051 1359/1432/1048 1361/1436/1053
f 1359/1432/1048 1360/2275/1052 1361/1436/1053
f 1358/1434/1051 1363/1437/1054 1360/1435/1052
f 1360/1435/1052 1363/1437/1054 1364/1438/1055
f 1361/1436/1053 1364/1440/1055 1362/1442/1057
f 1363/1437/1054 1368/1446/1061 1366/1443/1058
f 1363/1437/1054 1361/1436/1053 1368/1446/1061
f 1362/1442/1057 1367/1441/1056 1368/1446/1061
f 1364/1440/1055 1365/2276/1060 1367/1441/1056
f 1366/1443/1058 1368/1446/1061 1369/1444/1059
f 1367/1441/1056 1370/1448/1063 1368/1446/1061
f 1373/1452/1066 1368/1446/1061 1376/1458/1070
f 1371/1450/1062 1377/1457/1068 1374/1451/1065
f 1377/1457/1068 1378/1456/1069 1374/1451/1065
f 1379/1462/1074 1376/1458/1070 1380/1460/1072
f 1376/1458/1070 1374/1451/1065 1382/1459/1071
f 1379/1462/1074 1383/1461/1073 1381/2277/1076
f 1378/1456/1069 1384/2278/1612 1382/1459/1071
f 1387/1463/1075 1382/1459/1071 1391/1469/1081
f 1389/1465/1077 1386/2279/1080 1392/2280/1613
f 1389/1465/1077 1392/2280/1613 1388/1474/1086
f 1386/2279/1080 1395/1476/1079 1392/2280/1613
f 1392/2280/1613 1394/1472/1084 1388/1474/1086
f 1392/2280/1613 1395/1476/1079 1394/1472/1084
f 1390/1470/1082 1396/2281/1614 1393/1471/1083
f 1391/1469/1081 1388/1474/1086 1397/1473/1085
f 1440/1479/449 1439/1478/448 1441/2282/1572
f 1456/1480/450 1457/2283/1573 1458/1481/451
f 1459/1482/452 1458/1481/451 1460/2284/1574
f 1419/2285/1600 1418/1486/456 1400/1488/458
f 1429/2286/1576 1428/1489/459 1410/1491/461
f 1409/2287/103 1408/2288/103 1456/2289/103
f 1472/1495/1087 1478/2290/1615 1476/1496/1088
f 1476/1496/1088 1478/2290/1615 1477/1502/1093
f 1487/1504/1095 1485/1507/1098 1486/2291/1103
f 1478/2290/1615 1480/1500/1091 1477/1502/1093
f 1476/1496/1088 1477/1502/1093 1481/1501/1092
f 1480/1499/1091 1487/1504/1095 1483/2292/1096
f 1480/1500/1091 1482/1506/1097 1481/1501/1092
f 1479/1503/1094 1485/1507/1098 1487/1504/1095
f 1485/1507/1098 1476/1496/1088 1484/1508/1099
f 1476/1496/1088 1481/1501/1092 1484/1508/1099
f 1483/1505/1096 1487/1509/1095 1482/1506/1097
f 1482/1506/1097 1487/1509/1095 1484/1508/1099
f 1488/1511/1101 1487/1509/1095 1486/1515/1103
f 1488/1511/1101 1492/1517/1105 1490/1512/1102
f 1491/1516/1104 1486/1515/1103 1493/1518/1106
f 1492/1517/1105 1491/1516/1104 1495/1520/1108
f 1492/1517/1105 1495/1520/1108 1497/1521/1109
f 1495/1520/1108 1493/1518/1106 1496/1522/1110
f 1490/1514/1102 1497/1524/1109 1496/1522/1110
f 1497/1524/1109 1501/1531/1113 1499/1525/1111
f 1500/1528/1114 1499/1525/1111 1503/1530/1116
f 1506/1535/1120 1510/1536/1121 1505/1537/1122
f 1504/1539/1124 1512/1538/1123 1511/2293/1125
f 1508/1532/1117 1511/1541/1125 1509/1533/1118
f 1505/1537/1122 1516/1542/1126 1512/1538/1123
f 1510/1536/1121 1507/1534/1119 1513/1543/1127
f 1510/1536/1121 1514/1545/1129 1516/1542/1126
f 1509/1533/1118 1511/1541/1125 1513/1543/1127
f 1512/1547/1123 1519/1550/1132 1517/1548/1131
f 1511/1541/1125 1517/1548/1131 1513/1543/1127
f 1516/1542/1126 1518/1546/1130 1519/1549/1132
f 1515/1544/1128 1513/1543/1127 1519/1550/1132
f 1514/1545/1129 1520/1551/1133 1518/1546/1130
f 1514/1545/1129 1515/1544/1128 1520/1551/1133
f 1522/1553/1134 1518/1552/1130 1523/1554/1135
f 1520/1551/1133 1519/1550/1132 1523/1558/1135
f 1519/1550/1132 1521/2294/1616 1523/1558/1135
f 1525/1557/1138 1528/1555/1136 1526/2295/1139
f 1523/1554/1135 1527/1561/1141 1528/1555/1136
f 1523/1554/1135 1525/2296/1138 1527/1561/1141
f 1525/2296/1138 1526/1559/1139 1527/1561/1141
f 1527/1561/1141 1529/1560/1140 1528/1555/1136
f 1529/1560/1140 1526/1565/1139 1530/1562/1142
f 1528/1555/1136 1531/1567/1144 1526/2295/1139
f 1528/1555/1136 1529/1560/1140 1531/1567/1144
f 1529/1560/1140 1532/1563/1143 1531/1567/1144
f 1532/1563/1143 1530/1562/1142 1533/1566/1145
f 1536/1573/1151 1537/1570/1148 1539/1569/1147
f 1534/2297/1149 1542/2298/1617 1543/2299/1150
f 1538/1568/1146 1543/1572/1150 1539/1569/1147
f 1535/2300/1618 1540/1576/1154 1544/2301/1153
f 1541/1574/1152 1539/1569/1147 1544/1575/1153
f 1542/2302/1617 1544/1575/1153 1543/1572/1150
f 1545/1577/1155 1541/1574/1152 1546/1578/1156
f 1544/1575/1153 1547/1580/1158 1546/1578/1156
f 1545/1577/1155 1550/1582/1160 1547/1584/1158
f 1545/1577/1155 1548/1579/1157 1550/1582/1160
f 1548/1579/1157 1546/1578/1156 1549/1581/1159
f 1548/1579/1157 1551/1585/1162 1550/1582/1160
f 1547/1580/1158 1552/1588/1161 1549/1581/1159
f 1551/1585/1162 1549/1581/1159 1553/1591/1166
f 1550/1582/1160 1556/1589/1164 1555/2303/1165
f 1554/1587/1163 1558/1592/1167 1553/1591/1166
f 1554/1587/1163 1555/1590/1165 1558/1592/1167
f 1551/1585/1162 1557/1593/1168 1556/1589/1164
f 1559/2304/1619 1557/1593/1168 1558/1592/1167
f 1559/2304/1619 1556/2305/1164 1561/1599/1173
f 1560/1595/1170 1559/2304/1619 1561/1599/1173
f 1557/1593/1168 1559/2304/1619 1560/1595/1170
f 1556/2305/1164 1562/1597/1169 1561/1599/1173
f 1562/1597/1169 1564/2306/1620 1565/1598/1172
f 1563/1596/1171 1560/1595/1170 1566/1600/1174
f 1560/1595/1170 1561/1599/1173 1566/1600/1174
f 1568/1605/1179 1569/1601/1175 1571/1603/1177
f 1567/1607/1181 1574/1606/1180 1573/2307/1182
f 1570/1604/1178 1573/1608/1182 1572/1602/1176
f 1574/1606/1180 1571/1603/1177 1575/1609/1183
f 1574/2308/1180 1577/2309/1186 1579/2310/1621
f 1573/1608/1182 1576/1611/1184 1575/1609/1183
f 1576/1611/1184 1574/2308/1180 1578/1612/1185
f 1575/1609/1183 1578/1612/1185 1577/1613/1186
f 1577/1613/1186 1581/2311/1622 1579/2312/1621
f 1580/1614/1187 1585/1615/1188 1581/2311/1622
f 1585/1615/1188 1578/1612/1185 1584/1617/1190
f 1581/2313/1622 1585/1622/1188 1579/2310/1621
f 1579/2310/1621 1585/1622/1188 1583/1618/1191
f 1584/1617/1190 1582/1616/1189 1587/1619/1192
f 1586/1623/1193 1584/1617/1190 1587/1619/1192
f 1587/1619/1192 1585/1622/1188 1588/1624/1195
f 1586/1623/1193 1587/1619/1192 1588/1624/1195
f 1585/1622/1188 1589/1621/1194 1588/1624/1195
f 1586/1620/1193 1592/1628/1199 1589/1621/1194
f 1591/1625/1196 1588/1624/1195 1594/1627/1198
f 1589/1621/1194 1595/1629/1200 1590/1626/1197
f 1594/1627/1198 1590/1626/1197 1597/1633/1203
f 1593/1632/1202 1596/2314/1201 1595/1629/1200
f 1600/1634/1204 1604/1636/1206 1599/1640/1210
f 1600/1634/1204 1601/1639/1209 1602/1635/1205
f 1601/1639/1209 1603/1638/1208 1602/1635/1205
f 1599/1640/1210 1604/1636/1206 1603/1641/1208
f 1602/1635/1205 1603/1638/1208 1605/1644/1211
f 1602/1635/1205 1606/2315/1623 1604/1636/1206
f 1602/1635/1205 1605/1644/1211 1606/2315/1623
f 1606/2315/1623 1605/1644/1211 1608/1646/1213
f 1605/1644/1211 1613/2316/1218 1610/1645/1212
f 1605/1644/1211 1609/1649/1215 1611/1651/1216
f 1613/2316/1218 1605/1644/1211 1612/1652/1217
f 1613/1653/1218 1616/1655/1219 1611/1651/1216
f 1612/1654/1217 1615/2317/1624 1616/1655/1219
f 1617/1657/1221 1614/1656/1220 1620/1661/1225
f 1615/2317/1624 1618/1662/1224 1616/1655/1219
f 1616/1655/1219 1621/1663/1226 1619/1658/1222
f 1618/1662/1224 1623/2318/1223 1621/1663/1226
f 1621/1663/1226 1622/1664/1227 1619/1658/1222
f 1621/1663/1226 1623/2318/1223 1622/1664/1227
f 1623/1659/1223 1624/2319/1625 1622/2320/1227
f 1620/1661/1225 1619/1658/1222 1625/1665/1228
f 1628/1672/1235 1629/1671/1234 1632/1670/1233
f 1628/1672/1235 1635/1673/1236 1627/1666/1229
f 1630/2321/1230 1634/2322/1626 1631/1669/1232
f 1627/1666/1229 1635/1673/1236 1633/1677/1240
f 1635/1673/1236 1632/1670/1233 1636/1675/1238
f 1635/1673/1236 1640/2323/1627 1639/1676/1239
f 1638/1681/1243 1642/1684/1242 1643/1682/1244
f 1640/2323/1627 1641/1678/1241 1639/1676/1239
f 1644/1683/1245 1637/1674/1237 1645/1686/1247
f 1639/1676/1239 1646/1687/1248 1642/1679/1242
f 1643/1682/1244 1649/1685/1246 1645/1686/1247
f 1641/1678/1241 1647/1688/1249 1646/1687/1248
f 1647/1688/1249 1644/1683/1245 1648/1689/1250
f 1646/2324/1248 1651/1693/1254 1650/1691/1252
f 1648/1689/1250 1654/1697/1257 1652/1690/1251
f 1651/1693/1254 1656/2325/1255 1653/1692/1253
f 1653/1692/1253 1656/2325/1255 1655/1701/1260
f 1652/1690/1251 1658/1698/1258 1657/1696/1256
f 1654/1697/1257 1659/1702/1261 1658/1698/1258
f 1656/2325/1255 1657/1699/1256 1655/1701/1260
f 1659/1702/1261 1661/1704/1263 1658/1698/1258
f 1659/1702/1261 1655/1701/1260 1660/1700/1259
f 1657/1699/1256 1658/2326/1258 1660/1700/1259
f 1658/1698/1258 1661/1704/1263 1663/1706/1265
f 1661/1704/1263 1659/1702/1261 1662/1703/1262
f 1658/2326/1258 1663/1707/1265 1660/1700/1259
f 1661/1704/1263 1668/2327/1628 1665/1705/1264
f 1663/1707/1265 1665/2328/1264 1664/1708/1266
f 1662/1703/1262 1660/1700/1259 1666/1709/1267
f 1661/1704/1263 1662/1703/1262 1666/1709/1267
f 1664/1708/1266 1667/1711/1269 1666/1709/1267
f 1665/2328/1264 1668/2329/1628 1664/1708/1266
f 1664/1708/1266 1668/2329/1628 1667/1711/1269
f 1668/2329/1628 1672/2330/1272 1667/1711/1269
f 1669/1710/1268 1666/1709/1267 1671/1715/1273
f 1667/1711/1269 1676/1721/1278 1670/1712/1270
f 1669/1710/1268 1675/1717/1275 1674/1716/1274
f 1671/1715/1273 1670/1712/1270 1676/1721/1278
f 1671/1715/1273 1676/1721/1278 1679/1723/1279
f 1674/1722/1274 1678/2331/1276 1677/1720/1277
f 1681/1724/1280 1684/1728/1284 1686/1732/1288
f 1687/2332/1289 1688/1731/1287 1692/1739/1292
f 1684/1728/1284 1682/1727/1283 1691/1730/1286
f 1683/2333/1281 1687/1733/1289 1685/1729/1285
f 1684/1728/1284 1691/1730/1286 1688/1731/1287
f 1687/1733/1289 1694/1737/1293 1693/1735/1291
f 1689/1738/1294 1690/1734/1290 1693/1735/1291
f 1689/1738/1294 1695/1740/1295 1692/1739/1292
f 1692/1739/1292 1695/1740/1295 1697/1742/1297
f 1692/1736/1292 1696/1743/1298 1694/1737/1293
f 1692/1736/1292 1697/2334/1297 1696/1743/1298
f 1695/1740/1295 1698/1745/1300 1700/1741/1296
f 1695/1740/1295 1693/1735/1291 1698/1745/1300
f 1698/1745/1300 1704/1748/1303 1701/1746/1301
f 1696/1743/1298 1703/1749/1304 1699/1744/1299
f 1702/1747/1302 1699/1744/1299 1705/1750/1305
f 1703/1749/1304 1710/1753/1306 1705/1750/1305
f 1706/1752/1307 1702/1747/1302 1708/1760/1313
f 1708/1760/1313 1709/1754/1308 1713/1761/1314
f 1711/1762/1310 1714/2335/1312 1712/1758/1311
f 1712/1758/1311 1720/1770/1322 1713/1761/1314
f 1715/1763/1315 1718/1767/1319 1721/1766/1318
f 1715/1763/1315 1719/1769/1321 1718/1767/1319
f 1715/1763/1315 1716/1764/1316 1719/1769/1321
f 1717/2336/1317 1721/1773/1318 1720/1770/1322
f 1719/1769/1321 1723/1771/1323 1718/1767/1319
f 1723/1771/1323 1720/1770/1322 1726/1776/1326
f 1722/1775/1320 1725/2337/1324 1724/1774/1325
f 1727/1782/1332 1735/1781/1331 1734/2338/1333
f 1731/1777/1327 1734/1784/1333 1733/1778/1328
f 1729/1786/1335 1736/1785/1334 1728/1780/1330
f 1732/1787/1336 1733/1778/1328 1737/1789/1338
f 1738/1788/1337 1732/1787/1336 1739/1790/1339
f 1742/1793/1340 1739/1790/1339 1740/1794/1341
f 1736/1792/1334 1743/1798/1345 1739/1790/1339
f 1736/1792/1334 1741/2339/1344 1743/1798/1345
f 1741/2339/1344 1747/2340/1343 1743/1798/1345
f 1746/1795/1342 1740/1794/1341 1744/1800/1347
f 1743/1798/1345 1747/2340/1343 1745/1799/1346
f 1746/1795/1342 1749/1801/1348 1748/1802/1349
f 1747/2340/1343 1750/1807/1350 1745/1799/1346
f 1749/1801/1348 1751/1804/1351 1748/1802/1349
f 1744/1800/1347 1745/1799/1346 1750/1807/1350
f 1744/1800/1347 1752/1808/1353 1751/1804/1351
f 1752/1808/1353 1750/1807/1350 1755/1810/1355
f 1748/1805/1349 1756/1813/1354 1753/1806/1352
f 1756/1813/1354 1758/1816/1360 1761/1814/1358
f 1754/1811/1356 1760/2341/1629 1762/1815/1359
f 1763/1819/1363 1761/1814/1358 1765/1817/1361
f 1762/1820/1359 1766/1823/1366 1767/1821/1364
f 1767/1821/1364 1771/1824/1367 1770/1822/1365
f 1771/1824/1367 1772/2342/1369 1773/1828/1370
f 1768/1825/1368 1774/2343/1630 1772/1826/1369
f 1769/2344/1631 1770/1822/1365 1775/1829/1371
f 1777/1833/1375 1778/2345/1632 1782/1838/1378
f 1780/1831/1373 1782/1838/1378 1781/1836/1376
f 1777/1833/1375 1782/1838/1378 1784/1837/1377
f 1782/1838/1378 1783/1842/1381 1786/1839/1379
f 1784/1837/1377 1786/1839/1379 1785/2346/1384
f 1783/1842/1381 1780/1831/1373 1787/1841/1380
f 1783/1842/1381 1788/1844/1383 1786/1839/1379
f 1784/1840/1377 1790/1846/1385 1787/1841/1380
f 1785/1845/1384 1792/1851/1390 1790/1846/1385
f 1786/1839/1379 1788/1844/1383 1791/2347/1388
f 1789/1843/1382 1787/1841/1380 1790/1846/1385
f 1793/1847/1386 1790/1846/1385 1794/1854/1393
f 1790/1846/1385 1792/1851/1390 1794/1854/1393
f 1792/1851/1390 1797/1850/1389 1794/1854/1393
f 1791/1849/1388 1795/2348/1633 1797/1850/1389
f 1796/1848/1387 1798/1852/1391 1795/2349/1633
f 1798/1852/1391 1793/1847/1386 1802/1855/1394
f 1795/2348/1633 1799/2350/1634 1797/1850/1389
f 1798/1852/1391 1802/1855/1394 1801/2351/1635
f 1799/2350/1634 1801/2352/1635 1804/1860/1399
f 1801/2351/1635 1808/1862/1401 1805/2353/1403
f 1803/1856/1395 1804/1860/1399 1809/1859/1398
f 1806/1857/1396 1803/1856/1395 1810/1863/1402
f 1806/1857/1396 1812/1866/1404 1811/1861/1400
f 1810/1863/1402 1809/1859/1398 1813/1869/1406
f 1811/1867/1400 1815/1871/1408 1813/1869/1406
f 1811/1867/1400 1814/2354/1405 1815/1871/1408
f 1812/1866/1404 1821/1875/1412 1816/1870/1407
f 1812/1866/1404 1819/1873/1410 1821/1875/1412
f 1815/1871/1408 1820/1878/1414 1818/1872/1409
f 1820/1878/1414 1822/1877/1413 1818/1872/1409
f 1816/2355/1407 1821/1876/1412 1820/1878/1414
f 1817/2356/1636 1818/1872/1409 1824/1879/1415
f 1821/1876/1412 1823/2357/1411 1822/1877/1413
f 1826/1880/1416 1830/1891/1420 1829/1881/1417
f 1826/1880/1416 1827/2358/1637 1832/1892/1425
f 1832/1892/1425 1829/1884/1417 1834/1888/1422
f 1832/1892/1425 1837/1893/1426 1831/1889/1423
f 1837/1893/1426 1841/1900/1432 1836/1894/1427
f 1835/1895/1424 1840/2359/1429 1838/1896/1428
f 1836/1894/1427 1841/1900/1432 1839/1898/1430
f 1841/1900/1432 1837/1893/1426 1843/1901/1433
f 1838/1896/1428 1840/2359/1429 1842/1902/1434
f 1841/1900/1432 1846/1904/1436 1845/1899/1431
f 1840/2359/1429 1845/1906/1431 1842/1902/1434
f 1843/1901/1433 1849/1905/1437 1846/1904/1436
f 1844/1903/1435 1842/1902/1434 1847/1907/1438
f 1845/1906/1431 1848/1911/1439 1847/1907/1438
f 1849/1905/1437 1852/1910/1441 1850/1909/1440
f 1852/1910/1441 1844/1903/1435 1853/1913/1443
f 1844/1903/1435 1847/1907/1438 1853/1913/1443
f 1852/1910/1441 1858/1923/1451 1855/1917/1445
f 1852/1910/1441 1857/1921/1449 1858/1923/1451
f 1854/1916/1444 1855/2360/1445 1859/1918/1446
f 1857/1921/1449 1856/1919/1447 1860/1920/1448
f 1858/2361/1451 1863/1928/1450 1861/1925/1453
f 1860/1920/1448 1859/1918/1446 1862/1926/1454
f 1860/1920/1448 1866/1927/1455 1857/1921/1449
f 1861/1925/1453 1865/1929/1456 1862/1926/1454
f 1866/1927/1455 1862/1926/1454 1868/1932/1458
f 1864/1930/1452 1867/1935/1460 1865/1929/1456
f 1865/1929/1456 1873/1936/1461 1869/1931/1457
f 1867/1935/1460 1874/1943/1459 1873/1936/1461
f 1866/1927/1455 1871/1938/1463 1870/1937/1462
f 1871/1938/1463 1868/1932/1458 1872/1940/1465
f 1874/1943/1459 1875/1942/1466 1873/1936/1461
f 1872/1940/1465 1873/1936/1461 1877/1944/1467
f 1870/1941/1462 1876/2362/1464 1875/1942/1466
f 1880/2363/1475 1878/1945/1468 1882/2364/1476
f 1878/1945/1468 1879/1947/1470 1882/2364/1476
f 1880/2363/1475 1882/2364/1476 1881/2365/1473
f 1878/1945/1468 1887/2366/1482 1886/2367/1484
f 1878/1945/1468 1880/2363/1475 1887/2366/1482
f 1880/1952/1475 1889/1951/1474 1888/1967/127
f 1881/1950/1473 1890/73/1477 1889/1951/1474
f 1882/1953/1476 1891/1957/1478 1890/1954/1477
f 1879/1956/1470 1892/1959/1479 1891/1957/1478
f 1883/1958/1471 1893/1961/1480 1892/1959/1479
f 1884/1960/1469 1894/1963/1481 1893/1961/1480
f 1885/1962/1472 1895/2368/1638 1894/1963/1481
f 1887/1964/1482 1888/1967/127 1897/1965/1483
f 1890/1972/20 1900/2369/20 1899/1971/20
f 1890/1972/20 1891/2370/20 1900/2369/20
f 1895/2371/20 1896/1973/20 1904/1975/20
f 1914/2372/20 1915/1980/20 1916/2373/20
f 1915/1980/20 1917/1979/20 1916/2373/20
f 1921/1981/20 1922/2374/20 1920/1982/20
f 1921/1981/20 1923/2375/20 1922/2374/20
f 1923/2375/20 1924/2376/20 1922/2374/20
f 1924/2376/20 1925/2377/20 1922/2374/20
f 1926/2378/20 1928/2379/20 1927/2380/20
f 1928/2379/20 1929/2381/20 1927/2380/20
f 1928/2379/20 1914/2372/20 1929/2381/20
f 1914/2372/20 1916/2373/20 1929/2381/20
f 1898/1996/1493 1915/1995/1492 1914/2019/1518
f 1908/1993/1494 1916/1992/1639 1917/2382/1495
f 1900/2002/1640 1919/2001/1641 1918/2383/1642
f 1901/2000/1497 1921/2004/1643 1919/2001/1498
f 1910/2005/1503 1920/2384/1644 1922/2006/1504
f 1902/2003/1500 1923/2009/1645 1921/2004/1501
f 1903/2008/1505 1924/2011/1646 1923/2009/1506
f 1912/2012/1485 1925/2385/1647 1927/2013/1511
f 1905/2017/1514 1928/2016/1513 1926/2386/1648
f 1913/2014/1515 1927/2013/1649 1929/2018/1516
f 1906/2015/1512 1914/2019/1650 1928/2016/1513
f 1907/1991/1488 1929/2018/1651 1916/1992/1489
f 1/10/3 12/9/9 22/27/19 11/26/7
f 13/2027/20 24/2029/20 23/2387/20 12/2388/20
f 25/2031/20 24/2029/20 14/2028/20 15/2030/20
f 19/35/20 28/34/20 27/32/20 18/31/20
f 23/2387/20 30/2033/20 22/2034/20 12/2388/20
f 41/41/20 42/44/20 43/43/20 40/40/20
f 50/2389/20 47/47/20 48/2035/20 49/2390/20
f 37/39/20 38/38/20 50/2389/20 49/2390/20
f 24/2391/1652 39/2392/1653 37/2393/1654 23/2394/1655
f 31/2395/22 38/2396/1656 40/2397/24 32/2398/21
f 25/2399/1657 41/2400/1658 39/2401/1653 24/2402/1652
f 42/2036/1523 41/2400/1658 25/2399/1657 26/61/31
f 46/2403/1659 44/60/30 27/59/29 28/2404/1660
f 45/2037/1524 47/2405/1661 35/2406/1662 34/58/28
f 29/2407/1663 48/2408/1664 46/2403/1659 28/2404/1660
f 30/2409/1665 49/2410/1666 48/2408/1664 29/2407/1663
f 35/2406/1662 47/2405/1661 50/2411/1667 36/2412/23
f 23/2394/1655 37/2393/1654 49/2410/1666 30/2409/1665
f 36/2412/23 50/2411/1667 38/2396/1656 31/2395/22
f 56/2413/35 65/2414/1668 64/2041/1525 55/75/43
f 52/2415/36 66/2416/1669 65/2414/1668 56/2413/35
f 57/80/37 67/79/45 66/2416/1669 52/2415/36
f 59/2417/39 69/2418/1670 68/2042/1526 58/78/32
f 60/82/38 70/81/46 69/2418/1670 59/2417/39
f 63/89/20 73/88/20 72/86/20 62/83/20
f 74/2419/20 73/88/20 64/87/20 65/2420/20
f 65/2420/20 66/2043/20 75/92/20 74/2419/20
f 71/84/20 78/95/20 70/2044/20 61/85/20
f 88/102/20 89/101/20 87/98/20 86/97/20
f 92/106/20 93/105/20 91/103/20 90/100/20
f 79/140/48 87/2047/1527 89/2421/1531 80/2422/47
f 90/2423/1671 88/2424/51 72/2425/50 73/2426/1672
f 74/2427/1673 92/2428/1674 90/2423/1671 73/2426/1672
f 94/2050/1534 92/2428/1674 74/2427/1673 75/131/1532
f 99/2051/1536 101/139/70 85/138/49 84/133/63
f 71/121/1528 86/2048/1530 102/2052/1538 78/136/67
f 104/2429/71 115/2430/1675 114/2431/1676 103/2432/72
f 105/2433/75 116/2434/1677 115/2430/1675 104/2429/71
f 106/2435/73 117/2436/1678 116/2437/1677 105/2438/75
f 118/2055/1539 117/2436/1678 106/2435/73 107/152/80
f 121/2439/1679 120/154/82 109/153/81 110/2440/77
f 111/2441/76 122/2442/1680 121/2439/1679 110/2440/77
f 112/2443/78 123/2444/1670 122/2442/1680 111/2441/76
f 113/2445/74 124/2446/1681 123/2444/1670 112/2443/78
f 103/2432/72 114/2431/1676 124/2446/1681 113/2445/74
f 115/158/20 116/2447/20 127/2448/20 126/156/20
f 117/2056/20 128/2057/20 127/2448/20 116/2447/20
f 120/162/20 121/2449/20 131/2450/20 130/163/20
f 122/166/20 132/165/20 131/2450/20 121/2449/20
f 124/2058/20 114/155/20 125/157/20 133/167/20
f 149/176/20 146/173/20 147/2059/20 148/174/20
f 155/2451/20 152/2060/20 153/2061/20 154/2452/20
f 142/169/20 155/2451/20 154/2452/20 141/170/20
f 134/2453/84 142/2454/1682 144/2455/1683 135/2456/83
f 145/2457/1684 143/2458/90 127/2459/89 128/2460/1685
f 144/2461/1683 146/191/93 136/190/92 135/2462/83
f 147/2062/1523 145/2457/1684 128/2460/1685 129/195/95
f 151/2463/1686 148/194/30 130/193/29 131/2464/1687
f 138/197/98 150/196/97 152/2465/1688 139/2466/1689
f 153/2064/1545 151/2463/1686 131/2464/1687 132/200/1543
f 139/2466/1689 152/2465/1688 155/2467/1690 140/2468/85
f 125/187/88 141/186/87 154/199/100 133/198/99
f 140/2468/85 155/2467/1690 142/2454/1682 134/2453/84
f 156/203/3 162/202/11 161/2469/2 160/2470/8
f 163/220/105 171/2067/1521 170/2066/1520 162/215/11
f 174/2068/272 173/222/16 157/221/15 165/225/104
f 156/212/3 167/211/9 177/229/19 166/228/7
f 168/2069/20 179/2071/20 178/2471/20 167/2472/20
f 180/2073/20 179/2071/20 169/2070/20 170/2072/20
f 174/237/20 183/236/20 182/234/20 173/233/20
f 178/2471/20 185/2075/20 177/2076/20 167/2472/20
f 204/250/20 201/247/20 202/248/20 203/251/20
f 192/2473/108 206/2474/1691 194/2475/1692 186/2476/107
f 186/2476/107 194/2475/1692 196/2456/1693 187/2477/106
f 180/2478/1694 197/2479/1695 195/2480/1546 179/2481/109
f 196/2482/1693 198/264/113 188/263/112 187/2483/106
f 199/2078/1523 197/2479/1695 180/2478/1694 181/268/31
f 202/2484/1659 200/267/30 182/266/29 183/2485/1660
f 184/2486/1663 203/2487/1664 202/2484/1659 183/2485/1660
f 190/270/116 201/269/115 204/2488/1696 191/2489/1697
f 185/2490/1698 205/2491/1699 203/2487/1664 184/2486/1663
f 191/2489/1697 204/2488/1696 206/2474/1691 192/2473/108
f 178/262/111 193/261/110 205/2491/1699 185/2490/1698
f 220/2492/1700 219/280/125 208/279/123 209/2493/122
f 210/2494/121 221/2495/1701 220/2496/1700 209/2497/122
f 211/2498/124 222/2499/1702 221/2495/1701 210/2494/121
f 212/2500/1548 223/2501/1703 222/2499/1702 211/2498/124
f 213/2502/117 224/2503/1704 223/2501/1703 212/2500/1548
f 214/2504/1547 225/2505/1705 224/2503/1704 213/2502/117
f 215/2506/1549 226/2507/1706 225/2505/1705 214/2504/1547
f 227/2082/1550 226/2507/1706 215/2506/1549 216/284/119
f 222/2087/20 223/2508/20 233/2509/20 232/2086/20
f 224/292/20 234/291/20 233/2509/20 223/2508/20
f 237/2510/20 236/2088/20 227/2089/20 228/2511/20
f 218/2083/20 229/2084/20 237/2510/20 228/2511/20
f 250/298/20 251/2512/20 252/2513/20 249/299/20
f 253/303/20 254/302/20 252/2513/20 251/2512/20
f 257/306/20 254/302/20 255/301/20 256/2090/20
f 230/2514/1707 248/2515/1708 245/2093/1555 229/323/138
f 247/2091/1552 249/2516/1709 239/2517/128 238/317/129
f 231/2518/1710 250/2519/1711 248/2520/1708 230/2521/1707
f 232/2522/1712 251/2523/1713 250/2519/1711 231/2518/1710
f 239/2524/128 249/2525/1709 252/2092/1553 240/318/132
f 233/2526/1714 253/2527/1715 251/2523/1713 232/2522/1712
f 234/2528/1716 255/2529/1717 253/2527/1715 233/2526/1714
f 235/2530/1718 256/2531/1719 255/2529/1717 234/2528/1716
f 241/320/134 254/319/133 257/2532/1720 242/2533/1721
f 236/2534/1722 258/2535/1723 256/2531/1719 235/2530/1718
f 257/2532/1720 259/322/136 243/321/135 242/2533/1721
f 237/325/140 260/324/139 258/2535/1723 236/2534/1722
f 264/328/143 266/333/146 265/332/145 263/2094/1556
f 272/345/149 276/344/157 271/339/152 270/2095/150
f 269/334/147 273/338/151 275/342/155 268/335/148
f 277/341/154 280/348/158 272/336/149 275/342/155
f 304/2536/178 310/378/184 309/380/188 302/371/180
f 279/343/156 273/338/151 274/340/153
f 287/2097/1557 285/2098/1558 288/358/168
f 307/373/182 313/377/186 311/2537/187 305/372/181
f 310/375/184 305/372/181 311/2537/187
f 315/388/192 316/385/193 311/379/187 313/2538/186
f 314/382/190 312/381/189 311/379/187
f 316/385/193 319/387/195 318/391/197 314/382/190
f 324/394/200 327/398/204 322/392/198 319/387/195
f 320/389/196 326/396/202 325/395/201 317/386/194
f 325/395/201 330/401/205 328/397/203 324/394/200
f 349/428/227 353/433/230 355/435/232 351/426/226
f 329/405/208 330/401/205 325/395/201
f 379/465/253 382/467/258 377/460/252 374/459/247
f 354/2108/228 355/435/232 357/434/231
f 366/441/237 363/440/236 367/447/243
f 407/2539/281 410/2117/1562 406/2116/1561 403/2115/277
f 390/2112/264 385/2540/263 386/474/265
f 401/491/278 398/487/271 406/2116/1561
f 411/2118/282 412/500/287 410/2117/1562 407/2539/281
f 421/508/294 418/505/291 419/514/289 422/509/295
f 418/505/291 415/2120/1563 416/506/292
f 422/509/295 429/518/302 428/517/301 423/510/296
f 432/521/304 431/524/306 426/516/300 424/513/298
f 427/515/299 428/517/301 430/519/303
f 444/2125/314 447/539/318 440/533/313 437/531/312
f 435/528/310 434/2122/1564 441/532/308
f 453/546/324 456/545/323 455/551/328 452/2126/1565
f 474/574/346 478/578/348 477/579/349 473/573/345
f 469/567/340 467/565/338 468/570/339
f 476/576/347 473/573/345 477/579/349
f 486/2131/1567 492/593/362 490/2541/356 485/2542/358
f 479/580/350 477/579/349 480/581/351
f 480/581/351 477/579/349 478/578/348
f 480/581/351 478/578/348 476/577/347
f 500/601/370 504/608/377 503/604/373 501/602/371
f 492/593/362 486/2131/1567 491/591/360
f 502/603/372 499/599/368 501/602/371
f 505/2134/369 504/608/377 500/601/370 496/2133/365
f 502/2543/372 506/609/374 507/606/375 505/2134/369
f 504/608/377 508/607/376 506/605/374 503/604/373
f 519/2137/1568 524/627/393 522/2544/388 518/2545/391
f 510/611/379 508/607/376 513/616/384
f 525/626/392 530/628/394 527/2546/397 526/2138/395
f 531/633/399 528/630/396 533/634/400 532/639/404
f 532/639/404 534/636/401 536/2140/1569 535/637/402
f 534/636/401 530/635/394 531/643/399
f 535/637/402 536/2140/1569 539/644/408 542/646/410
f 531/643/399 540/642/407 539/644/408 536/2140/1569
f 7/18/14 16/2026/1521 15/2025/1520 6/13/11
f 551/2142/1570 553/653/415 549/652/414
f 556/662/422 555/664/424 558/660/420 554/661/421
f 557/666/426 561/668/428 563/665/425 556/662/422
f 569/2547/433 573/679/437 571/681/439 568/671/430
f 575/684/442 574/682/440 572/678/436 570/677/435
f 571/681/439 576/680/438 575/684/442 570/677/435
f 620/2548/1724 622/2549/1724 623/691/448 621/690/447
f 624/692/449 625/2151/1572 627/2550/1725 626/2551/1725
f 627/2550/1725 629/2552/1726 628/2553/1726 626/2551/1725
f 628/2553/1726 629/2552/1726 631/2554/1727 630/2555/1728
f 630/2555/1728 631/2554/1727 633/2556/1729 632/2557/1729
f 633/2556/1729 635/2558/1730 634/2559/1731 632/2557/1729
f 634/2559/1731 635/2558/1730 637/2560/1732 636/2561/1733
f 636/2561/1733 637/2560/1732 639/2562/1734 638/2563/1735
f 638/2563/1735 639/2562/1734 641/2152/1573 640/693/450
f 644/2153/1574 646/697/454 645/696/453 643/695/452
f 647/698/455 646/697/454 649/2564/1736 648/2565/1737
f 648/2565/1737 649/2564/1736 651/2566/1738 650/2567/1739
f 650/2567/1739 651/2566/1738 653/2568/1740 652/2569/1741
f 652/2570/1741 653/2571/1740 655/2572/1742 654/2573/1742
f 655/2572/1742 622/2549/1724 620/2548/1724 654/2573/1742
f 602/699/456 601/2574/1743 582/2575/1743 583/700/457
f 604/2576/1744 603/2154/1575 584/701/458 585/2577/1744
f 604/2576/1744 585/2577/1744 586/2578/1745 605/2579/1745
f 606/2580/1746 605/2579/1745 586/2578/1745 587/2581/1747
f 607/2582/1748 606/2580/1746 587/2581/1747 588/2583/1748
f 607/2582/1748 588/2583/1748 589/2584/1749 608/2585/1749
f 609/2586/1750 608/2585/1749 589/2584/1749 590/2587/1751
f 610/2588/1752 609/2586/1750 590/2587/1751 591/2589/1752
f 610/2588/1752 591/2589/1752 592/2590/1753 611/2591/1753
f 611/2591/1753 592/2590/1753 593/703/460 612/702/459
f 613/2155/1576 594/704/461 595/2592/1754 614/2593/1754
f 614/2593/1754 595/2592/1754 596/2594/1755 615/2595/1755
f 616/2596/1756 615/2595/1755 596/2594/1755 597/2597/1757
f 617/2598/1758 616/2596/1756 597/2597/1757 598/2599/1759
f 618/2600/1760 617/2598/1758 598/2599/1759 599/2601/1761
f 619/2602/1762 618/2600/1760 599/2601/1761 600/2603/1762
f 619/2604/1762 600/2605/1762 582/2575/1743 601/2574/1743
f 583/2606/103 582/2607/103 620/2608/103 621/2609/103
f 602/2610/20 623/2611/20 622/2612/20 601/2613/20
f 584/2614/103 583/2606/103 621/2609/103 624/2615/103
f 602/2610/20 603/2616/20 625/2617/20 623/2611/20
f 584/2614/103 624/2615/103 626/2618/103 585/2619/103
f 603/2616/20 604/2620/20 627/2621/20 625/2617/20
f 586/2622/103 585/2619/103 626/2618/103 628/2623/103
f 605/2624/20 629/2625/20 627/2621/20 604/2620/20
f 587/2626/103 586/2622/103 628/2623/103 630/2627/103
f 606/2628/20 631/2629/20 629/2625/20 605/2624/20
f 587/2626/103 630/2627/103 632/2630/103 588/2631/103
f 606/2628/20 607/2632/20 633/2633/20 631/2629/20
f 589/2634/103 588/2631/103 632/2630/103 634/2635/103
f 608/2636/20 635/2637/20 633/2633/20 607/2632/20
f 590/2638/103 589/2634/103 634/2635/103 636/2639/103
f 609/2640/20 637/2641/20 635/2637/20 608/2636/20
f 590/2638/103 636/2639/103 638/2642/103 591/2643/103
f 609/2640/20 610/2644/20 639/2645/20 637/2641/20
f 638/2642/103 640/2158/103 592/2157/103 591/2643/103
f 610/2644/20 611/2646/20 641/2647/20 639/2645/20
f 612/2648/20 642/2649/20 641/2647/20 611/2646/20
f 593/2156/103 640/2158/103 643/2650/103 594/2651/103
f 612/2648/20 613/2652/20 644/2653/20 642/2649/20
f 594/2651/103 643/2650/103 645/2654/103 595/2655/103
f 614/707/20 646/706/20 644/2653/20 613/2652/20
f 596/2656/103 595/2655/103 645/2654/103 647/2657/103
f 596/2656/103 647/2657/103 648/2658/103 597/2659/103
f 649/2660/20 646/706/20 615/705/20 616/2661/20
f 597/2659/103 648/2658/103 650/2662/103 598/2663/103
f 616/2661/20 617/2664/20 651/2665/20 649/2660/20
f 599/2666/103 598/2663/103 650/2662/103 652/2667/103
f 618/2668/20 653/2669/20 651/2665/20 617/2664/20
f 599/2666/103 652/2667/103 654/2670/103 600/2671/103
f 619/2672/20 655/2673/20 653/2669/20 618/2668/20
f 600/2671/103 654/2670/103 620/2608/103 582/2607/103
f 619/2672/20 601/2613/20 622/2612/20 655/2673/20
f 658/714/467 660/715/468 663/721/473 657/711/465
f 673/725/477 678/2160/485 668/720/472 670/723/475
f 666/717/469 665/722/474 663/721/473
f 679/736/487 675/2674/483 678/2160/485 674/730/481
f 676/731/482 677/729/480 681/733/484 680/737/488
f 683/2675/489 685/741/492 675/732/483 682/2162/486
f 687/740/491 686/743/494 683/738/489 680/737/488
f 687/740/491 684/739/490 690/746/496 689/748/498
f 693/755/497 692/751/501 688/742/493 691/2163/495
f 688/742/493 697/752/502 696/2164/1577 690/746/496
f 697/752/502 701/760/508 700/759/507 696/2164/1577
f 709/771/517 716/775/521 714/777/523 708/2676/1763
f 714/2167/523 715/773/519 711/770/516 708/2677/1763
f 713/768/514 719/779/525 718/772/518 712/769/515
f 722/782/528 731/786/531 728/2169/534 720/778/524
f 734/791/536 733/2678/540 730/2170/535 731/786/531
f 730/790/535 733/796/540 732/792/537 726/785/530
f 733/796/540 737/795/539 736/793/538 732/792/537
f 735/797/541 734/791/536 736/793/538
f 749/2679/552 751/2680/1764 745/808/551 746/2171/549
f 748/811/553 745/808/551 751/2680/1764 750/813/555
f 752/2172/554 755/820/561 751/2680/1764 749/2679/552
f 753/814/556 756/817/559 752/812/554 747/807/550
f 751/2680/1764 755/820/561 754/815/557 750/813/555
f 754/815/557 760/821/562 759/2174/1578 753/814/556
f 764/830/570 766/829/569 765/826/567 763/825/566
f 768/831/571 773/832/572 772/2681/573 767/823/564
f 787/857/593 792/858/594 793/856/592 786/850/587
f 779/840/579 774/839/578 780/844/582
f 783/847/584 777/841/580 781/846/583
f 785/2176/1579 787/857/593 784/849/586
f 795/861/596 797/865/599 793/856/592 792/858/594
f 809/883/613 813/884/614 812/885/615 808/878/609
f 818/889/619 820/895/623 815/886/616 812/885/615
f 831/2180/632 834/914/634 832/909/633 827/906/630
f 831/908/632 829/905/629 834/910/634
f 836/912/636 833/911/635 838/917/640 840/920/643
f 840/920/643 842/922/645 843/916/639 836/912/636
f 838/917/640 844/923/646 846/924/647 840/920/643
f 845/2182/644 848/931/653 843/2181/639 842/2682/645
f 848/931/653 847/926/649 841/919/642 843/2181/639
f 856/938/659 859/937/658 858/939/660 855/2184/1580
f 871/952/670 869/957/672 870/947/666 867/948/667
f 862/940/661 854/933/655 858/939/660
f 863/942/663 861/941/662 864/949/664
f 876/2683/675 879/963/678 875/961/673 871/2684/670
f 878/962/677 881/964/679 883/968/682 877/960/676
f 882/969/683 883/968/682 885/973/686 886/974/687
f 888/2685/689 890/977/688 894/979/691 889/2186/684
f 887/972/685 893/981/693 892/980/692 885/973/686
f 894/979/691 893/981/693 887/972/685 889/2186/684
f 891/983/695 895/985/697 897/2686/690 890/975/688
f 903/994/704 906/993/703 905/995/705 902/2188/1582
f 919/1010/717 928/1014/720 924/1015/721 921/2192/1584
f 908/997/706 911/2189/1583 915/1004/710
f 918/1009/716 917/1008/715 920/2687/714
f 948/1042/743 952/1046/747 943/1036/739 944/1037/740
f 947/1039/742 943/1036/739 952/1046/747
f 948/1042/743 945/1038/741 949/2198/1586 951/1044/745
f 946/1026/730 950/1043/744 949/2198/1586 945/1038/741
f 949/2198/1586 950/1043/744 952/2197/747 953/1051/751
f 960/1053/753 963/1057/757 962/1055/755 959/1054/754
f 953/1051/751 955/1047/748 951/1044/745
f 962/2202/755 964/2201/1587 961/1056/756 958/2200/752
f 963/1057/757 966/1059/759 965/1058/758 962/1055/755
f 985/1087/781 984/1081/777 982/1082/774 980/2205/775
f 988/1088/782 984/1081/777 991/1090/784 990/1093/786
f 988/1088/782 983/1080/776 984/1081/777
f 992/1089/783 988/1088/782 990/1093/786
f 996/1095/788 997/2688/1588 995/2207/789 993/1094/787
f 991/1090/784 989/1086/780 992/1091/783
f 992/1089/783 990/1093/786 993/1094/787
f 994/1092/785 992/1091/783 995/1096/789
f 1009/1109/800 1007/1107/798 1010/1110/801 1012/1115/805
f 1022/1126/815 1020/2689/816 1018/2212/810 1013/1116/806
f 1033/2690/823 1032/2214/1589 1030/1131/819 1027/2691/1765
f 1033/1135/823 1027/2692/1765 1028/1134/822
f 1035/1138/825 1034/1140/827 1031/1132/820 1032/2214/1589
f 1039/2217/1590 1042/2218/829 1041/1145/832 1036/1139/826
f 1038/1141/828 1033/1135/823 1040/1143/830
f 1051/2693/838 1055/1164/848 1046/1149/835 1048/2219/839
f 1047/1151/836 1052/1157/842 1054/1158/843 1049/1152/837
f 1053/1160/840 1056/1162/846 1055/1164/848 1051/2693/838
f 1066/2694/862 1065/2695/859 1064/1202/857 1067/1167/851
f 1071/2226/1592 1070/2696/1766 1061/2697/852 1060/2224/849
f 1066/1180/862 1076/1179/861 1075/1177/860 1065/1176/859
f 1068/2698/1591 1078/2699/1767 1077/2227/1593 1067/1178/851
f 1069/2700/850 1079/2701/1768 1078/2699/1767 1068/2698/1591
f 1061/2697/852 1070/2696/1766 1079/2701/1768 1069/2700/850
f 1071/1181/20 1072/1186/20 1081/1185/20 1080/1182/20
f 1075/1188/20 1076/2702/20 1084/2703/20 1083/2228/20
f 1085/2704/20 1084/2703/20 1076/2702/20 1077/2705/20
f 1077/2705/20 1078/2706/20 1086/2707/20 1085/2704/20
f 1087/1190/20 1086/2707/20 1078/2706/20 1079/1191/20
f 1098/1196/20 1099/2229/20 1100/2230/20 1097/1195/20
f 1107/2708/20 1104/1200/20 1105/1201/20 1106/2709/20
f 1095/1193/20 1107/2708/20 1106/2709/20 1094/1194/20
f 1088/2710/864 1095/2711/1769 1097/2712/1770 1089/2713/863
f 1089/2714/863 1097/2715/1770 1100/2716/1771 1090/2717/1772
f 1083/2718/1773 1101/2719/1774 1099/2232/1596 1082/1212/869
f 1090/2717/1772 1100/2716/1771 1102/2720/1775 1091/2721/1776
f 1084/1217/874 1103/1216/873 1101/2719/1774 1083/2718/1773
f 1091/2721/1776 1102/2720/1775 1104/2722/1777 1092/2723/1778
f 1092/2723/1778 1104/2722/1777 1107/2724/1779 1093/2725/865
f 1093/2725/865 1107/2724/1779 1095/2711/1769 1088/2710/864
f 1146/2726/1724 1148/2727/1724 1149/1224/448 1147/1223/447
f 1150/1225/449 1151/2233/1572 1153/2728/1725 1152/2729/1725
f 1153/2728/1725 1155/2730/1726 1154/2731/1726 1152/2729/1725
f 1154/2731/1726 1155/2730/1726 1157/2732/1727 1156/2733/1728
f 1156/2733/1728 1157/2732/1727 1159/2734/1729 1158/2735/1729
f 1159/2734/1729 1161/2736/1731 1160/2737/1731 1158/2735/1729
f 1160/2737/1731 1161/2736/1731 1163/2738/1732 1162/2739/1733
f 1162/2739/1733 1163/2738/1732 1165/2740/1734 1164/2741/1735
f 1164/2741/1735 1165/2740/1734 1167/2234/1573 1166/1226/450
f 1170/2235/1574 1172/1230/884 1171/1229/453 1169/1228/452
f 1173/1231/455 1172/1230/884 1175/2742/1736 1174/2743/1737
f 1174/2743/1737 1175/2742/1736 1177/2744/1739 1176/2745/1739
f 1176/2745/1739 1177/2744/1739 1179/2746/1740 1178/2747/1741
f 1178/2748/1741 1179/2749/1740 1181/2750/1742 1180/2751/1742
f 1181/2750/1742 1148/2727/1724 1146/2726/1724 1180/2751/1742
f 1128/1232/885 1127/2752/1743 1108/2753/1743 1109/1233/457
f 1130/2754/1744 1129/2236/1600 1110/1234/886 1111/2755/1744
f 1130/2754/1744 1111/2755/1744 1112/2756/1745 1131/2757/1745
f 1132/2758/1746 1131/2757/1745 1112/2756/1745 1113/2759/1780
f 1133/2760/1748 1132/2758/1746 1113/2759/1780 1114/2761/1748
f 1133/2760/1748 1114/2761/1748 1115/2762/1749 1134/2763/1749
f 1135/2764/1750 1134/2763/1749 1115/2762/1749 1116/2765/1751
f 1136/2766/1752 1135/2764/1750 1116/2765/1751 1117/2767/1752
f 1136/2766/1752 1117/2767/1752 1118/2768/1753 1137/2769/1753
f 1137/2769/1753 1118/2768/1753 1119/1236/460 1138/1235/459
f 1139/2237/1576 1120/1237/461 1121/2770/1754 1140/2771/1754
f 1140/2771/1754 1121/2770/1754 1122/2772/1755 1141/2773/1755
f 1142/2774/1756 1141/2773/1755 1122/2772/1755 1123/2775/1757
f 1143/2776/1758 1142/2774/1756 1123/2775/1757 1124/2777/1759
f 1144/2778/1760 1143/2776/1758 1124/2777/1759 1125/2779/1761
f 1145/2780/1762 1144/2778/1760 1125/2779/1761 1126/2781/1762
f 1145/2782/1762 1126/2783/1762 1108/2753/1743 1127/2752/1743
f 1109/2784/103 1108/2785/103 1146/2786/103 1147/2787/103
f 1128/2788/20 1149/2789/20 1148/2790/20 1127/2791/20
f 1110/2792/103 1109/2784/103 1147/2787/103 1150/2793/103
f 1128/2788/20 1129/2794/20 1151/2795/20 1149/2789/20
f 1110/2792/103 1150/2793/103 1152/2796/103 1111/2797/103
f 1129/2794/20 1130/2798/20 1153/2799/20 1151/2795/20
f 1112/2800/103 1111/2797/103 1152/2796/103 1154/2801/103
f 1131/2802/20 1155/2803/20 1153/2799/20 1130/2798/20
f 1113/2804/103 1112/2800/103 1154/2801/103 1156/2805/103
f 1132/2806/20 1157/2807/20 1155/2803/20 1131/2802/20
f 1113/2804/103 1156/2805/103 1158/2808/103 1114/2809/103
f 1132/2806/20 1133/2810/20 1159/2811/20 1157/2807/20
f 1115/2812/103 1114/2809/103 1158/2808/103 1160/2813/103
f 1134/2814/20 1161/2815/20 1159/2811/20 1133/2810/20
f 1116/2816/103 1115/2812/103 1160/2813/103 1162/2817/103
f 1135/2818/20 1163/2819/20 1161/2815/20 1134/2814/20
f 1116/2816/103 1162/2817/103 1164/2820/103 1117/2821/103
f 1135/2818/20 1136/2822/20 1165/2823/20 1163/2819/20
f 1164/2820/103 1166/2240/103 1118/2239/103 1117/2821/103
f 1136/2822/20 1137/2824/20 1167/2825/20 1165/2823/20
f 1138/2826/20 1168/2827/20 1167/2825/20 1137/2824/20
f 1119/2238/103 1166/2240/103 1169/2828/103 1120/2829/103
f 1138/2826/20 1139/2830/20 1170/2831/20 1168/2827/20
f 1120/2829/103 1169/2828/103 1171/2832/103 1121/2833/103
f 1140/1240/20 1172/1239/20 1170/2831/20 1139/2830/20
f 1122/2834/103 1121/2833/103 1171/2832/103 1173/2835/103
f 1122/2834/103 1173/2835/103 1174/2836/103 1123/2837/103
f 1175/2838/20 1172/1239/20 1141/1238/20 1142/2839/20
f 1123/2837/103 1174/2836/103 1176/2840/103 1124/2841/103
f 1142/2839/20 1143/2842/20 1177/2843/20 1175/2838/20
f 1125/2844/103 1124/2841/103 1176/2840/103 1178/2845/103
f 1144/2846/20 1179/2847/20 1177/2843/20 1143/2842/20
f 1125/2844/103 1178/2845/103 1180/2848/103 1126/2849/103
f 1145/2850/20 1181/2851/20 1179/2847/20 1144/2846/20
f 1126/2849/103 1180/2848/103 1146/2786/103 1108/2785/103
f 1145/2850/20 1127/2791/20 1148/2790/20 1181/2851/20
f 1192/1249/894 1197/2243/1601 1195/1256/900 1191/1250/895
f 1187/1243/889 1183/1245/891 1184/1241/887
f 1186/1242/888 1192/1249/894 1187/1243/889
f 1193/1254/899 1199/1260/902 1198/1262/904 1196/1257/901
f 1198/1262/904 1197/2243/1601 1196/1257/901
f 1204/1270/911 1208/1271/912 1201/1263/905 1202/1264/906
f 1205/1268/909 1204/1270/911 1202/1264/906 1199/1260/902
f 1203/1267/908 1206/1274/915 1205/1268/909 1199/1260/902
f 1208/1278/912 1213/1277/917 1210/1275/916 1207/1266/907
f 1214/2852/918 1217/1285/924 1213/1277/917 1211/2245/914
f 1216/1282/921 1220/1286/925 1219/1284/923 1215/1280/919
f 1219/1284/923 1225/1292/929 1224/1288/927 1218/1283/922
f 1227/1293/930 1237/1300/936 1236/2853/1781 1235/2248/1602
f 1236/2854/1781 1237/2855/936 1239/1306/940 1235/2250/1602
f 1233/1302/938 1239/1304/940 1228/1299/935
f 1239/1306/940 1243/1311/945 1245/1312/946 1240/1307/942
f 1252/2255/1606 1251/2254/1605 1249/2253/1604 1247/1314/948
f 1249/2253/1604 1248/1315/949 1245/1312/946
f 1246/2252/947 1250/2256/950 1252/2255/1606 1247/1314/948
f 1270/2260/1608 1278/1343/973 1275/1345/974 1269/2856/967
f 1260/1327/959 1256/1320/954 1258/1319/953
f 1262/1328/960 1265/1334/965 1264/1329/961
f 1271/1340/970 1277/1342/972 1276/1346/975 1270/2260/1608
f 1287/1351/980 1289/2857/986 1283/1347/976 1281/1349/978
f 1280/1348/977 1276/1346/975 1277/1342/972
f 1282/1352/981 1284/1350/979 1280/1348/977
f 1286/1353/982 1293/1363/989 1292/1362/988 1285/1354/983
f 1294/1365/991 1293/1363/989 1300/1369/995 1299/1370/996
f 1305/1373/997 1302/2858/1782 1296/1368/994 1297/1374/990
f 1300/1369/995 1296/1368/994 1302/2858/1782 1301/2261/1609
f 1301/2261/1609 1302/2858/1782 1305/1373/997 1304/2262/1610
f 1305/1373/997 1307/1382/1005 1306/1378/1001 1304/2262/1610
f 1308/2263/1000 1309/1381/1004 1307/1382/1005 1305/1373/997
f 1316/1385/1008 1318/1384/1007 1317/1386/1009 1315/2265/1611
f 1324/1395/1017 1331/1399/1021 1327/1397/1019 1322/1390/1013
f 1313/2859/1006 1314/1388/1011 1319/1387/1010
f 1329/1405/1026 1328/1398/1020 1324/1395/1017 1323/1392/1014
f 1333/1404/1025 1332/1401/1023 1328/1398/1020 1329/1405/1026
f 1331/1399/1021 1335/1402/1024 1334/1407/1028 1330/1400/1022
f 1337/2270/1030 1338/1410/1031 1333/1404/1025 1334/2269/1028
f 1336/1408/1029 1339/1411/1032 1340/1412/1033 1335/1402/1024
f 1366/1443/1058 1365/1445/1060 1364/1438/1055 1363/1437/1054
f 1346/1423/1043 1341/1406/1027 1340/1412/1033
f 1369/2860/1059 1370/1448/1063 1367/1441/1056 1365/2276/1060
f 1368/1446/1061 1361/1436/1053 1362/1442/1057
f 1371/1450/1062 1372/1449/1064 1370/1448/1063 1369/2860/1059
f 1373/1452/1066 1377/1454/1068 1371/1447/1062 1368/1446/1061
f 1372/1449/1064 1374/1451/1065 1376/1458/1070 1368/1446/1061
f 1376/1458/1070 1379/1462/1074 1375/1453/1067 1373/1452/1066
f 1381/2277/1076 1385/2861/1078 1375/1453/1067 1379/1462/1074
f 1385/1466/1078 1384/2278/1612 1378/1456/1069 1375/1455/1067
f 1387/1463/1075 1386/1468/1080 1383/1461/1073 1380/1460/1072
f 1383/1461/1073 1386/1468/1080 1389/2862/1077 1381/2277/1076
f 1384/2278/1612 1388/1474/1086 1391/1469/1081 1382/1459/1071
f 1389/1465/1077 1388/1474/1086 1384/2278/1612 1385/1466/1078
f 1390/1470/1082 1391/1469/1081 1397/1473/1085 1396/2281/1614
f 1436/2549/1724 1438/2726/1724 1439/1478/448 1437/1477/447
f 1440/1479/449 1441/2282/1572 1443/2863/1725 1442/2864/1725
f 1443/2863/1725 1445/2865/1726 1444/2866/1726 1442/2864/1725
f 1444/2866/1726 1445/2865/1726 1447/2867/1727 1446/2868/1728
f 1446/2868/1728 1447/2867/1727 1449/2869/1729 1448/2870/1783
f 1449/2869/1729 1451/2871/1730 1450/2872/1731 1448/2870/1783
f 1450/2872/1731 1451/2871/1730 1453/2873/1732 1452/2874/1784
f 1452/2874/1784 1453/2873/1732 1455/2875/1734 1454/2876/1735
f 1454/2876/1735 1455/2875/1734 1457/2283/1573 1456/1480/450
f 1460/2284/1574 1462/1484/454 1461/1483/453 1459/1482/452
f 1463/1485/455 1462/1484/454 1465/2877/1736 1464/2878/1737
f 1464/2878/1737 1465/2877/1736 1467/2879/1739 1466/2880/1739
f 1466/2880/1739 1467/2879/1739 1469/2881/1740 1468/2882/1741
f 1468/2571/1741 1469/2748/1740 1471/2751/1742 1470/2572/1742
f 1471/2751/1742 1438/2726/1724 1436/2549/1724 1470/2572/1742
f 1418/1486/456 1417/2883/1743 1398/2884/1743 1399/1487/457
f 1420/2885/1744 1419/2285/1600 1400/1488/458 1401/2886/1744
f 1420/2885/1744 1401/2886/1744 1402/2887/1745 1421/2888/1745
f 1422/2889/1746 1421/2888/1745 1402/2887/1745 1403/2890/1747
f 1423/2891/1748 1422/2889/1746 1403/2890/1747 1404/2892/1748
f 1423/2891/1748 1404/2892/1748 1405/2893/1749 1424/2894/1749
f 1425/2895/1750 1424/2894/1749 1405/2893/1749 1406/2896/1785
f 1426/2897/1752 1425/2895/1750 1406/2896/1785 1407/2898/1752
f 1426/2897/1752 1407/2898/1752 1408/2899/1753 1427/2900/1753
f 1427/2900/1753 1408/2899/1753 1409/1490/460 1428/1489/459
f 1429/2286/1576 1410/1491/461 1411/2901/1754 1430/2902/1754
f 1430/2902/1754 1411/2901/1754 1412/2903/1755 1431/2904/1755
f 1432/2905/1756 1431/2904/1755 1412/2903/1755 1413/2906/1757
f 1433/2907/1758 1432/2905/1756 1413/2906/1757 1414/2908/1759
f 1434/2909/1760 1433/2907/1758 1414/2908/1759 1415/2910/1761
f 1435/2911/1762 1434/2909/1760 1415/2910/1761 1416/2749/1762
f 1435/2605/1762 1416/2912/1762 1398/2884/1743 1417/2883/1743
f 1399/2913/103 1398/2914/103 1436/2915/103 1437/2916/103
f 1418/2917/20 1439/2918/20 1438/2919/20 1417/2920/20
f 1400/2921/103 1399/2913/103 1437/2916/103 1440/2922/103
f 1418/2917/20 1419/2923/20 1441/2924/20 1439/2918/20
f 1400/2921/103 1440/2922/103 1442/2925/103 1401/2926/103
f 1419/2923/20 1420/2927/20 1443/2928/20 1441/2924/20
f 1402/2929/103 1401/2926/103 1442/2925/103 1444/2930/103
f 1421/2931/20 1445/2932/20 1443/2928/20 1420/2927/20
f 1403/2933/103 1402/2929/103 1444/2930/103 1446/2934/103
f 1422/2935/20 1447/2936/20 1445/2932/20 1421/2931/20
f 1403/2933/103 1446/2934/103 1448/2937/103 1404/2938/103
f 1422/2935/20 1423/2939/20 1449/2940/20 1447/2936/20
f 1405/2941/103 1404/2938/103 1448/2937/103 1450/2942/103
f 1424/2943/20 1451/2944/20 1449/2940/20 1423/2939/20
f 1406/2945/103 1405/2941/103 1450/2942/103 1452/2946/103
f 1425/2947/20 1453/2948/20 1451/2944/20 1424/2943/20
f 1406/2945/103 1452/2946/103 1454/2949/103 1407/2950/103
f 1425/2947/20 1426/2951/20 1455/2952/20 1453/2948/20
f 1454/2949/103 1456/2289/103 1408/2288/103 1407/2950/103
f 1426/2951/20 1427/2953/20 1457/2954/20 1455/2952/20
f 1428/2955/20 1458/2956/20 1457/2954/20 1427/2953/20
f 1409/2287/103 1456/2289/103 1459/2957/103 1410/2958/103
f 1428/2955/20 1429/2959/20 1460/2960/20 1458/2956/20
f 1410/2958/103 1459/2957/103 1461/2961/103 1411/2962/103
f 1430/1494/20 1462/1493/20 1460/2960/20 1429/2959/20
f 1412/2963/103 1411/2962/103 1461/2961/103 1463/2964/103
f 1412/2963/103 1463/2964/103 1464/2965/103 1413/2966/103
f 1465/2967/20 1462/1493/20 1431/1492/20 1432/2968/20
f 1413/2966/103 1464/2965/103 1466/2969/103 1414/2970/103
f 1432/2968/20 1433/2971/20 1467/2972/20 1465/2967/20
f 1415/2973/103 1414/2970/103 1466/2969/103 1468/2974/103
f 1434/2975/20 1469/2976/20 1467/2972/20 1433/2971/20
f 1415/2973/103 1468/2974/103 1470/2977/103 1416/2978/103
f 1435/2979/20 1471/2980/20 1469/2976/20 1434/2975/20
f 1416/2978/103 1470/2977/103 1436/2915/103 1398/2914/103
f 1435/2979/20 1417/2920/20 1438/2919/20 1471/2980/20
f 1480/1499/1091 1478/2981/1615 1473/2982/1786 1474/1498/1090
f 1496/1522/1110 1499/1525/1111 1498/1526/1112 1495/1520/1108
f 1476/1496/1088 1474/1498/1090 1475/1497/1089
f 1478/2981/1615 1472/2983/1087 1473/2982/1786
f 1479/1503/1094 1480/1499/1091 1476/1496/1088
f 1486/2291/1103 1485/1507/1098 1489/1510/1100
f 1489/1510/1100 1485/1507/1098 1484/1508/1099
f 1488/1511/1101 1489/1510/1100 1487/1509/1095
f 1497/1521/1109 1495/1520/1108 1498/1526/1112
f 1522/1553/1134 1528/1555/1136 1524/1556/1137 1521/2294/1616
f 1518/1546/1130 1520/1551/1133 1523/1558/1135
f 1522/1553/1134 1521/2294/1616 1519/1550/1132
f 1523/1558/1135 1521/2294/1616 1524/1556/1137
f 1535/2300/1618 1544/2301/1153 1542/2298/1617 1534/2297/1149
f 1525/1557/1138 1524/1556/1137 1528/1555/1136
f 1536/1573/1151 1541/1574/1152 1540/1576/1154 1535/2300/1618
f 1549/1581/1159 1552/1588/1161 1554/1587/1163 1553/1591/1166
f 1544/2301/1153 1540/1576/1154 1545/1577/1155
f 1544/2301/1153 1545/1577/1155 1547/1584/1158
f 1556/2305/1164 1559/2304/1619 1558/1592/1167 1555/1590/1165
f 1557/1593/1168 1551/1585/1162 1553/1591/1166
f 1563/1596/1171 1564/2984/1620 1562/1594/1169 1557/1593/1168
f 1580/1614/1187 1581/2311/1622 1577/1613/1186 1578/1612/1185
f 1570/1604/1178 1567/2985/1181 1573/1608/1182
f 1575/1609/1183 1571/1603/1177 1572/1602/1176
f 1583/1618/1191 1582/1616/1189 1578/1612/1185 1579/2310/1621
f 1578/1612/1185 1574/2308/1180 1579/2310/1621
f 1591/1625/1196 1593/1631/1202 1592/2986/1199 1586/1623/1193
f 1587/1619/1192 1583/1618/1191 1585/1622/1188
f 1586/1623/1193 1585/1615/1188 1584/1617/1190
f 1606/2315/1623 1608/1646/1213 1607/2987/1214 1604/1636/1206
f 1607/1647/1214 1609/1649/1215 1605/1644/1211 1604/1643/1206
f 1617/1657/1221 1618/1660/1224 1615/2988/1624 1612/1652/1217
f 1614/1656/1220 1612/1652/1217 1611/1651/1216
f 1611/1651/1216 1619/1658/1222 1620/1661/1225 1614/1656/1220
f 1623/1659/1223 1620/1661/1225 1625/1665/1228 1624/2319/1625
f 1630/2321/1230 1631/1669/1232 1629/1671/1234 1626/2989/1231
f 1633/1677/1240 1634/2990/1626 1630/1667/1230 1627/1666/1229
f 1639/1676/1239 1638/1680/1243 1634/2990/1626 1633/1677/1240
f 1638/1681/1243 1637/1674/1237 1631/1669/1232 1634/2322/1626
f 1636/1675/1238 1641/1678/1241 1640/2323/1627 1635/1673/1236
f 1646/2324/1248 1650/1691/1252 1649/1685/1246 1642/1684/1242
f 1644/1683/1245 1645/1686/1247 1649/1685/1246 1648/1689/1250
f 1647/1688/1249 1652/1690/1251 1651/1695/1254 1646/1687/1248
f 1648/1689/1250 1649/1685/1246 1653/1692/1253 1654/1697/1257
f 1653/1692/1253 1655/1701/1260 1659/1702/1261 1654/1697/1257
f 1669/1710/1268 1672/1714/1272 1668/2327/1628 1661/1704/1263
f 1673/1719/1271 1676/1721/1278 1667/1711/1269 1672/2330/1272
f 1675/1717/1275 1671/1715/1273 1679/1723/1279 1678/1718/1276
f 1683/2333/1281 1685/1729/1285 1682/1727/1283 1680/2991/1282
f 1686/1732/1288 1687/2332/1289 1683/1725/1281 1681/1724/1280
f 1691/1730/1286 1685/1729/1285 1690/1734/1290 1689/1738/1294
f 1687/2332/1289 1686/1732/1288 1688/1731/1287
f 1694/1737/1293 1699/1744/1299 1698/1745/1300 1693/1735/1291
f 1700/2992/1296 1703/1749/1304 1696/1743/1298 1697/2334/1297
f 1706/1752/1307 1707/1755/1309 1710/1751/1306 1704/1748/1303
f 1703/1749/1304 1700/2992/1296 1710/1753/1306
f 1705/1750/1305 1709/1754/1308 1708/1760/1313 1702/1747/1302
f 1717/2336/1317 1720/1770/1322 1712/1758/1311 1714/2335/1312
f 1713/1761/1314 1720/1770/1322 1719/1769/1321 1716/1764/1316
f 1730/1779/1329 1733/1778/1328 1732/1787/1336 1729/1786/1335
f 1735/1791/1331 1737/1789/1338 1733/1778/1328 1734/1784/1333
f 1742/1793/1340 1741/1797/1344 1736/1785/1334 1738/1788/1337
f 1740/1794/1341 1739/1790/1339 1745/1799/1346 1744/1800/1347
f 1746/1795/1342 1750/1803/1350 1747/1796/1343 1742/1793/1340
f 1757/1812/1357 1758/2993/1360 1756/1809/1354 1751/1804/1351
f 1753/1806/1352 1761/1814/1358 1759/1818/1362 1755/1810/1355
f 1754/1811/1356 1755/1810/1355 1759/1818/1362 1760/2341/1629
f 1760/2341/1629 1759/1818/1362 1763/1819/1363 1764/2994/1787
f 1762/1820/1359 1765/1817/1361 1758/1816/1360 1757/2995/1357
f 1764/2994/1787 1766/2996/1366 1762/1815/1359 1760/2341/1629
f 1768/1825/1368 1771/1827/1367 1766/2996/1366 1764/2994/1787
f 1763/1819/1363 1769/2344/1631 1768/1825/1368 1764/2994/1787
f 1765/1817/1361 1770/1822/1365 1769/2344/1631 1763/1819/1363
f 1769/2344/1631 1775/1829/1371 1774/2343/1630 1768/1825/1368
f 1779/1832/1374 1781/1836/1376 1782/1838/1378 1778/2345/1632
f 1791/2347/1388 1792/2997/1390 1785/2346/1384 1786/1839/1379
f 1780/1831/1373 1783/1842/1381 1782/1838/1378
f 1796/1848/1387 1795/2349/1633 1791/2347/1388 1788/1844/1383
f 1798/1852/1391 1801/2351/1635 1799/2998/1634 1795/2349/1633
f 1794/1854/1393 1800/1853/1392 1802/1855/1394 1793/1847/1386
f 1799/2350/1634 1804/1860/1399 1800/1853/1392 1797/1850/1389
f 1802/1855/1394 1800/1853/1392 1804/1860/1399 1803/1856/1395
f 1805/1865/1403 1807/1858/1397 1804/1860/1399 1801/2352/1635
f 1806/1857/1396 1808/1862/1401 1801/2351/1635 1802/1855/1394
f 1812/1866/1404 1810/1863/1402 1817/2356/1636 1819/1873/1410
f 1813/1869/1406 1818/1872/1409 1817/2356/1636 1810/1863/1402
f 1816/2355/1407 1820/1878/1414 1815/1871/1408 1814/2354/1405
f 1817/2356/1636 1824/1879/1415 1823/1874/1411 1819/1873/1410
f 1827/2358/1637 1828/1885/1419 1829/1884/1417 1832/1892/1425
f 1832/1892/1425 1831/1889/1423 1830/1891/1420 1826/1880/1416
f 1838/1896/1428 1842/1902/1434 1843/1901/1433 1837/1893/1426
f 1840/1897/1429 1836/1894/1427 1839/1898/1430
f 1851/1912/1442 1859/1918/1446 1856/1919/1447 1853/1913/1443
f 1852/1910/1441 1853/1913/1443 1856/1919/1447 1857/1921/1449
f 1858/2361/1451 1861/1925/1453 1859/1918/1446 1855/2360/1445
f 1866/1927/1455 1867/1934/1460 1864/1924/1452 1857/1921/1449
f 1869/1931/1457 1873/1936/1461 1872/1940/1465 1868/1932/1458
f 1878/2999/1468 1896/3000/1788 1895/2368/1638 1885/1962/1472
f 1886/1966/1484 1897/1965/1483 1896/3000/1788 1878/2999/1468
f 1891/2370/20 1892/3001/20 1901/3002/20 1900/2369/20
f 1892/3001/20 1893/3003/20 1902/3004/20 1901/3002/20
f 1903/3005/20 1902/3004/20 1893/3003/20 1894/3006/20
f 1895/2371/20 1904/1975/20 1903/3005/20 1894/3006/20
f 1918/1978/20 1919/1983/20 1920/1982/20 1917/1979/20
f 1926/2378/20 1927/2380/20 1925/2377/20 1924/2376/20
f 1918/2383/1642 1915/3007/1492 1899/3008/1491 1900/2002/1640
f 1909/1999/1496 1917/1998/1495 1920/2384/1644 1910/2005/1503
f 1911/2007/1486 1922/2006/1504 1925/2385/1647 1912/2012/1485
f 1926/2386/1648 1924/2011/1509 1904/2010/1508 1905/2017/1514
